ЛОТ_ID;Процент_завершения;Базовая_длительность;Базовое_начало;Базовое_окончание;Начало;Окончание;Длительность;Причины_отклонений;Заметки;Уровень_структуры;БЛОК;Ид;Уникальный_идентификатор;Предшественники;Последователи;Дата_ограничения;Название;ЛОТ;ID_проекта;Уровень;Шифр_ПД_и_РД
;17%;0 д;НД;НД;23.03.24;17.05.27;1151 д;;;1;;1;209;;;НД;Есипово 5;;b41a9834-3a94-11ee-8bdc-0050560209df;1;
;0%;0 д;НД;НД;01.11.24;01.11.24;1 д;;;2;;2;210;;1781;НД;ПРОДУКТ;;;2;
;0%;0 д;НД;НД;01.11.24;01.11.24;1 д;;;3;;3;211;;;НД;Этап ГОТОВЫЙ ПРОДУКТ;;;4;
;0%;0 д;НД;НД;01.11.24;01.11.24;1 д;;;4;;4;212;;;НД;Предварительные планировочные решения ,;;;5;
;0%;0 д;НД;НД;01.11.24;01.11.24;1 д;;;4;;5;213;;;НД;Предварительный расчёт нагрузок;;;5;
;0%;0 д;НД;НД;01.11.24;01.11.24;1 д;;;4;;6;214;;;НД;Due diligence. Юридический анализ правового статуса земельного участка (при необходимости);;;5;
;0%;0 д;НД;НД;01.11.24;01.11.24;1 д;;;4;;7;215;;;НД;Эскизный проект , корректировка эскизного проекта;;;5;
;0%;0 д;НД;НД;01.11.24;01.11.24;1 д;;;4;;8;216;;;НД;Структура безопасности объекта и техническое задание на проектирование;;;5;
;0%;0 д;НД;НД;01.11.24;01.11.24;1 д;;;4;;9;217;;;НД;Эскизный проект ( ГП, АР) + таблица КО;;;5;
;0%;0 д;НД;НД;01.11.24;01.11.24;1 д;;;4;;10;218;;;НД;Предварительный расчёт нагрузок (уточнённый);;;5;
;0%;0 д;НД;НД;01.11.24;01.11.24;1 д;;;4;;11;219;;;НД;Входной контроль ЭП и передача в работу на УСР;;;5;
;0%;0 д;НД;НД;01.11.24;01.11.24;1 д;;;4;;12;220;;;НД;Приказ о наименовании объекта;;;5;
;0%;0 д;НД;НД;01.11.24;01.11.24;1 д;;;4;;13;221;;;НД;Технические задания на строения , Техническое задание на общую инфраструктуру;;;5;
;0%;0 д;НД;НД;01.11.24;01.11.24;1 д;;;4;;14;222;;;НД;Укрупнённый сметный расчёт;;;5;
;0%;0 д;НД;НД;01.11.24;01.11.24;1 д;;;4;;15;223;;;НД;График прямых затрат (СМР, ИРД);;;5;
;0%;0 д;НД;НД;01.11.24;01.11.24;1 д;;;4;;16;224;;;НД;Перерасчет графика прямых затрат за 2 месяца до получения Р/С;;;5;
;0%;0 д;НД;НД;01.11.24;01.11.24;1 д;;;4;;17;225;;;НД;Технические описания на помещения (Боксы);;;5;
;0%;0 д;НД;НД;01.11.24;01.11.24;1 д;;;4;;18;226;;;НД;Согласование ГП с УК;;;5;
;0%;0 д;НД;НД;01.11.24;01.11.24;1 д;;;4;;19;227;;;НД;План продаж;;;5;
;0%;0 д;НД;НД;01.11.24;01.11.24;1 д;;;4;;20;228;;;НД;Операционные затраты/расходы (OPEX);;;5;
;0%;0 д;НД;НД;01.11.24;01.11.24;1 д;;;4;;21;229;;;НД;Маркетинговый план;;;5;
;0%;0 д;НД;НД;01.11.24;01.11.24;1 д;;;4;;22;230;;;НД;Рендеры;;;5;
;0%;0 д;НД;НД;01.11.24;01.11.24;1 д;;;4;;23;231;;;НД;Балансовое разграничение внутриплощадочных инженерных сетей;;;5;
;0%;0 д;НД;НД;01.11.24;01.11.24;1 д;;;4;;24;232;;;НД;Таблица-тарифы, налоги;;;5;
;0%;0 д;НД;НД;01.11.24;01.11.24;1 д;;;4;;25;233;;;НД;Ресурсные карты на персонал;;;5;
;0%;0 д;НД;НД;01.11.24;01.11.24;1 д;;;4;;26;234;;;НД;Лист согласования;;;5;
;0%;0 д;НД;НД;01.11.24;01.11.24;1 д;;;4;;27;235;;;НД;Распоряжение;;;5;
;0%;0 д;НД;НД;01.11.24;01.11.24;1 д;;;4;;28;236;;;НД;Рассмотрение и утверждение на инвестиционном комитете;;;5;
;0%;0 д;НД;НД;01.11.24;01.11.24;1 д;;;3;;29;237;;;НД;Этап ИНВЕСТИЦИОННАЯ ФАЗА;;;4;
;0%;0 д;НД;НД;01.11.24;01.11.24;1 д;;;4;;30;238;;;НД;Подготовка сквозного бюджета;;;5;
;0%;0 д;НД;НД;01.11.24;01.11.24;1 д;;;4;;31;239;;574;НД;Финансовая модель для банка;;;5;
;0%;0 д;НД;НД;01.11.24;01.11.24;1 д;;;4;;32;240;;;НД;Согласование финансовой модели на инвестиционном комитете;;;5;
;0%;0 д;НД;НД;01.11.24;01.11.24;1 д;;;4;;33;241;;;НД;"Презентация и обоснование схемы проекта ""Пирог"".";;;5;
;0%;0 д;НД;НД;01.11.24;01.11.24;1 д;;;4;;34;242;;;НД;Утверждение юридической схемы;;;5;
;0%;0 д;НД;НД;01.11.24;01.11.24;1 д;;;4;;35;243;;;НД;Реестр и бюджет инвестиций;;;5;
;0%;0 д;НД;НД;01.11.24;01.11.24;1 д;;;4;;36;244;;;НД;Распоряжение Руководителя Холдинга об утверждении готового продукта, фин.модели, выдача в производство работ;;;5;
;0%;0 д;НД;НД;01.11.24;01.12.24;31 д;;;2;;37;245;;;НД;ФИНАНСЫ;;;2;
;0%;0 д;НД;НД;01.11.24;01.11.24;1 д;;;3;;38;246;;;НД;Этап БЮДЖЕТ ПРОЕКТА;;;4;
;0%;0 д;НД;НД;01.11.24;01.11.24;1 д;;;4;;39;247;;;НД;Формирование бюджета прямых затрат (ИРД, ПРОЕКТ, ЗЕМЛЯ, в т.ч. формирование графика выборки и графика закрытия), предварительный смр;;;5;
;0%;0 д;НД;НД;01.11.24;01.11.24;1 д;;;4;;40;248;;;НД;Утверждение бюджета на инвесткомитете ИРД;;;5;
;0%;0 д;НД;НД;01.11.24;01.11.24;1 д;;;4;;41;249;;;НД;Пересчет бюджета;;;5;
;0%;0 д;НД;НД;01.11.24;01.11.24;1 д;;;4;;42;250;;;НД;Формирование бюджета СМР, ВВОД ( накладных расходов по проекту);;;5;
;0%;0 д;НД;НД;01.11.24;01.11.24;1 д;;;4;;43;251;;;НД;Бюджет по ГУ, Бюджет резервного фонда;;;5;
;0%;0 д;НД;НД;01.11.24;01.11.24;1 д;;;4;;44;252;;;НД;Бюджет УК (прогноз),Бюджет активов (прогноз);;;5;
;0%;0 д;НД;НД;01.11.24;01.11.24;1 д;;;4;;45;253;;;НД;Утверждение бюджета на инвесткомитете СМР;;;5;
;0%;0 д;НД;НД;01.11.24;01.12.24;31 д;;;3;;46;254;;;НД;РАБОТА С БАНКОМ;;;4;
;0%;0 д;НД;НД;01.11.24;01.12.24;31 д;;;4;;47;255;;;НД;Запрос в банках пакета документов и взаимодействие с банками по кредитованию;;;5;
;0%;0 д;НД;НД;01.11.24;01.12.24;31 д;;;4;;48;256;;;НД;Оформление страховки;;;5;
;0%;0 д;НД;НД;01.11.24;01.12.24;31 д;;;4;;49;257;;;НД;Подача заявки на кредитование;;;5;
;0%;0 д;НД;НД;01.11.24;01.12.24;31 д;;;4;;50;258;;;НД;Предоставление информации в банк (анкеты, справки, выписки, расшифровки, фин,модель и т.д.);;;5;
;0%;0 д;НД;НД;01.11.24;01.12.24;31 д;;;4;;51;259;;;НД;Заключение служб банка;;;5;
;0%;0 д;НД;НД;01.11.24;01.12.24;31 д;;;4;;52;260;;;НД;Проведение КК;;;5;
;0%;0 д;НД;НД;01.11.24;01.12.24;31 д;;;4;;53;261;;;НД;Выписка из Решения;;;5;
;0%;0 д;НД;НД;01.11.24;01.12.24;31 д;;;4;;54;262;;;НД;Подписание КОД и ДЗ;;;5;
;0%;0 д;НД;НД;01.11.24;01.12.24;31 д;;;4;;55;263;;"174;1794";НД;Получение денежных средств по кредитной линии;;;5;
;0%;0 д;НД;НД;01.11.24;01.12.24;31 д;;;4;;56;264;;;НД;Оформление залогов;;;5;
;0%;0 д;НД;НД;01.11.24;01.12.24;31 д;;;4;;57;265;;;НД;Выполнение отлагательных условий для доступа к выборке;;;5;
;0%;0 д;НД;НД;01.11.24;01.12.24;31 д;;;4;;58;266;;;НД;Выборка ковенант из КОД и презентация службам Холдинга;;;5;
;28%;0 д;НД;НД;01.11.24;31.10.26;730 д;;;2;;59;321;;;НД;ИРД;;;2;
34e8a866-5751-11f0-a555-005056026d24;0%;0 д;НД;НД;01.11.24;01.11.24;1 д;;;3;;60;322;;;НД;ПОДГОТОВИТЕЛЬНЫЕ РАБОТЫ ИРД;55.10. Подготовительные работы ИРД;;5;
295be680-5751-11f0-a555-005056026d24;0%;0 д;НД;НД;01.11.24;31.10.26;730 д;;;3;;61;323;;;НД;ЗЕМЛЯ;55.1. Земля;;4;
;0%;0 д;НД;НД;01.11.24;01.11.24;1 д;;;4;;62;324;;;НД;Подписание соглашения о сотрудничестве;;;5;
;0%;0 д;НД;НД;01.11.24;01.11.24;1 д;;;4;;63;325;;;НД;Подписание инвестиционного соглашения;;;5;
;0%;0 д;НД;НД;01.11.24;30.11.24;30 д;;;4;;64;326;;;НД;Постановка на кадастровый учет з/у;;;5;
;0%;0 д;НД;НД;01.11.24;30.11.24;30 д;;;4;;65;327;;"180;181;182;183;184;185;186;187;188;189;190;191;192;193;194;195;196;197;198;199";НД;Подписание договора субаренды ЗУ с получением согласия собственника ЗУ;;;5;
;0%;0 д;НД;НД;01.11.24;30.11.24;30 д;;;4;;66;328;;67;НД;Передача земельного участка;;;5;
;0%;0 д;НД;НД;01.12.24;31.12.24;31 д;;;4;;67;329;66;"68;71";НД;Регистрация договора субаренды;;;5;
;0%;0 д;НД;НД;01.01.25;03.10.26;641 д;;;4;;68;330;67;69;НД;Оплата арендных платежей;;;5;
;0%;0 д;НД;НД;04.10.26;31.10.26;28 д;;;4;;69;331;68;;НД;Выкуп земельного участка с получением согласия собственника ЗУ;;;5;
;0%;0 д;НД;НД;01.01.25;31.01.25;31 д;;;3;;70;332;;;НД;ЭТАП. ПОЛУЧЕНИЕ ГПЗУ;;;4;
;0%;0 д;НД;НД;01.01.25;31.01.25;31 д;;;4;;71;333;67;"1786;555;556;557;558;559;560;561";НД;Получение ГПЗУ;;;5;
295be6ef-5751-11f0-a555-005056026d24;0%;0 д;НД;НД;01.11.24;01.12.24;31 д;;;3;;72;334;;;НД;Этап . ТЕХНИЧЕСКИЕ УСЛОВИЯ ЛИМИТЫ ;55.4. Технические условия, лимиты;;4;
;0%;0 д;НД;НД;01.11.24;01.11.24;1 д;;;4;;73;335;;;НД;Расчет нагрузок на каждую сеть;;;5;
;0%;0 д;НД;НД;01.11.24;01.11.24;1 д;;;4;;74;336;;;НД;Опросный лист ( температурный режим, распределение по точкам, давление системы);;;5;
;0%;0 д;НД;НД;01.11.24;01.11.24;1 д;;;4;;75;337;;;НД;Стоимость лимита по электроэнергии _________кВт , газа___м3, хвс м3/сут, хоз.быт ___ м3/сут;;;5;
;0%;0 д;НД;НД;01.11.24;01.11.24;1 д;;;4;;76;338;;;НД;Электроснабжение:;;;4;
;0%;0 д;НД;НД;01.11.24;01.11.24;1 д;;;5;;77;339;;;НД;Получение технических условий на технологическое присоединение____ кВт, НА ПЕРИОД СТРОИТЕЛЬСТВА ____кВт;;;5;
;0%;0 д;НД;НД;01.11.24;01.11.24;1 д;;;5;;78;340;;;НД;Покупка лимитов на технологическое присоединение ______ кВт (включено в инвест.соглашение);;;5;
;0%;0 д;НД;НД;01.11.24;01.11.24;1 д;;;5;;79;341;;;НД;Покупка лимитов на технологическое присоединение;;;5;
;0%;0 д;НД;НД;01.11.24;01.11.24;1 д;;;4;;80;342;;;НД;Газоснабжение:;;;4;
;0%;0 д;НД;НД;01.11.24;01.11.24;1 д;;;5;;81;343;;;НД;Получение технических условий на технологическое присоединение __ м3/час;;;5;
;0%;0 д;НД;НД;01.11.24;01.11.24;1 д;;;5;;82;344;;;НД;Покупка дополнительных лимитов на технологическое присоединение;;;5;
;0%;0 д;НД;НД;01.11.24;01.11.24;1 д;;;4;;83;345;;;НД;Водоснабжение:;;;4;
;0%;0 д;НД;НД;01.11.24;01.11.24;1 д;;;5;;84;346;;;НД;Получение технических условий на технологическое присоединение ___ м3/сутки, НА ПЕРИОД СТРОИТЕЛЬСТВА ____ м3/сут;;;5;
;0%;0 д;НД;НД;01.11.24;01.11.24;1 д;;;5;;85;347;;;НД;Покупка лимитов на технологическое присоединение;;;5;
;0%;0 д;НД;НД;01.11.24;01.11.24;1 д;;;4;;86;348;;;НД;Водоотведение ливневых стоков;;;4;
;0%;0 д;НД;НД;01.11.24;01.11.24;1 д;;;5;;87;349;;;НД;Получение технических условий на технологическое присоединение;;;5;
;0%;0 д;НД;НД;01.11.24;01.11.24;1 д;;;5;;88;350;;;НД;Покупка лимитов на технологическое присоединение;;;5;
;0%;0 д;НД;НД;01.11.24;01.11.24;1 д;;;4;;89;351;;;НД;Водоотведение хоз.-бытовых стоков;;;4;
;0%;0 д;НД;НД;01.11.24;01.11.24;1 д;;;5;;90;352;;;НД;Получение технических условий на технологическое присоединение ____ м3/сутки, НА ПЕРИОД СТРОИТЕЛЬСТВА ___ м3/сут;;;5;
;0%;0 д;НД;НД;01.11.24;01.11.24;1 д;;;5;;91;353;;;НД;Покупка лимитов на технологическое присоединение;;;5;
;0%;0 д;НД;НД;01.11.24;01.11.24;1 д;;;4;;92;354;;;НД;Сети передачи данных и телефонизация:;;;4;
;0%;0 д;НД;НД;01.11.24;01.11.24;1 д;;;5;;93;355;;;НД;"Технические условия на присоединение к сетям передачи данных АО ""Мастертел"" и телефонизацию объекта нового строительства";;;5;
;0%;0 д;НД;НД;01.11.24;01.12.24;31 д;;;4;;94;356;;;НД;Примыкания к УДС:;;;4;
;0%;0 д;НД;НД;01.11.24;01.11.24;1 д;;;5;;95;357;;;НД;ТЕХНИЧЕСКИЕ УСЛОВИЯ АО КРМО на присоединение объекта к автомобильной дороге МЕСТНОГО значения;;;5;
;0%;0 д;НД;НД;01.11.24;01.12.24;31 д;;;5;;96;358;;;НД;СОГЛАСИЕ, СОДЕРЖАЩЕЕ ТЕХНИЧЕСКИЕ ТРЕБОВАНИЯ И УСЛОВИЯ ГБУ МО «Мосавтодор» на присоединение объекта к автомобильной дороге ___________;;;5;
;0%;0 д;НД;НД;01.11.24;01.12.24;31 д;;;5;;97;359;;;НД;СОГЛАСИЕ, СОДЕРЖАЩЕЕ ТЕХНИЧЕСКИЕ ТРЕБОВАНИЯ И УСЛОВИЯ ГБУ МО «Мосавтодор» на строительство (размещение) производственно-складского комплекса у автомобильной дороги __________;;;5;
;0%;0 д;НД;НД;01.11.24;01.11.24;1 д;;;5;;98;360;;;НД;СОГЛАСИЕ, СОДЕРЖАЩЕЕ ТЕХНИЧЕСКИЕ ТРЕБОВАНИЯ И УСЛОВИЯ ГБУ МО «Мосавтодор» - Согласование устройства инженерных коммуникаций (водоснабжение, сети связи, электроснабжение);;;5;
295be714-5751-11f0-a555-005056026d24;78%;0 д;НД;НД;01.11.24;03.04.26;519 д;;;3;;99;361;;;НД;ИНЖЕНЕРНЫЕ ИЗЫСКАНИЯ;55.5. Инженерные изыскания;;4;
;0%;0 д;НД;НД;01.11.24;01.11.24;1 д;;;4;;100;362;;;НД;Подеревныцй план, перечетная ведомость ( при необходиомтси);;;5;
;0%;0 д;НД;НД;01.11.24;01.11.24;1 д;;;4;;101;363;;;НД;Получение разрешения на вырубку зеленых насаждений (при необходимости);;;5;
;0%;0 д;НД;НД;01.11.24;01.11.24;1 д;;;4;;102;364;;;НД;Вырубка и утилизация насаждений (при необходимости);;;5;
;0%;0 д;НД;НД;01.11.24;01.11.24;1 д;;;4;;103;365;;;НД;Компенсационый платеж;;;5;
;0%;0 д;НД;НД;01.11.24;01.11.24;1 д;;;4;;104;366;;;НД;Разработка и Утверждение Технического задания инженерно-геодезические изыскания;;;5;
;0%;0 д;НД;НД;01.11.24;01.11.24;1 д;;;4;;105;367;;;НД;Инженерно-геодезические изыскания;;;5;
;0%;0 д;НД;НД;01.11.24;01.11.24;1 д;;;4;;106;368;;;НД;Согласование топографической съёмки: МОЭСК, Мосавтодор, КМО, Мособлгаз;;;5;
;0%;0 д;НД;НД;01.11.24;01.11.24;1 д;;;4;;107;369;;;НД;Разработка и Утверждение Технического задания инженерно-геологические изыскания;;;5;
;0%;0 д;НД;НД;01.11.24;01.11.24;1 д;;;4;;108;370;;;НД;Предварительные инженерно-геологические изыскания;;;5;
;0%;0 д;НД;НД;01.11.24;01.11.24;1 д;;;4;;109;371;;;НД;Инженерно-геологические изыскания;;;5;
;0%;0 д;НД;НД;01.11.24;01.11.24;1 д;;;4;;110;372;;;НД;Разработка и Утверждение Технического задания инженерно-экологические изыскания;;;5;
;0%;0 д;НД;НД;01.11.24;01.11.24;1 д;;;4;;111;373;;;НД;Инженерно-экологические изыскания;;;5;
;0%;0 д;НД;НД;01.11.24;01.11.24;1 д;;;4;;112;374;;;НД;Разработка и Утверждение Технического задания гидрогеологические изыскания;;;5;
;0%;0 д;НД;НД;01.11.24;01.11.24;1 д;;;4;;113;375;;;НД;Инженерно-гидрогеологические изыскания;;;5;
;80%;0 д;НД;НД;01.02.26;03.04.26;62 д;;;4;;114;3028;;;НД;Повторная геология с учетом экспертизы;;;4;
;80%;0 д;НД;НД;01.02.26;03.04.26;62 д;;;5;;115;3029;;"571ОН-7 д;845ОН+14 д;1026ОН+14 д;1224ОН+14 д;944ОН+14 д;1125ОН+14 д;1325ОН+14 д;1425ОН+14 д;1523ОН+14 д";01.02.26;Повторная геология с учетом экспертизы блок А;;;5;
;80%;0 д;НД;НД;01.02.26;03.04.26;62 д;;;5;;116;3030;;571ОН-7 д;01.02.26;Повторная геология с учетом экспертизы блок Асц;;;5;
;80%;0 д;НД;НД;01.02.26;03.04.26;62 д;;;5;;117;3031;;571ОН-7 д;01.02.26;Повторная геология с учетом экспертизы блок В;;;5;
;80%;0 д;НД;НД;01.02.26;03.04.26;62 д;;;5;;118;3032;;571ОН-7 д;01.02.26;Повторная геология с учетом экспертизы блок С;;;5;
;80%;0 д;НД;НД;01.02.26;03.04.26;62 д;;;5;;119;3033;;571ОН-7 д;01.02.26;Повторная геология с учетом экспертизы блок D;;;5;
;80%;0 д;НД;НД;01.02.26;03.04.26;62 д;;;5;;120;3034;;571ОН-7 д;01.02.26;Повторная геология с учетом экспертизы блок E;;;5;
;80%;0 д;НД;НД;01.02.26;03.04.26;62 д;;;5;;121;3035;;571ОН-7 д;01.02.26;Повторная геология с учетом экспертизы блок F;;;5;
;80%;0 д;НД;НД;01.02.26;03.04.26;62 д;;;5;;122;3036;;571ОН-7 д;01.02.26;Повторная геология с учетом экспертизы блок G;;;5;
295be6a5-5751-11f0-a555-005056026d24;0%;0 д;НД;НД;01.11.24;01.11.24;1 д;;;3;;123;376;;;НД;СПРАВКИ/ЗАКЛЮЧЕНИЯ;55.2. Справки, заключения;;4;
;0%;0 д;НД;НД;01.11.24;01.11.24;1 д;;;4;;124;377;;;НД;Заключение об отсутствии полезных ископаемых;;;5;
;0%;0 д;НД;НД;01.11.24;01.11.24;1 д;;;4;;125;378;;;НД;Мосводоканал письмо ЗСО;;;5;
;0%;0 д;НД;НД;01.11.24;01.11.24;1 д;;;4;;126;379;;;НД;Справка о краткой климатической хар-ке;;;5;
;0%;0 д;НД;НД;01.11.24;01.11.24;1 д;;;4;;127;380;;;НД;Справка о фоновых концентрациях загр.веществ;;;5;
;0%;0 д;НД;НД;01.11.24;01.11.24;1 д;;;4;;128;381;;;НД;Справка об отсутствии сведений о местах обитания (произрастания) видов растений и животных, занесенных в Красную книгу Московской области;;;5;
;0%;0 д;НД;НД;01.11.24;01.11.24;1 д;;;4;;129;382;;;НД;Справка об отсутствии в границах земельного участка особо охраняемых природных территорий регионального значения и их охранных зон в соответствии со Схемой развития и размещения особо охраняемых природных территорий в Московской области;;;5;
;0%;0 д;НД;НД;01.11.24;01.11.24;1 д;;;4;;130;383;;;НД;Согласование размещения объекта в непосредственной близости от подземных  источников питьевого водоснабжения (Зона санитарной охраны источников водоснабжения и водопроводов питьевого назначения III пояс);;;5;
;0%;0 д;НД;НД;01.11.24;01.11.24;1 д;;;4;;131;384;;;НД;Согласование размещения объекта на территории Государственного Лесного реестра ;;;5;
;0%;0 д;НД;НД;01.11.24;01.11.24;1 д;;;4;;132;385;;;НД;Получение РАЗРЕШЕНИЯ на перемещение отходов строительства, сноса зданий и сооружений, в том числе грунтов;;;5;
295be6ca-5751-11f0-a555-005056026d24;0%;0 д;НД;НД;01.11.24;01.11.24;1 д;;;3;;133;386;;;НД;СОГЛАСОВАНИЯ;55.3. Согласования;;4;
;0%;0 д;НД;НД;01.11.24;01.11.24;1 д;;;4;;134;387;;;НД;Этап . АРХИТЕКТУРНО-ГРАДОСТРОИТЕЛЬНЫЙ ОБЛИК (АГО);;;4;
;0%;0 д;НД;НД;01.11.24;01.11.24;1 д;;;5;;135;388;;;НД;"Предоставление Раздел 2 ""Схема планировочной организации земельного участка"" ,Раздел 3 ""Архитектурные решения""";;;5;
;0%;0 д;НД;НД;01.11.24;01.11.24;1 д;;;5;;136;389;;;НД;Подготовка материалов для согласвания в Мособлархитектуре;;;5;
;0%;0 д;НД;НД;01.11.24;01.11.24;1 д;;;5;;137;390;;;НД;Получение свидетельства об утверждении АГО, либо Решение об отсутствии необходимости разработки АГО;;;5;
;0%;0 д;НД;НД;01.11.24;01.11.24;1 д;;;4;;138;391;;;НД;Этап . АЭРОПОРТЫ;;;4;
;0%;0 д;НД;НД;01.11.24;01.11.24;1 д;;;5;;139;392;;;НД;Приаэродромная территория ;;;5;
;0%;0 д;НД;НД;01.11.24;01.11.24;1 д;;;5;;140;393;;;НД;Оценка влияния Объекта на работу радиотехических средств и навигации аэродрома;;;5;
;0%;0 д;НД;НД;01.11.24;01.11.24;1 д;;;5;;141;394;;;НД;Предоставление исходных данных: Высота объекта относительно уровня земли, Абсолютная / относительная отметка наивысшей точки объекта, Абсолютная высота поверхности земли в месте планируемого размещения объекта, координаты объекта в системе координат ПЗ-90;;;5;
;0%;0 д;НД;НД;01.11.24;01.11.24;1 д;;;5;;142;395;;;НД;Подготовка протоколов по оценке влияния источников неблагоприятного воздействия оборудования аэродромов и полетов воздушных судов Московского узлового диспетчерского района по фактору авиационный шум;;;5;
;0%;0 д;НД;НД;01.11.24;01.11.24;1 д;;;5;;143;396;;;НД;Экспертное заключение во ФБУЗ «Центр гигиены и эпидемиологии по Московской области»;;;5;
;0%;0 д;НД;НД;01.11.24;01.11.24;1 д;;;5;;144;397;;;НД;Санитарно-эпидемиологическое заключение ТУ Роспотребнадзора по Московской области;;;5;
;0%;0 д;НД;НД;01.11.24;01.11.24;1 д;;;5;;145;398;;;НД;Согласование с аэропортом МТУ ФАВТ;;;5;
;0%;0 д;НД;НД;01.11.24;01.11.24;1 д;;;4;;146;399;;;НД;Этап . Заключение Главного управления культурного наследия Московской области;;;4;
;0%;0 д;НД;НД;01.11.24;01.11.24;1 д;;;5;;147;400;;;НД;Заключение Главного управления культурного наследия Московской области о необходимости/отсутствии необходимости проведении экспертизы;;;5;
;0%;0 д;НД;НД;01.11.24;01.11.24;1 д;;;5;;148;401;;;НД;Разведка, государственная историко-культурная экспертиза земельных участков;;;5;
;0%;0 д;НД;НД;01.11.24;01.11.24;1 д;;;5;;149;402;;;НД;Акт государственной историко-культурной экспертизы;;;5;
;0%;0 д;НД;НД;01.11.24;01.11.24;1 д;;;5;;150;403;;;НД;Заключение Главного управления культурного наследия Московской области;;;5;
;0%;0 д;НД;НД;01.11.24;01.11.24;1 д;;;4;;151;404;;;НД;Этап .  САНИТАРНО-ЗАЩИТНАЯ ЗОНА;;;4;
;0%;0 д;НД;НД;01.11.24;01.11.24;1 д;;;5;;152;405;;;НД;"Предоставление Раздел 2 ""Схема планировочной организации земельного участка"" ,Раздел 3 ""Архитектурные решения ""Раздел 5 ""Сведения об инженерном оборудовании, о сетях инженерно-технического обеспечения, перечень инженерно-технических мероприятий, содержани";;;5;
;0%;0 д;НД;НД;01.11.24;01.11.24;1 д;;;5;;153;406;;;НД;Разработка проекта санитарно-защитной зоны;;;5;
;0%;0 д;НД;НД;01.11.24;01.11.24;1 д;;;5;;154;407;;;НД;Согласование Проекта санитарно-защитной зоны (СЗЗ) в ФБУЗ ЦГиЭ МО;;;5;
;0%;0 д;НД;НД;01.11.24;01.11.24;1 д;;;5;;155;408;;;НД;Оплата согласования проекта СЗЗ (офиц. платеж);;;5;
;0%;0 д;НД;НД;01.11.24;01.11.24;1 д;;;5;;156;409;;;НД;Согласование Проекта санитарно-защитной зоны (СЗЗ) в Управлении Роспотребнадзора МО;;;5;
2fbf3769-5751-11f0-a555-005056026d24;73%;0 д;НД;НД;01.11.24;30.06.26;607 д;;;2;;157;410;;;НД;ПРОЕКТНЫЕ РАБОТЫ;55.6. Проектные работы;;2;
;63%;0 д;НД;НД;01.01.25;31.03.25;90 д;;;3;;158;411;;;НД;Этап. ПРОЕКТНАЯ И РАБОЧАЯ ДОКУМЕНТАЦИЯ ПО ГАЗОСНАБЖЕНИЮ;;;4;
;100%;0 д;НД;НД;01.01.25;31.03.25;90 д;;;4;;159;412;186ОН-59 д;1789;НД;Проектная документация ГСН (внеплощадочная сеть) ТП ЧАСТЬ;;;5;ГСН ТП
;80%;0 д;НД;НД;01.01.25;31.03.25;90 д;;;4;;160;413;186ОН-59 д;"599;1789";НД;Проектная документация ГСН (наружная сеть) КОММЕРЧЕСКАЯ ЧАСТЬ и УЗЕЛ УЧЕТА ГАЗА;;;5;ГСН КЧ УУГ
;0%;0 д;НД;НД;01.01.25;31.03.25;90 д;;;4;;161;414;186ОН-59 д;1789;НД;Согласование с ЦА Мособлгаз;;;5;
;0%;0 д;НД;НД;01.01.25;31.03.25;90 д;;;4;;162;415;186ОН-59 д;1789;НД;Согласование проекта МОЭСК, КРМО, Мосавтодор;;;5;
;100%;0 д;НД;НД;01.01.25;31.03.25;90 д;;;4;;163;416;186ОН-59 д;1789;НД;Получение ордера на производства работ;;;5;
;80%;0 д;НД;НД;01.01.25;31.03.25;90 д;;;4;;164;417;186ОН-59 д;"599;1789";НД;"Разработка проектной и рабочей документации ГСВ (котельные), паспорта на 4 котельных, в том числе Раздел 5.6. ""Система газоснабжения"" (ИОС6)";;;5;ГСВ (котельная)
;80%;0 д;НД;НД;01.01.25;31.03.25;90 д;;;4;;165;418;186ОН-59 д;"599;1789";НД;Согласование и экспертиза проекта с Мособлгаз;;;5;
;80%;0 д;НД;НД;01.11.24;02.12.24;32 д;;;3;;166;419;;;НД;Этап. ПРИМЫКАНИЕ К УЛИЧНО-ДОРОЖНОЙ СЕТИ ;;;4;
;100%;0 д;НД;НД;29.11.24;29.11.24;1 д;;;4;;167;420;193ОН-92 д;168;НД;Получение ТУ на примыкание;;;5;
;100%;0 д;НД;НД;30.11.24;30.11.24;1 д;;;4;;168;421;167;169;НД;Получение требований по защите коммуникаций от балансодержателей (МОЭСК, КРМО, СВЯЗЬ, наружное освещение);;;5;
;80%;0 д;НД;НД;01.12.24;01.12.24;1 д;;;4;;169;422;168;"170ОО;171ОО;173ОН-31 д";НД;Проект примыкания к улично-дорожной сети на период строительства и эксплуатации;;;5;
;75%;0 д;НД;НД;01.12.24;01.12.24;1 д;;;4;;170;423;169ОО;;НД;Разработка схемы внутреннего движения с расстановкой дорожных знаков и разметки;;;5;
;75%;0 д;НД;НД;01.12.24;01.12.24;1 д;;;4;;171;424;169ОО;175;НД;Разработка проектных решений по усилению коммуникаций и переносу опор освещения;;;5;
;75%;0 д;НД;НД;01.11.24;01.11.24;1 д;;;4;;172;425;;;НД;Согласование проекта организации дорожного движения Мосавтодор;;;5;
;75%;0 д;НД;НД;01.11.24;01.11.24;1 д;;;4;;173;426;169ОН-31 д;;НД;Согласование проекта МОЭСК, Мособлгаз, КРМО, УК;;;5;
;75%;0 д;НД;НД;02.12.24;02.12.24;1 д;;;4;;174;427;55;177ОН-31 д;НД;Оформление соглашения об установлении сервитута (Договор аренды);;;5;
;75%;0 д;НД;НД;02.12.24;02.12.24;1 д;;;4;;175;428;171;;НД;разработка схем на КПТ;;;5;
;75%;0 д;НД;НД;01.11.24;01.11.24;1 д;;;4;;176;429;;;НД;согласование схем в КРМО и Мосавтодор;;;5;
;75%;0 д;НД;НД;02.11.24;02.11.24;1 д;;;4;;177;430;174ОН-31 д;178;НД;разработка межевых планов;;;5;
;75%;0 д;НД;НД;03.11.24;03.11.24;1 д;;;4;;178;431;177;;НД;заключение соглашения об установлении сервитута с Мосавтодор и КРМО (2 примыкания);;;5;
2fbf3769-5751-11f0-a555-005056026d24;100%;0 д;НД;НД;01.12.24;28.02.25;90 д;;;3;;179;432;;;НД;Этап . Проектная документация;55.6. Проектные работы;;4;
;100%;0 д;НД;НД;01.12.24;28.02.25;90 д;;;4;;180;433;65;"201ОН+426 д;202ОН+426 д;203ОН+426 д;204ОН+426 д;205ОН+426 д;206ОН+426 д;207ОН+426 д;208ОН+426 д;209ОН+426 д;210ОН+426 д;211ОН+426 д;212ОН+426 д;213ОН+426 д;214ОН+426 д;215ОН+426 д;216ОН+426 д;217ОН+426 д;218ОН+426 д;219ОН+426 д";НД;Стоимость выполнения проектных работ стадии П;;;5;
;100%;0 д;НД;НД;01.12.24;28.02.25;90 д;;;4;;181;434;65;1787;НД;ЗАДАНИЕ НА ПРОЕКТИРОВАНИЕ;;;5;ТЗ
;100%;0 д;НД;НД;01.12.24;28.02.25;90 д;;;4;;182;435;65;1787;НД;"Раздел 1 ""Пояснительная записка""";;;5;ПЗ
;100%;0 д;НД;НД;01.12.24;28.02.25;90 д;;;4;;183;436;65;"1787;221ОН-28 д;222ОН-28 д;223ОН-28 д;224ОН-28 д;225ОН-28 д;226ОН-28 д;227ОН-28 д;228ОН-28 д";НД;"Раздел 2 ""Схема планировочной организации земельного участка""";;;5;СПОЗУ
;100%;0 д;НД;НД;01.12.24;28.02.25;90 д;;;4;;184;437;65;1787;НД;"Раздел 3 ""Архитектурные решения""";;;5;АР
;100%;0 д;НД;НД;01.12.24;28.02.25;90 д;;;4;;185;438;65;1787;НД;"Раздел 4 ""Конструктивные и объемно-планировочные решения""";;;5;КР
;100%;0 д;НД;НД;01.12.24;28.02.25;90 д;;;4;;186;439;65;"159ОН-59 д;160ОН-59 д;161ОН-59 д;162ОН-59 д;163ОН-59 д;164ОН-59 д;165ОН-59 д;1787";НД;"Раздел 5 ""Сведения об инженерном оборудовании, о сетях инженерно-технического обеспечения, перечень инженерно-технических мероприятий, содержание технологических решений""";;;5;ИОС
;100%;0 д;НД;НД;01.12.24;28.02.25;90 д;;;4;;187;440;65;"1787;563ОН-59 д;567ОН-59 д;568ОН-59 д";НД;"Раздел 5.1. ""Система электроснабжение"" (внутреннее, в т.ч. молниезащита и заземление, наружное освещение, наружное электроснабжение, ДГУ )";;;5;ЭС
;100%;0 д;НД;НД;01.12.24;28.02.25;90 д;;;4;;188;441;65;1787;НД;"Раздел 5.2. ""Система водоснабжения""";;;5;ВС
;100%;0 д;НД;НД;01.12.24;28.02.25;90 д;;;4;;189;442;65;1787;НД;"Раздел 5.3. ""Система водоотведения""";;;5;ВВ
;100%;0 д;НД;НД;01.12.24;28.02.25;90 д;;;4;;190;443;65;1787;НД;"Раздел 5.4. ""Отопление, вентиляция и кондиционирование воздуха""";;;5;ОВК
;100%;0 д;НД;НД;01.12.24;28.02.25;90 д;;;4;;191;444;65;1787;НД;"Раздел 5.5. ""Сети связи""";;;5;СС
;100%;0 д;НД;НД;01.12.24;28.02.25;90 д;;;4;;192;445;65;1787;НД;"Раздел 5.7. ""Технологические решения""";;;5;ТХ
;100%;0 д;НД;НД;01.12.24;28.02.25;90 д;;;4;;193;446;65;"167ОН-92 д;1787";НД;"Раздел 6. ""Проект организации строительства""";;;5;ПОС
;100%;0 д;НД;НД;01.12.24;28.02.25;90 д;;;4;;194;447;65;1787;НД;"Раздел 8 ""Перечень мероприятий по охране окружающей среды""";;;5;ООС
;100%;0 д;НД;НД;01.12.24;28.02.25;90 д;;;4;;195;448;65;1787;НД;"Раздел 9 ""Мероприятия по обеспечению пожарной безопасности""";;;5;ПБ
;100%;0 д;НД;НД;01.12.24;28.02.25;90 д;;;4;;196;449;65;1787;НД;"Раздел ""Мероприятия по обеспечению доступа инвалидов""";;;5;ОДИ, МОДИ
;100%;0 д;НД;НД;01.12.24;28.02.25;90 д;;;4;;197;450;65;1787;НД;"Раздел ""Мероприятия по обеспечению соблюдения требований энергетической эффективности и требований оснащенности зданий""";;;5;ЭЭ
;100%;0 д;НД;НД;01.12.24;28.02.25;90 д;;;4;;198;451;65;1787;НД;"Проект ""Требования к обеспечению безопасной эксплуатации объекта капитального строительства""";;;5;ТБЭ
;100%;0 д;НД;НД;01.12.24;28.02.25;90 д;;;4;;199;452;65;1787;НД;"Раздел 5.6. ""Система газоснабжения""";;;5;ГС
;0%;0 д;НД;НД;01.05.26;30.06.26;61 д;;;3;;200;453;;;НД;Этап . КОРРЕКТИРОВКА ПРОЕКТНЫХ РАБОТ СТАДИИ П ;;;4;
;0%;0 д;НД;НД;01.05.26;30.06.26;61 д;;;4;;201;454;180ОН+426 д;1788;НД;Стоимость корректировки проектной документации (для внесения изм. в РнС);;;5;
;0%;0 д;НД;НД;01.05.26;30.06.26;61 д;;;4;;202;455;180ОН+426 д;1788;НД;"Раздел 1 ""Пояснительная записка""";;;5;ПЗ
;0%;0 д;НД;НД;01.05.26;30.06.26;61 д;;;4;;203;456;180ОН+426 д;1788;НД;"Раздел 2 ""Схема планировочной организации земельного участка""";;;5;СПОЗУ
;0%;0 д;НД;НД;01.05.26;30.06.26;61 д;;;4;;204;457;180ОН+426 д;1788;НД;"Раздел 3 ""Архитектурные решения""";;;5;АР
;0%;0 д;НД;НД;01.05.26;30.06.26;61 д;;;4;;205;458;180ОН+426 д;1788;НД;"Раздел 4 ""Конструктивные и объемно-планировочные решения""";;;5;КР
;0%;0 д;НД;НД;01.05.26;30.06.26;61 д;;;4;;206;459;180ОН+426 д;1788;НД;"Раздел 5 ""Сведения об инженерном оборудовании, о сетях инженерно-технического обеспечения, перечень инженерно-технических мероприятий, содержание технологических решений""";;;5;ИОС
;0%;0 д;НД;НД;01.05.26;30.06.26;61 д;;;4;;207;460;180ОН+426 д;1788;НД;"Раздел 5.1. ""Система электроснабжение"" (внутреннее, в т.ч. молниезащита и заземление, наружное освещение, наружное электроснабжение, ДГУ )";;;5;ЭС
;0%;0 д;НД;НД;01.05.26;30.06.26;61 д;;;4;;208;461;180ОН+426 д;1788;НД;"Раздел 5.2. ""Система водоснабжения""";;;5;ВС
;0%;0 д;НД;НД;01.05.26;30.06.26;61 д;;;4;;209;462;180ОН+426 д;1788;НД;"Раздел 5.3. ""Система водоотведения""";;;5;ВВ
;0%;0 д;НД;НД;01.05.26;30.06.26;61 д;;;4;;210;463;180ОН+426 д;1788;НД;"Раздел 5.4. ""Отопление, вентиляция и кондиционирование воздуха""";;;5;ОВК
;0%;0 д;НД;НД;01.05.26;30.06.26;61 д;;;4;;211;464;180ОН+426 д;1788;НД;"Раздел 5.5. ""Сети связи""";;;5;СС
;0%;0 д;НД;НД;01.05.26;30.06.26;61 д;;;4;;212;465;180ОН+426 д;1788;НД;"Раздел 5.7. ""Технологические решения""";;;5;ТХ
;0%;0 д;НД;НД;01.05.26;30.06.26;61 д;;;4;;213;466;180ОН+426 д;1788;НД;"Раздел 6. ""Проект организации строительства""";;;5;ПОС
;0%;0 д;НД;НД;01.05.26;30.06.26;61 д;;;4;;214;467;180ОН+426 д;1788;НД;"Раздел 8 ""Перечень мероприятий по охране окружающей среды""";;;5;ООС
;0%;0 д;НД;НД;01.05.26;30.06.26;61 д;;;4;;215;468;180ОН+426 д;1788;НД;"Раздел 9 ""Мероприятия по обеспечению пожарной безопасности""";;;5;ПБ
;0%;0 д;НД;НД;01.05.26;30.06.26;61 д;;;4;;216;469;180ОН+426 д;1788;НД;"Раздел ""Мероприятия по обеспечению доступа инвалидов""";;;5;ОДИ, МОДИ
;0%;0 д;НД;НД;01.05.26;30.06.26;61 д;;;4;;217;470;180ОН+426 д;1788;НД;"Раздел ""Мероприятия по обеспечению соблюдения требований энергетической эффективности и требований оснащенности зданий""";;;5;ЭЭ
;0%;0 д;НД;НД;01.05.26;30.06.26;61 д;;;4;;218;471;180ОН+426 д;1788;НД;"Проект ""Требования к обеспечению безопасной эксплуатации объекта капитального строительства""";;;5;ТБЭ
;0%;0 д;НД;НД;01.05.26;30.06.26;61 д;;;4;;219;472;180ОН+426 д;1788;НД;"Раздел 5.6. ""Система газоснабжения""";;;5;ГС
;100%;0 д;НД;НД;01.02.25;30.04.25;89 д;;;3;;220;473;;;НД;Этап . СОГЛАСОВАНИЕ ДОКУМЕНТАЦИИ;;;4;
;100%;0 д;НД;НД;01.02.25;30.04.25;89 д;;;4;;221;474;183ОН-28 д;"230;231;232";НД;Согласование решения по вертикальной посадке объекта (план земляных масс);;;5;
;100%;0 д;НД;НД;01.02.25;30.04.25;89 д;;;4;;222;475;183ОН-28 д;"230;231;232";НД;Согласование принципиальных решений по генеральному плану.;;;5;
;100%;0 д;НД;НД;01.02.25;30.04.25;89 д;;;4;;223;476;183ОН-28 д;"230;231;232";НД;Согласование принципиальных решений по сводному плану сетей.;;;5;
;100%;0 д;НД;НД;01.02.25;30.04.25;89 д;;;4;;224;477;183ОН-28 д;"230;231;232";НД;Согласование принципиальных решений по транспортной схеме.;;;5;
;100%;0 д;НД;НД;01.02.25;30.04.25;89 д;;;4;;225;478;183ОН-28 д;"230;231;232";НД;Согласование поэтажных планов;;;5;
;100%;0 д;НД;НД;01.02.25;30.04.25;89 д;;;4;;226;479;183ОН-28 д;"230;231;232";НД;Согласование решений по фасадам;;;5;
;100%;0 д;НД;НД;01.02.25;30.04.25;89 д;;;4;;227;480;183ОН-28 д;"230;231;232";НД;"Согласование ""Проект организации строительства"" со службой безопасности, ИС КЛИНИНГ";;;5;
;100%;0 д;НД;НД;01.02.25;30.04.25;89 д;;;4;;228;481;183ОН-28 д;"230;231;232";НД;Согласование ПЗУ, ПОС, ПОДД с КРМО, МОЭСК, Мособлгаз, Мосавтодор;;;5;
;100%;0 д;НД;НД;01.05.25;31.05.25;31 д;;;3;;229;482;;;НД;Этап . ОБЩЕСТРОИТЕЛЬНАЯ ЭКСПЕРТИЗА ПРОЕКТНОЙ ДОКУМЕНТАЦИИ, ПОЛУЧЕНИЕ РАЗРЕШЕНИЯ НА СТРОИТЕЛЬСТВО;;;4;
;100%;0 д;НД;НД;01.05.25;31.05.25;31 д;;;4;;230;483;"221;222;223;224;225;226;227;228";;НД;Общестроительная экспертиза;;;5;
;100%;0 д;НД;НД;01.05.25;31.05.25;31 д;;;4;;231;484;"221;222;223;224;225;226;227;228";1791;НД;Регистрация в ИСОГД проектной документации и заключения экспертизы проектной документации для получения разрешения на строительство;;;5;
2fbf5b46-5751-11f0-a555-005056026d24;100%;0 д;НД;НД;01.05.25;31.05.25;31 д;;;4;;232;485;"221;222;223;224;225;226;227;228";1793;НД;РАЗРЕШЕНИЕ НА СТРОИТЕЛЬСТВО;55.7. Разрешение на строительство;;5;
;0%;0 д;НД;НД;01.11.24;31.12.24;61 д;;;3;;233;486;;;НД;Этап. КОРРЕКТИРОВКА. ОБЩЕСТРОИТЕЛЬНАЯ ЭКСПЕРТИЗА ПРОЕКТНОЙ ДОКУМЕНТАЦИИ, ПОЛУЧЕНИЕ РАЗРЕШЕНИЯ НА СТРОИТЕЛЬСТВО;;;4;
;0%;0 д;НД;НД;01.11.24;31.12.24;61 д;;;4;;234;487;;237ОО;НД;Общестроительная экспертиза;;;5;
;0%;0 д;НД;НД;01.11.24;01.12.24;31 д;;;4;;235;488;;;НД;Корректировка АГО;;;5;
;0%;0 д;НД;НД;01.11.24;01.12.24;31 д;;;4;;236;489;;;НД;Регистрация в ИСОГД проектной документации и заключения экспертизы проектной документации для получения разрешения на строительство;;;5;
;0%;0 д;НД;НД;02.12.24;31.12.24;30 д;;;4;;237;490;234ОО;"1795;1792ОН-31 д";НД;Корректировка разрешения на строительство;;;5;
2fbf3769-5751-11f0-a555-005056026d24;91%;122 д;01.03.25;30.06.25;01.11.24;01.11.24;1 д;;;3;РД;238;4162;;;НД;Этап.Рабочая документация;55.6. Проектные работы;;4;
;91%;0 д;01.03.25;30.06.25;01.11.24;01.11.24;1 д;;;4;;239;4163;;;НД;Блок А;;;3;
;80%;0 д;01.03.25;30.06.25;01.11.24;01.11.24;1 д;;;5;;240;4164;;;НД;Генеральный план;;;5;ГП
;80%;0 д;01.03.25;30.06.25;01.11.24;01.11.24;1 д;;;5;;241;4165;;;НД;Общие архитектурные решения;;;5;АС
;60%;0 д;01.03.25;30.06.25;01.11.24;01.11.24;1 д;;;5;;242;4166;;;НД;Стеновые и кровельные ограждающие конструкции;;;5;АС
;60%;0 д;01.03.25;30.06.25;01.11.24;01.11.24;1 д;;;5;;243;4167;;;НД;Внутренние перегородки из сэндвич-панелей;;;5;АС
;60%;0 д;01.03.25;30.06.25;01.11.24;01.11.24;1 д;;;5;;244;4168;;;НД;Архитектурно-строительные решения пристроек;;;5;АС
;100%;0 д;01.03.25;30.06.25;01.11.24;01.11.24;1 д;;;5;;245;4169;;;НД;Фундаменты;;;5;КЖ
;100%;0 д;01.03.25;30.06.25;01.11.24;01.11.24;1 д;;;5;;246;4170;;;НД;Фундаменты. Изделия;;;5;КЖ.И
;100%;0 д;01.03.25;30.06.25;01.11.24;01.11.24;1 д;;;5;;247;4171;;;НД;Цоколь;;;5;КЖ
;100%;0 д;01.03.25;30.06.25;01.11.24;01.11.24;1 д;;;5;;248;4172;;;НД;Цоколь. Изделия;;;5;КЖ.И
;100%;0 д;01.03.25;30.06.25;01.11.24;01.11.24;1 д;;;5;;249;4173;;;НД;Доки;;;5;КЖ
;100%;0 д;01.03.25;30.06.25;01.11.24;01.11.24;1 д;;;5;;250;4174;;;НД;Доки. Изделия;;;5;КЖ.И
;100%;0 д;01.03.25;30.06.25;01.11.24;01.11.24;1 д;;;5;;251;4175;;;НД;Колонны;;;5;КЖ
;100%;0 д;01.03.25;30.06.25;01.11.24;01.11.24;1 д;;;5;;252;4176;;;НД;Колонны. Изделия;;;5;КЖ.И
;100%;0 д;01.03.25;30.06.25;01.11.24;01.11.24;1 д;;;5;;253;4177;;;НД;Полы;;;5;КЖ
;100%;0 д;01.03.25;30.06.25;01.11.24;01.11.24;1 д;;;5;;254;4178;;;НД;Плиты перекрытий;;;5;КЖ
;100%;0 д;01.03.25;30.06.25;01.11.24;01.11.24;1 д;;;5;;255;4179;;;НД;Покрытие;;;5;КМ
;100%;0 д;01.03.25;30.06.25;01.11.24;01.11.24;1 д;;;5;;256;4180;;;НД;Конструкции АБК;;;5;КМ
;100%;0 д;01.03.25;30.06.25;01.11.24;01.11.24;1 д;;;5;;257;4181;;;НД;Наружный фахверк;;;5;КМ
;100%;0 д;01.03.25;30.06.25;01.11.24;01.11.24;1 д;;;5;;258;4182;;;НД;Внутренний фахверк;;;5;КМ
;100%;0 д;01.03.25;30.06.25;01.11.24;01.11.24;1 д;;;5;;259;4183;;;НД;Наружные лестницы;;;5;КМ
;70%;0 д;01.03.25;30.06.25;01.11.24;01.11.24;1 д;;;5;;260;4184;;;НД;Электроснабжение;;;5;ЭС
;70%;0 д;01.03.25;30.06.25;01.11.24;01.11.24;1 д;;;5;;261;4185;;;НД;Наружные сети водоснабжения и водоотведения;;;5;НВК
;90%;0 д;01.03.25;30.06.25;01.11.24;01.11.24;1 д;;;5;;262;4186;;;НД;Наружные сети связи;;;5;НСС
;80%;0 д;01.03.25;30.06.25;01.11.24;01.11.24;1 д;;;5;;263;4187;;;НД;Освещение и электрооборудование;;;5;ЭОМ
;90%;0 д;01.03.25;30.06.25;01.11.24;01.11.24;1 д;;;5;;264;4188;;;НД;Внутренние системы водоснабжения;;;5;ВК
;90%;0 д;01.03.25;30.06.25;01.11.24;01.11.24;1 д;;;5;;265;4189;;;НД;Отопление Вент Конд;;;5;ОВ
;90%;0 д;01.03.25;30.06.25;01.11.24;01.11.24;1 д;;;5;;266;4190;;;НД;Пожарная сигнализация;;;5;ПС
;90%;0 д;01.03.25;30.06.25;01.11.24;01.11.24;1 д;;;5;;267;4191;;;НД;Автоматизация комплексная;;;5;АК
;90%;0 д;01.03.25;30.06.25;01.11.24;01.11.24;1 д;;;5;;268;4192;;;НД;Автоматическое пожаротушение;;;5;АПТ
;90%;0 д;01.03.25;30.06.25;01.11.24;01.11.24;1 д;;;5;;269;4193;;;НД;Видеонаблюдение, Система контроля удаленного доступа;;;5;ВН,СКУД
;100%;0 д;01.03.25;30.06.25;01.11.24;01.11.24;1 д;;;5;;270;4194;;;НД;Огнезащита металлоконструкций;;;5;ОГН
;100%;0 д;01.03.25;30.06.25;01.11.24;01.11.24;1 д;;;5;;271;4195;;;НД;Насосная станция пожаротушения;;;5;НСП
;100%;0 д;01.03.25;30.06.25;01.11.24;01.11.24;1 д;;;5;;272;4196;;;НД;Конструктивные решения пристроек;;;5;АС
;100%;0 д;01.03.25;30.06.25;01.11.24;01.11.24;1 д;;;5;;273;4197;;;НД;Система видеонаблюдения;;;5;ВН
;91%;0 д;01.03.25;30.06.25;01.11.24;01.11.24;1 д;;;4;;274;4198;;;НД;Блок Асц;;;3;
;80%;0 д;01.03.25;30.06.25;01.11.24;01.11.24;1 д;;;5;;275;4199;;;НД;Генеральный план;;;5;ГП
;80%;0 д;01.03.25;30.06.25;01.11.24;01.11.24;1 д;;;5;;276;4200;;;НД;Общие архитектурные решения;;;5;АС
;60%;0 д;01.03.25;30.06.25;01.11.24;01.11.24;1 д;;;5;;277;4201;;;НД;Стеновые и кровельные ограждающие конструкции;;;5;АС
;60%;0 д;01.03.25;30.06.25;01.11.24;01.11.24;1 д;;;5;;278;4202;;;НД;Внутренние перегородки из сэндвич-панелей;;;5;АС
;60%;0 д;01.03.25;30.06.25;01.11.24;01.11.24;1 д;;;5;;279;4203;;;НД;Архитектурно-строительные решения пристроек;;;5;АС
;100%;0 д;01.03.25;30.06.25;01.11.24;01.11.24;1 д;;;5;;280;4204;;;НД;Фундаменты;;;5;КЖ
;100%;0 д;01.03.25;30.06.25;01.11.24;01.11.24;1 д;;;5;;281;4205;;;НД;Фундаменты. Изделия;;;5;КЖ.И
;100%;0 д;01.03.25;30.06.25;01.11.24;01.11.24;1 д;;;5;;282;4206;;;НД;Цоколь;;;5;КЖ
;100%;0 д;01.03.25;30.06.25;01.11.24;01.11.24;1 д;;;5;;283;4207;;;НД;Цоколь. Изделия;;;5;КЖ.И
;100%;0 д;01.03.25;30.06.25;01.11.24;01.11.24;1 д;;;5;;284;4208;;;НД;Доки;;;5;КЖ
;100%;0 д;01.03.25;30.06.25;01.11.24;01.11.24;1 д;;;5;;285;4209;;;НД;Доки. Изделия;;;5;КЖ.И
;100%;0 д;01.03.25;30.06.25;01.11.24;01.11.24;1 д;;;5;;286;4210;;;НД;Колонны;;;5;КЖ
;100%;0 д;01.03.25;30.06.25;01.11.24;01.11.24;1 д;;;5;;287;4211;;;НД;Колонны. Изделия;;;5;КЖ.И
;100%;0 д;01.03.25;30.06.25;01.11.24;01.11.24;1 д;;;5;;288;4212;;;НД;Полы;;;5;КЖ
;100%;0 д;01.03.25;30.06.25;01.11.24;01.11.24;1 д;;;5;;289;4213;;;НД;Плиты перекрытий;;;5;КЖ
;100%;0 д;01.03.25;30.06.25;01.11.24;01.11.24;1 д;;;5;;290;4214;;;НД;Покрытие;;;5;КМ
;100%;0 д;01.03.25;30.06.25;01.11.24;01.11.24;1 д;;;5;;291;4215;;;НД;Конструкции АБК;;;5;КМ
;100%;0 д;01.03.25;30.06.25;01.11.24;01.11.24;1 д;;;5;;292;4216;;;НД;Наружный фахверк;;;5;КМ
;100%;0 д;01.03.25;30.06.25;01.11.24;01.11.24;1 д;;;5;;293;4217;;;НД;Внутренний фахверк;;;5;КМ
;100%;0 д;01.03.25;30.06.25;01.11.24;01.11.24;1 д;;;5;;294;4218;;;НД;Наружные лестницы;;;5;КМ
;70%;0 д;01.03.25;30.06.25;01.11.24;01.11.24;1 д;;;5;;295;4219;;;НД;Электроснабжение;;;5;ЭС
;70%;0 д;01.03.25;30.06.25;01.11.24;01.11.24;1 д;;;5;;296;4220;;;НД;Наружные сети водоснабжения и водоотведения;;;5;НВК
;90%;0 д;01.03.25;30.06.25;01.11.24;01.11.24;1 д;;;5;;297;4221;;;НД;Наружные сети связи;;;5;НСС
;80%;0 д;01.03.25;30.06.25;01.11.24;01.11.24;1 д;;;5;;298;4222;;;НД;Освещение и электрооборудование;;;5;ЭОМ
;90%;0 д;01.03.25;30.06.25;01.11.24;01.11.24;1 д;;;5;;299;4223;;;НД;Внутренние системы водоснабжения;;;5;ВК
;90%;0 д;01.03.25;30.06.25;01.11.24;01.11.24;1 д;;;5;;300;4224;;;НД;Отопление Вент Конд;;;5;ОВ
;90%;0 д;01.03.25;30.06.25;01.11.24;01.11.24;1 д;;;5;;301;4225;;;НД;Пожарная сигнализация;;;5;ПС
;90%;0 д;01.03.25;30.06.25;01.11.24;01.11.24;1 д;;;5;;302;4226;;;НД;Автоматизация комплексная;;;5;АК
;90%;0 д;01.03.25;30.06.25;01.11.24;01.11.24;1 д;;;5;;303;4227;;;НД;Автоматическое пожаротушение;;;5;АПТ
;90%;0 д;01.03.25;30.06.25;01.11.24;01.11.24;1 д;;;5;;304;4228;;;НД;Видеонаблюдение, Система контроля удаленного доступа;;;5;ВН,СКУД
;100%;0 д;01.03.25;30.06.25;01.11.24;01.11.24;1 д;;;5;;305;4229;;;НД;Огнезащита металлоконструкций;;;5;ОГН
;100%;0 д;01.03.25;30.06.25;01.11.24;01.11.24;1 д;;;5;;306;4230;;;НД;Насосная станция пожаротушения;;;5;НСП
;100%;0 д;01.03.25;30.06.25;01.11.24;01.11.24;1 д;;;5;;307;4231;;;НД;Конструктивные решения пристроек;;;5;АС
;100%;0 д;01.03.25;30.06.25;01.11.24;01.11.24;1 д;;;5;;308;4232;;;НД;Система видеонаблюдения;;;5;ВН
;91%;0 д;01.03.25;30.06.25;01.11.24;01.11.24;1 д;;;4;;309;4233;;;НД;Блок B;;;3;
;80%;0 д;01.03.25;30.06.25;01.11.24;01.11.24;1 д;;;5;;310;4234;;;НД;Генеральный план;;;5;ГП
;80%;0 д;01.03.25;30.06.25;01.11.24;01.11.24;1 д;;;5;;311;4235;;;НД;Общие архитектурные решения;;;5;АС
;60%;0 д;01.03.25;30.06.25;01.11.24;01.11.24;1 д;;;5;;312;4236;;;НД;Стеновые и кровельные ограждающие конструкции;;;5;АС
;60%;0 д;01.03.25;30.06.25;01.11.24;01.11.24;1 д;;;5;;313;4237;;;НД;Внутренние перегородки из сэндвич-панелей;;;5;АС
;60%;0 д;01.03.25;30.06.25;01.11.24;01.11.24;1 д;;;5;;314;4238;;;НД;Архитектурно-строительные решения пристроек;;;5;АС
;100%;0 д;01.03.25;30.06.25;01.11.24;01.11.24;1 д;;;5;;315;4239;;;НД;Фундаменты;;;5;КЖ
;100%;0 д;01.03.25;30.06.25;01.11.24;01.11.24;1 д;;;5;;316;4240;;;НД;Фундаменты. Изделия;;;5;КЖ.И
;100%;0 д;01.03.25;30.06.25;01.11.24;01.11.24;1 д;;;5;;317;4241;;;НД;Цоколь;;;5;КЖ
;100%;0 д;01.03.25;30.06.25;01.11.24;01.11.24;1 д;;;5;;318;4242;;;НД;Цоколь. Изделия;;;5;КЖ.И
;100%;0 д;01.03.25;30.06.25;01.11.24;01.11.24;1 д;;;5;;319;4243;;;НД;Доки;;;5;КЖ
;100%;0 д;01.03.25;30.06.25;01.11.24;01.11.24;1 д;;;5;;320;4244;;;НД;Доки. Изделия;;;5;КЖ.И
;100%;0 д;01.03.25;30.06.25;01.11.24;01.11.24;1 д;;;5;;321;4245;;;НД;Колонны;;;5;КЖ
;100%;0 д;01.03.25;30.06.25;01.11.24;01.11.24;1 д;;;5;;322;4246;;;НД;Колонны. Изделия;;;5;КЖ.И
;100%;0 д;01.03.25;30.06.25;01.11.24;01.11.24;1 д;;;5;;323;4247;;;НД;Полы;;;5;КЖ
;100%;0 д;01.03.25;30.06.25;01.11.24;01.11.24;1 д;;;5;;324;4248;;;НД;Плиты перекрытий;;;5;КЖ
;100%;0 д;01.03.25;30.06.25;01.11.24;01.11.24;1 д;;;5;;325;4249;;;НД;Покрытие;;;5;КМ
;100%;0 д;01.03.25;30.06.25;01.11.24;01.11.24;1 д;;;5;;326;4250;;;НД;Конструкции АБК;;;5;КМ
;100%;0 д;01.03.25;30.06.25;01.11.24;01.11.24;1 д;;;5;;327;4251;;;НД;Наружный фахверк;;;5;КМ
;100%;0 д;01.03.25;30.06.25;01.11.24;01.11.24;1 д;;;5;;328;4252;;;НД;Внутренний фахверк;;;5;КМ
;100%;0 д;01.03.25;30.06.25;01.11.24;01.11.24;1 д;;;5;;329;4253;;;НД;Наружные лестницы;;;5;КМ
;70%;0 д;01.03.25;30.06.25;01.11.24;01.11.24;1 д;;;5;;330;4254;;;НД;Электроснабжение;;;5;ЭС
;70%;0 д;01.03.25;30.06.25;01.11.24;01.11.24;1 д;;;5;;331;4255;;;НД;Наружные сети водоснабжения и водоотведения;;;5;НВК
;90%;0 д;01.03.25;30.06.25;01.11.24;01.11.24;1 д;;;5;;332;4256;;;НД;Наружные сети связи;;;5;НСС
;80%;0 д;01.03.25;30.06.25;01.11.24;01.11.24;1 д;;;5;;333;4257;;;НД;Освещение и электрооборудование;;;5;ЭОМ
;90%;0 д;01.03.25;30.06.25;01.11.24;01.11.24;1 д;;;5;;334;4258;;;НД;Внутренние системы водоснабжения;;;5;ВК
;90%;0 д;01.03.25;30.06.25;01.11.24;01.11.24;1 д;;;5;;335;4259;;;НД;Отопление Вент Конд;;;5;ОВ
;90%;0 д;01.03.25;30.06.25;01.11.24;01.11.24;1 д;;;5;;336;4260;;;НД;Пожарная сигнализация;;;5;ПС
;90%;0 д;01.03.25;30.06.25;01.11.24;01.11.24;1 д;;;5;;337;4261;;;НД;Автоматизация комплексная;;;5;АК
;90%;0 д;01.03.25;30.06.25;01.11.24;01.11.24;1 д;;;5;;338;4262;;;НД;Автоматическое пожаротушение;;;5;АПТ
;90%;0 д;01.03.25;30.06.25;01.11.24;01.11.24;1 д;;;5;;339;4263;;;НД;Видеонаблюдение, Система контроля удаленного доступа;;;5;ВН,СКУД
;100%;0 д;01.03.25;30.06.25;01.11.24;01.11.24;1 д;;;5;;340;4264;;;НД;Огнезащита металлоконструкций;;;5;ОГН
;100%;0 д;01.03.25;30.06.25;01.11.24;01.11.24;1 д;;;5;;341;4265;;;НД;Насосная станция пожаротушения;;;5;НСП
;100%;0 д;01.03.25;30.06.25;01.11.24;01.11.24;1 д;;;5;;342;4266;;;НД;Конструктивные решения пристроек;;;5;АС
;100%;0 д;01.03.25;30.06.25;01.11.24;01.11.24;1 д;;;5;;343;4267;;;НД;Система видеонаблюдения;;;5;ВН
;91%;0 д;01.03.25;30.06.25;01.11.24;01.11.24;1 д;;;4;;344;4268;;;НД;Блок С;;;3;
;80%;0 д;01.03.25;30.06.25;01.11.24;01.11.24;1 д;;;5;;345;4269;;;НД;Генеральный план;;;5;ГП
;80%;0 д;01.03.25;30.06.25;01.11.24;01.11.24;1 д;;;5;;346;4270;;;НД;Общие архитектурные решения;;;5;АС
;60%;0 д;01.03.25;30.06.25;01.11.24;01.11.24;1 д;;;5;;347;4271;;;НД;Стеновые и кровельные ограждающие конструкции;;;5;АС
;60%;0 д;01.03.25;30.06.25;01.11.24;01.11.24;1 д;;;5;;348;4272;;;НД;Внутренние перегородки из сэндвич-панелей;;;5;АС
;60%;0 д;01.03.25;30.06.25;01.11.24;01.11.24;1 д;;;5;;349;4273;;;НД;Архитектурно-строительные решения пристроек;;;5;АС
;100%;0 д;01.03.25;30.06.25;01.11.24;01.11.24;1 д;;;5;;350;4274;;;НД;Фундаменты;;;5;КЖ
;100%;0 д;01.03.25;30.06.25;01.11.24;01.11.24;1 д;;;5;;351;4275;;;НД;Фундаменты. Изделия;;;5;КЖ.И
;100%;0 д;01.03.25;30.06.25;01.11.24;01.11.24;1 д;;;5;;352;4276;;;НД;Цоколь;;;5;КЖ
;100%;0 д;01.03.25;30.06.25;01.11.24;01.11.24;1 д;;;5;;353;4277;;;НД;Цоколь. Изделия;;;5;КЖ.И
;100%;0 д;01.03.25;30.06.25;01.11.24;01.11.24;1 д;;;5;;354;4278;;;НД;Доки;;;5;КЖ
;100%;0 д;01.03.25;30.06.25;01.11.24;01.11.24;1 д;;;5;;355;4279;;;НД;Доки. Изделия;;;5;КЖ.И
;100%;0 д;01.03.25;30.06.25;01.11.24;01.11.24;1 д;;;5;;356;4280;;;НД;Колонны;;;5;КЖ
;100%;0 д;01.03.25;30.06.25;01.11.24;01.11.24;1 д;;;5;;357;4281;;;НД;Колонны. Изделия;;;5;КЖ.И
;100%;0 д;01.03.25;30.06.25;01.11.24;01.11.24;1 д;;;5;;358;4282;;;НД;Полы;;;5;КЖ
;100%;0 д;01.03.25;30.06.25;01.11.24;01.11.24;1 д;;;5;;359;4283;;;НД;Плиты перекрытий;;;5;КЖ
;100%;0 д;01.03.25;30.06.25;01.11.24;01.11.24;1 д;;;5;;360;4284;;;НД;Покрытие;;;5;КМ
;100%;0 д;01.03.25;30.06.25;01.11.24;01.11.24;1 д;;;5;;361;4285;;;НД;Конструкции АБК;;;5;КМ
;100%;0 д;01.03.25;30.06.25;01.11.24;01.11.24;1 д;;;5;;362;4286;;;НД;Наружный фахверк;;;5;КМ
;100%;0 д;01.03.25;30.06.25;01.11.24;01.11.24;1 д;;;5;;363;4287;;;НД;Внутренний фахверк;;;5;КМ
;100%;0 д;01.03.25;30.06.25;01.11.24;01.11.24;1 д;;;5;;364;4288;;;НД;Наружные лестницы;;;5;КМ
;70%;0 д;01.03.25;30.06.25;01.11.24;01.11.24;1 д;;;5;;365;4289;;;НД;Электроснабжение;;;5;ЭС
;70%;0 д;01.03.25;30.06.25;01.11.24;01.11.24;1 д;;;5;;366;4290;;;НД;Наружные сети водоснабжения и водоотведения;;;5;НВК
;90%;0 д;01.03.25;30.06.25;01.11.24;01.11.24;1 д;;;5;;367;4291;;;НД;Наружные сети связи;;;5;НСС
;80%;0 д;01.03.25;30.06.25;01.11.24;01.11.24;1 д;;;5;;368;4292;;;НД;Освещение и электрооборудование;;;5;ЭОМ
;90%;0 д;01.03.25;30.06.25;01.11.24;01.11.24;1 д;;;5;;369;4293;;;НД;Внутренние системы водоснабжения;;;5;ВК
;90%;0 д;01.03.25;30.06.25;01.11.24;01.11.24;1 д;;;5;;370;4294;;;НД;Отопление Вент Конд;;;5;ОВ
;90%;0 д;01.03.25;30.06.25;01.11.24;01.11.24;1 д;;;5;;371;4295;;;НД;Пожарная сигнализация;;;5;ПС
;90%;0 д;01.03.25;30.06.25;01.11.24;01.11.24;1 д;;;5;;372;4296;;;НД;Автоматизация комплексная;;;5;АК
;90%;0 д;01.03.25;30.06.25;01.11.24;01.11.24;1 д;;;5;;373;4297;;;НД;Автоматическое пожаротушение;;;5;АПТ
;90%;0 д;01.03.25;30.06.25;01.11.24;01.11.24;1 д;;;5;;374;4298;;;НД;Видеонаблюдение, Система контроля удаленного доступа;;;5;ВН,СКУД
;100%;0 д;01.03.25;30.06.25;01.11.24;01.11.24;1 д;;;5;;375;4299;;;НД;Огнезащита металлоконструкций;;;5;ОГН
;100%;0 д;01.03.25;30.06.25;01.11.24;01.11.24;1 д;;;5;;376;4300;;;НД;Насосная станция пожаротушения;;;5;НСП
;100%;0 д;01.03.25;30.06.25;01.11.24;01.11.24;1 д;;;5;;377;4301;;;НД;Конструктивные решения пристроек;;;5;АС
;100%;0 д;01.03.25;30.06.25;01.11.24;01.11.24;1 д;;;5;;378;4302;;;НД;Система видеонаблюдения;;;5;ВН
;91%;0 д;01.03.25;30.06.25;01.11.24;01.11.24;1 д;;;4;;379;4305;;;НД;Блок D ;;;3;
;80%;0 д;01.03.25;30.06.25;01.11.24;01.11.24;1 д;;;5;;380;4306;;;НД;Генеральный план;;;5;ГП
;80%;0 д;01.03.25;30.06.25;01.11.24;01.11.24;1 д;;;5;;381;4307;;;НД;Общие архитектурные решения;;;5;АС
;60%;0 д;01.03.25;30.06.25;01.11.24;01.11.24;1 д;;;5;;382;4308;;;НД;Стеновые и кровельные ограждающие конструкции;;;5;АС
;60%;0 д;01.03.25;30.06.25;01.11.24;01.11.24;1 д;;;5;;383;4309;;;НД;Внутренние перегородки из сэндвич-панелей;;;5;АС
;60%;0 д;01.03.25;30.06.25;01.11.24;01.11.24;1 д;;;5;;384;4310;;;НД;Архитектурно-строительные решения пристроек;;;5;АС
;100%;0 д;01.03.25;30.06.25;01.11.24;01.11.24;1 д;;;5;;385;4311;;;НД;Фундаменты;;;5;КЖ
;100%;0 д;01.03.25;30.06.25;01.11.24;01.11.24;1 д;;;5;;386;4312;;;НД;Фундаменты. Изделия;;;5;КЖ.И
;100%;0 д;01.03.25;30.06.25;01.11.24;01.11.24;1 д;;;5;;387;4313;;;НД;Цоколь;;;5;КЖ
;100%;0 д;01.03.25;30.06.25;01.11.24;01.11.24;1 д;;;5;;388;4314;;;НД;Цоколь. Изделия;;;5;КЖ.И
;100%;0 д;01.03.25;30.06.25;01.11.24;01.11.24;1 д;;;5;;389;4315;;;НД;Доки;;;5;КЖ
;100%;0 д;01.03.25;30.06.25;01.11.24;01.11.24;1 д;;;5;;390;4316;;;НД;Доки. Изделия;;;5;КЖ.И
;100%;0 д;01.03.25;30.06.25;01.11.24;01.11.24;1 д;;;5;;391;4317;;;НД;Колонны;;;5;КЖ
;100%;0 д;01.03.25;30.06.25;01.11.24;01.11.24;1 д;;;5;;392;4318;;;НД;Колонны. Изделия;;;5;КЖ.И
;100%;0 д;01.03.25;30.06.25;01.11.24;01.11.24;1 д;;;5;;393;4319;;;НД;Полы;;;5;КЖ
;100%;0 д;01.03.25;30.06.25;01.11.24;01.11.24;1 д;;;5;;394;4320;;;НД;Плиты перекрытий;;;5;КЖ
;100%;0 д;01.03.25;30.06.25;01.11.24;01.11.24;1 д;;;5;;395;4321;;;НД;Покрытие;;;5;КМ
;100%;0 д;01.03.25;30.06.25;01.11.24;01.11.24;1 д;;;5;;396;4322;;;НД;Конструкции АБК;;;5;КМ
;100%;0 д;01.03.25;30.06.25;01.11.24;01.11.24;1 д;;;5;;397;4323;;;НД;Наружный фахверк;;;5;КМ
;100%;0 д;01.03.25;30.06.25;01.11.24;01.11.24;1 д;;;5;;398;4324;;;НД;Внутренний фахверк;;;5;КМ
;100%;0 д;01.03.25;30.06.25;01.11.24;01.11.24;1 д;;;5;;399;4325;;;НД;Наружные лестницы;;;5;КМ
;70%;0 д;01.03.25;30.06.25;01.11.24;01.11.24;1 д;;;5;;400;4326;;;НД;Электроснабжение;;;5;ЭС
;70%;0 д;01.03.25;30.06.25;01.11.24;01.11.24;1 д;;;5;;401;4327;;;НД;Наружные сети водоснабжения и водоотведения;;;5;НВК
;90%;0 д;01.03.25;30.06.25;01.11.24;01.11.24;1 д;;;5;;402;4328;;;НД;Наружные сети связи;;;5;НСС
;80%;0 д;01.03.25;30.06.25;01.11.24;01.11.24;1 д;;;5;;403;4329;;;НД;Освещение и электрооборудование;;;5;ЭОМ
;90%;0 д;01.03.25;30.06.25;01.11.24;01.11.24;1 д;;;5;;404;4330;;;НД;Внутренние системы водоснабжения;;;5;ВК
;90%;0 д;01.03.25;30.06.25;01.11.24;01.11.24;1 д;;;5;;405;4331;;;НД;Отопление Вент Конд;;;5;ОВ
;90%;0 д;01.03.25;30.06.25;01.11.24;01.11.24;1 д;;;5;;406;4332;;;НД;Пожарная сигнализация;;;5;ПС
;90%;0 д;01.03.25;30.06.25;01.11.24;01.11.24;1 д;;;5;;407;4333;;;НД;Автоматизация комплексная;;;5;АК
;90%;0 д;01.03.25;30.06.25;01.11.24;01.11.24;1 д;;;5;;408;4334;;;НД;Автоматическое пожаротушение;;;5;АПТ
;90%;0 д;01.03.25;30.06.25;01.11.24;01.11.24;1 д;;;5;;409;4335;;;НД;Видеонаблюдение, Система контроля удаленного доступа;;;5;ВН,СКУД
;100%;0 д;01.03.25;30.06.25;01.11.24;01.11.24;1 д;;;5;;410;4336;;;НД;Огнезащита металлоконструкций;;;5;ОГН
;100%;0 д;01.03.25;30.06.25;01.11.24;01.11.24;1 д;;;5;;411;4337;;;НД;Насосная станция пожаротушения;;;5;НСП
;100%;0 д;01.03.25;30.06.25;01.11.24;01.11.24;1 д;;;5;;412;4338;;;НД;Конструктивные решения пристроек;;;5;АС
;100%;0 д;01.03.25;30.06.25;01.11.24;01.11.24;1 д;;;5;;413;4339;;;НД;Система видеонаблюдения;;;5;ВН
;91%;0 д;01.03.25;30.06.25;01.11.24;01.11.24;1 д;;;4;;414;4340;;;НД;Блок E;;;3;
;80%;0 д;01.03.25;30.06.25;01.11.24;01.11.24;1 д;;;5;;415;4341;;;НД;Генеральный план;;;5;ГП
;80%;0 д;01.03.25;30.06.25;01.11.24;01.11.24;1 д;;;5;;416;4342;;;НД;Общие архитектурные решения;;;5;АС
;60%;0 д;01.03.25;30.06.25;01.11.24;01.11.24;1 д;;;5;;417;4343;;;НД;Стеновые и кровельные ограждающие конструкции;;;5;АС
;60%;0 д;01.03.25;30.06.25;01.11.24;01.11.24;1 д;;;5;;418;4344;;;НД;Внутренние перегородки из сэндвич-панелей;;;5;АС
;60%;0 д;01.03.25;30.06.25;01.11.24;01.11.24;1 д;;;5;;419;4345;;;НД;Архитектурно-строительные решения пристроек;;;5;АС
;100%;0 д;01.03.25;30.06.25;01.11.24;01.11.24;1 д;;;5;;420;4346;;;НД;Фундаменты;;;5;КЖ
;100%;0 д;01.03.25;30.06.25;01.11.24;01.11.24;1 д;;;5;;421;4347;;;НД;Фундаменты. Изделия;;;5;КЖ.И
;100%;0 д;01.03.25;30.06.25;01.11.24;01.11.24;1 д;;;5;;422;4348;;;НД;Цоколь;;;5;КЖ
;100%;0 д;01.03.25;30.06.25;01.11.24;01.11.24;1 д;;;5;;423;4349;;;НД;Цоколь. Изделия;;;5;КЖ.И
;100%;0 д;01.03.25;30.06.25;01.11.24;01.11.24;1 д;;;5;;424;4350;;;НД;Доки;;;5;КЖ
;100%;0 д;01.03.25;30.06.25;01.11.24;01.11.24;1 д;;;5;;425;4351;;;НД;Доки. Изделия;;;5;КЖ.И
;100%;0 д;01.03.25;30.06.25;01.11.24;01.11.24;1 д;;;5;;426;4352;;;НД;Колонны;;;5;КЖ
;100%;0 д;01.03.25;30.06.25;01.11.24;01.11.24;1 д;;;5;;427;4353;;;НД;Колонны. Изделия;;;5;КЖ.И
;100%;0 д;01.03.25;30.06.25;01.11.24;01.11.24;1 д;;;5;;428;4354;;;НД;Полы;;;5;КЖ
;100%;0 д;01.03.25;30.06.25;01.11.24;01.11.24;1 д;;;5;;429;4355;;;НД;Плиты перекрытий;;;5;КЖ
;100%;0 д;01.03.25;30.06.25;01.11.24;01.11.24;1 д;;;5;;430;4356;;;НД;Покрытие;;;5;КМ
;100%;0 д;01.03.25;30.06.25;01.11.24;01.11.24;1 д;;;5;;431;4357;;;НД;Конструкции АБК;;;5;КМ
;100%;0 д;01.03.25;30.06.25;01.11.24;01.11.24;1 д;;;5;;432;4358;;;НД;Наружный фахверк;;;5;КМ
;100%;0 д;01.03.25;30.06.25;01.11.24;01.11.24;1 д;;;5;;433;4359;;;НД;Внутренний фахверк;;;5;КМ
;100%;0 д;01.03.25;30.06.25;01.11.24;01.11.24;1 д;;;5;;434;4360;;;НД;Наружные лестницы;;;5;КМ
;70%;0 д;01.03.25;30.06.25;01.11.24;01.11.24;1 д;;;5;;435;4361;;;НД;Электроснабжение;;;5;ЭС
;70%;0 д;01.03.25;30.06.25;01.11.24;01.11.24;1 д;;;5;;436;4362;;;НД;Наружные сети водоснабжения и водоотведения;;;5;НВК
;90%;0 д;01.03.25;30.06.25;01.11.24;01.11.24;1 д;;;5;;437;4363;;;НД;Наружные сети связи;;;5;НСС
;80%;0 д;01.03.25;30.06.25;01.11.24;01.11.24;1 д;;;5;;438;4364;;;НД;Освещение и электрооборудование;;;5;ЭОМ
;90%;0 д;01.03.25;30.06.25;01.11.24;01.11.24;1 д;;;5;;439;4365;;;НД;Внутренние системы водоснабжения;;;5;ВК
;90%;0 д;01.03.25;30.06.25;01.11.24;01.11.24;1 д;;;5;;440;4366;;;НД;Отопление Вент Конд;;;5;ОВ
;90%;0 д;01.03.25;30.06.25;01.11.24;01.11.24;1 д;;;5;;441;4367;;;НД;Пожарная сигнализация;;;5;ПС
;90%;0 д;01.03.25;30.06.25;01.11.24;01.11.24;1 д;;;5;;442;4368;;;НД;Автоматизация комплексная;;;5;АК
;90%;0 д;01.03.25;30.06.25;01.11.24;01.11.24;1 д;;;5;;443;4369;;;НД;Автоматическое пожаротушение;;;5;АПТ
;90%;0 д;01.03.25;30.06.25;01.11.24;01.11.24;1 д;;;5;;444;4370;;;НД;Видеонаблюдение, Система контроля удаленного доступа;;;5;ВН,СКУД
;100%;0 д;01.03.25;30.06.25;01.11.24;01.11.24;1 д;;;5;;445;4371;;;НД;Огнезащита металлоконструкций;;;5;ОГН
;100%;0 д;01.03.25;30.06.25;01.11.24;01.11.24;1 д;;;5;;446;4372;;;НД;Насосная станция пожаротушения;;;5;НСП
;100%;0 д;01.03.25;30.06.25;01.11.24;01.11.24;1 д;;;5;;447;4373;;;НД;Конструктивные решения пристроек;;;5;АС
;100%;0 д;01.03.25;30.06.25;01.11.24;01.11.24;1 д;;;5;;448;4374;;;НД;Система видеонаблюдения;;;5;ВН
;91%;0 д;01.03.25;30.06.25;01.11.24;01.11.24;1 д;;;4;;449;4375;;;НД;Блок F;;;3;
;80%;0 д;01.03.25;30.06.25;01.11.24;01.11.24;1 д;;;5;;450;4376;;;НД;Генеральный план;;;5;ГП
;80%;0 д;01.03.25;30.06.25;01.11.24;01.11.24;1 д;;;5;;451;4377;;;НД;Общие архитектурные решения;;;5;АС
;60%;0 д;01.03.25;30.06.25;01.11.24;01.11.24;1 д;;;5;;452;4378;;;НД;Стеновые и кровельные ограждающие конструкции;;;5;АС
;60%;0 д;01.03.25;30.06.25;01.11.24;01.11.24;1 д;;;5;;453;4379;;;НД;Внутренние перегородки из сэндвич-панелей;;;5;АС
;60%;0 д;01.03.25;30.06.25;01.11.24;01.11.24;1 д;;;5;;454;4380;;;НД;Архитектурно-строительные решения пристроек;;;5;АС
;100%;0 д;01.03.25;30.06.25;01.11.24;01.11.24;1 д;;;5;;455;4381;;;НД;Фундаменты;;;5;КЖ
;100%;0 д;01.03.25;30.06.25;01.11.24;01.11.24;1 д;;;5;;456;4382;;;НД;Фундаменты. Изделия;;;5;КЖ.И
;100%;0 д;01.03.25;30.06.25;01.11.24;01.11.24;1 д;;;5;;457;4383;;;НД;Цоколь;;;5;КЖ
;100%;0 д;01.03.25;30.06.25;01.11.24;01.11.24;1 д;;;5;;458;4384;;;НД;Цоколь. Изделия;;;5;КЖ.И
;100%;0 д;01.03.25;30.06.25;01.11.24;01.11.24;1 д;;;5;;459;4385;;;НД;Доки;;;5;КЖ
;100%;0 д;01.03.25;30.06.25;01.11.24;01.11.24;1 д;;;5;;460;4386;;;НД;Доки. Изделия;;;5;КЖ.И
;100%;0 д;01.03.25;30.06.25;01.11.24;01.11.24;1 д;;;5;;461;4387;;;НД;Колонны;;;5;КЖ
;100%;0 д;01.03.25;30.06.25;01.11.24;01.11.24;1 д;;;5;;462;4388;;;НД;Колонны. Изделия;;;5;КЖ.И
;100%;0 д;01.03.25;30.06.25;01.11.24;01.11.24;1 д;;;5;;463;4389;;;НД;Полы;;;5;КЖ
;100%;0 д;01.03.25;30.06.25;01.11.24;01.11.24;1 д;;;5;;464;4390;;;НД;Плиты перекрытий;;;5;КЖ
;100%;0 д;01.03.25;30.06.25;01.11.24;01.11.24;1 д;;;5;;465;4391;;;НД;Покрытие;;;5;КМ
;100%;0 д;01.03.25;30.06.25;01.11.24;01.11.24;1 д;;;5;;466;4392;;;НД;Конструкции АБК;;;5;КМ
;100%;0 д;01.03.25;30.06.25;01.11.24;01.11.24;1 д;;;5;;467;4393;;;НД;Наружный фахверк;;;5;КМ
;100%;0 д;01.03.25;30.06.25;01.11.24;01.11.24;1 д;;;5;;468;4394;;;НД;Внутренний фахверк;;;5;КМ
;100%;0 д;01.03.25;30.06.25;01.11.24;01.11.24;1 д;;;5;;469;4395;;;НД;Наружные лестницы;;;5;КМ
;70%;0 д;01.03.25;30.06.25;01.11.24;01.11.24;1 д;;;5;;470;4396;;;НД;Электроснабжение;;;5;ЭС
;70%;0 д;01.03.25;30.06.25;01.11.24;01.11.24;1 д;;;5;;471;4397;;;НД;Наружные сети водоснабжения и водоотведения;;;5;НВК
;90%;0 д;01.03.25;30.06.25;01.11.24;01.11.24;1 д;;;5;;472;4398;;;НД;Наружные сети связи;;;5;НСС
;80%;0 д;01.03.25;30.06.25;01.11.24;01.11.24;1 д;;;5;;473;4399;;;НД;Освещение и электрооборудование;;;5;ЭОМ
;90%;0 д;01.03.25;30.06.25;01.11.24;01.11.24;1 д;;;5;;474;4400;;;НД;Внутренние системы водоснабжения;;;5;ВК
;90%;0 д;01.03.25;30.06.25;01.11.24;01.11.24;1 д;;;5;;475;4401;;;НД;Отопление Вент Конд;;;5;ОВ
;90%;0 д;01.03.25;30.06.25;01.11.24;01.11.24;1 д;;;5;;476;4402;;;НД;Пожарная сигнализация;;;5;ПС
;90%;0 д;01.03.25;30.06.25;01.11.24;01.11.24;1 д;;;5;;477;4403;;;НД;Автоматизация комплексная;;;5;АК
;90%;0 д;01.03.25;30.06.25;01.11.24;01.11.24;1 д;;;5;;478;4404;;;НД;Автоматическое пожаротушение;;;5;АПТ
;90%;0 д;01.03.25;30.06.25;01.11.24;01.11.24;1 д;;;5;;479;4405;;;НД;Видеонаблюдение, Система контроля удаленного доступа;;;5;ВН,СКУД
;100%;0 д;01.03.25;30.06.25;01.11.24;01.11.24;1 д;;;5;;480;4406;;;НД;Огнезащита металлоконструкций;;;5;ОГН
;100%;0 д;01.03.25;30.06.25;01.11.24;01.11.24;1 д;;;5;;481;4407;;;НД;Насосная станция пожаротушения;;;5;НСП
;100%;0 д;01.03.25;30.06.25;01.11.24;01.11.24;1 д;;;5;;482;4408;;;НД;Конструктивные решения пристроек;;;5;АС
;100%;0 д;01.03.25;30.06.25;01.11.24;01.11.24;1 д;;;5;;483;4409;;;НД;Система видеонаблюдения;;;5;ВН
;91%;0 д;01.03.25;30.06.25;01.11.24;01.11.24;1 д;;;4;;484;4410;;;НД;Блок G;;;3;
;80%;0 д;01.03.25;30.06.25;01.11.24;01.11.24;1 д;;;5;;485;4411;;;НД;Генеральный план;;;5;ГП
;80%;0 д;01.03.25;30.06.25;01.11.24;01.11.24;1 д;;;5;;486;4412;;;НД;Общие архитектурные решения;;;5;АС
;60%;0 д;01.03.25;30.06.25;01.11.24;01.11.24;1 д;;;5;;487;4413;;;НД;Стеновые и кровельные ограждающие конструкции;;;5;АС
;60%;0 д;01.03.25;30.06.25;01.11.24;01.11.24;1 д;;;5;;488;4414;;;НД;Внутренние перегородки из сэндвич-панелей;;;5;АС
;60%;0 д;01.03.25;30.06.25;01.11.24;01.11.24;1 д;;;5;;489;4415;;;НД;Архитектурно-строительные решения пристроек;;;5;АС
;100%;0 д;01.03.25;30.06.25;01.11.24;01.11.24;1 д;;;5;;490;4416;;;НД;Фундаменты;;;5;КЖ
;100%;0 д;01.03.25;30.06.25;01.11.24;01.11.24;1 д;;;5;;491;4417;;;НД;Фундаменты. Изделия;;;5;КЖ.И
;100%;0 д;01.03.25;30.06.25;01.11.24;01.11.24;1 д;;;5;;492;4418;;;НД;Цоколь;;;5;КЖ
;100%;0 д;01.03.25;30.06.25;01.11.24;01.11.24;1 д;;;5;;493;4419;;;НД;Цоколь. Изделия;;;5;КЖ.И
;100%;0 д;01.03.25;30.06.25;01.11.24;01.11.24;1 д;;;5;;494;4420;;;НД;Доки;;;5;КЖ
;100%;0 д;01.03.25;30.06.25;01.11.24;01.11.24;1 д;;;5;;495;4421;;;НД;Доки. Изделия;;;5;КЖ.И
;100%;0 д;01.03.25;30.06.25;01.11.24;01.11.24;1 д;;;5;;496;4422;;;НД;Колонны;;;5;КЖ
;100%;0 д;01.03.25;30.06.25;01.11.24;01.11.24;1 д;;;5;;497;4423;;;НД;Колонны. Изделия;;;5;КЖ.И
;100%;0 д;01.03.25;30.06.25;01.11.24;01.11.24;1 д;;;5;;498;4424;;;НД;Полы;;;5;КЖ
;100%;0 д;01.03.25;30.06.25;01.11.24;01.11.24;1 д;;;5;;499;4425;;;НД;Плиты перекрытий;;;5;КЖ
;100%;0 д;01.03.25;30.06.25;01.11.24;01.11.24;1 д;;;5;;500;4426;;;НД;Покрытие;;;5;КМ
;100%;0 д;01.03.25;30.06.25;01.11.24;01.11.24;1 д;;;5;;501;4427;;;НД;Конструкции АБК;;;5;КМ
;100%;0 д;01.03.25;30.06.25;01.11.24;01.11.24;1 д;;;5;;502;4428;;;НД;Наружный фахверк;;;5;КМ
;100%;0 д;01.03.25;30.06.25;01.11.24;01.11.24;1 д;;;5;;503;4429;;;НД;Внутренний фахверк;;;5;КМ
;100%;0 д;01.03.25;30.06.25;01.11.24;01.11.24;1 д;;;5;;504;4430;;;НД;Наружные лестницы;;;5;КМ
;70%;0 д;01.03.25;30.06.25;01.11.24;01.11.24;1 д;;;5;;505;4431;;;НД;Электроснабжение;;;5;ЭС
;70%;0 д;01.03.25;30.06.25;01.11.24;01.11.24;1 д;;;5;;506;4432;;;НД;Наружные сети водоснабжения и водоотведения;;;5;НВК
;90%;0 д;01.03.25;30.06.25;01.11.24;01.11.24;1 д;;;5;;507;4433;;;НД;Наружные сети связи;;;5;НСС
;80%;0 д;01.03.25;30.06.25;01.11.24;01.11.24;1 д;;;5;;508;4434;;;НД;Освещение и электрооборудование;;;5;ЭОМ
;90%;0 д;01.03.25;30.06.25;01.11.24;01.11.24;1 д;;;5;;509;4435;;;НД;Внутренние системы водоснабжения;;;5;ВК
;90%;0 д;01.03.25;30.06.25;01.11.24;01.11.24;1 д;;;5;;510;4436;;;НД;Отопление Вент Конд;;;5;ОВ
;90%;0 д;01.03.25;30.06.25;01.11.24;01.11.24;1 д;;;5;;511;4437;;;НД;Пожарная сигнализация;;;5;ПС
;90%;0 д;01.03.25;30.06.25;01.11.24;01.11.24;1 д;;;5;;512;4438;;;НД;Автоматизация комплексная;;;5;АК
;90%;0 д;01.03.25;30.06.25;01.11.24;01.11.24;1 д;;;5;;513;4439;;;НД;Автоматическое пожаротушение;;;5;АПТ
;90%;0 д;01.03.25;30.06.25;01.11.24;01.11.24;1 д;;;5;;514;4440;;;НД;Видеонаблюдение, Система контроля удаленного доступа;;;5;ВН,СКУД
;100%;0 д;01.03.25;30.06.25;01.11.24;01.11.24;1 д;;;5;;515;4441;;;НД;Огнезащита металлоконструкций;;;5;ОГН
;100%;0 д;01.03.25;30.06.25;01.11.24;01.11.24;1 д;;;5;;516;4442;;;НД;Насосная станция пожаротушения;;;5;НСП
;100%;0 д;01.03.25;30.06.25;01.11.24;01.11.24;1 д;;;5;;517;4443;;;НД;Конструктивные решения пристроек;;;5;АС
;100%;0 д;01.03.25;30.06.25;01.11.24;01.11.24;1 д;;;5;;518;4444;;;НД;Система видеонаблюдения;;;5;ВН
;91%;0 д;01.03.25;30.06.25;01.11.24;01.11.24;1 д;;;4;;519;4445;;;НД;КПП 1, 2;;;3;
;80%;0 д;01.03.25;30.06.25;01.11.24;01.11.24;1 д;;;5;;520;4446;;;НД;Генеральный план;;;5;ГП
;80%;0 д;01.03.25;30.06.25;01.11.24;01.11.24;1 д;;;5;;521;4447;;;НД;Общие архитектурные решения;;;5;АС
;60%;0 д;01.03.25;30.06.25;01.11.24;01.11.24;1 д;;;5;;522;4448;;;НД;Стеновые и кровельные ограждающие конструкции;;;5;АС
;60%;0 д;01.03.25;30.06.25;01.11.24;01.11.24;1 д;;;5;;523;4449;;;НД;Внутренние перегородки из сэндвич-панелей;;;5;АС
;60%;0 д;01.03.25;30.06.25;01.11.24;01.11.24;1 д;;;5;;524;4450;;;НД;Архитектурно-строительные решения пристроек;;;5;АС
;100%;0 д;01.03.25;30.06.25;01.11.24;01.11.24;1 д;;;5;;525;4451;;;НД;Фундаменты;;;5;КЖ
;100%;0 д;01.03.25;30.06.25;01.11.24;01.11.24;1 д;;;5;;526;4452;;;НД;Фундаменты. Изделия;;;5;КЖ.И
;100%;0 д;01.03.25;30.06.25;01.11.24;01.11.24;1 д;;;5;;527;4453;;;НД;Цоколь;;;5;КЖ
;100%;0 д;01.03.25;30.06.25;01.11.24;01.11.24;1 д;;;5;;528;4454;;;НД;Цоколь. Изделия;;;5;КЖ.И
;100%;0 д;01.03.25;30.06.25;01.11.24;01.11.24;1 д;;;5;;529;4455;;;НД;Доки;;;5;КЖ
;100%;0 д;01.03.25;30.06.25;01.11.24;01.11.24;1 д;;;5;;530;4456;;;НД;Доки. Изделия;;;5;КЖ.И
;100%;0 д;01.03.25;30.06.25;01.11.24;01.11.24;1 д;;;5;;531;4457;;;НД;Колонны;;;5;КЖ
;100%;0 д;01.03.25;30.06.25;01.11.24;01.11.24;1 д;;;5;;532;4458;;;НД;Колонны. Изделия;;;5;КЖ.И
;100%;0 д;01.03.25;30.06.25;01.11.24;01.11.24;1 д;;;5;;533;4459;;;НД;Полы;;;5;КЖ
;100%;0 д;01.03.25;30.06.25;01.11.24;01.11.24;1 д;;;5;;534;4460;;;НД;Плиты перекрытий;;;5;КЖ
;100%;0 д;01.03.25;30.06.25;01.11.24;01.11.24;1 д;;;5;;535;4461;;;НД;Покрытие;;;5;КМ
;100%;0 д;01.03.25;30.06.25;01.11.24;01.11.24;1 д;;;5;;536;4462;;;НД;Конструкции АБК;;;5;КМ
;100%;0 д;01.03.25;30.06.25;01.11.24;01.11.24;1 д;;;5;;537;4463;;;НД;Наружный фахверк;;;5;КМ
;100%;0 д;01.03.25;30.06.25;01.11.24;01.11.24;1 д;;;5;;538;4464;;;НД;Внутренний фахверк;;;5;КМ
;100%;0 д;01.03.25;30.06.25;01.11.24;01.11.24;1 д;;;5;;539;4465;;;НД;Наружные лестницы;;;5;КМ
;70%;0 д;01.03.25;30.06.25;01.11.24;01.11.24;1 д;;;5;;540;4466;;;НД;Электроснабжение;;;5;ЭС
;70%;0 д;01.03.25;30.06.25;01.11.24;01.11.24;1 д;;;5;;541;4467;;;НД;Наружные сети водоснабжения и водоотведения;;;5;НВК
;90%;0 д;01.03.25;30.06.25;01.11.24;01.11.24;1 д;;;5;;542;4468;;;НД;Наружные сети связи;;;5;НСС
;70%;0 д;01.03.25;30.06.25;01.11.24;01.11.24;1 д;;;5;;543;4469;;;НД;Освещение и электрооборудование;;;5;ЭОМ
;90%;0 д;01.03.25;30.06.25;01.11.24;01.11.24;1 д;;;5;;544;4470;;;НД;Внутренние системы водоснабжения;;;5;ВК
;90%;0 д;01.03.25;30.06.25;01.11.24;01.11.24;1 д;;;5;;545;4471;;;НД;Отопление Вент Конд;;;5;ОВ
;90%;0 д;01.03.25;30.06.25;01.11.24;01.11.24;1 д;;;5;;546;4472;;;НД;Пожарная сигнализация;;;5;ПС
;90%;0 д;01.03.25;30.06.25;01.11.24;01.11.24;1 д;;;5;;547;4473;;;НД;Автоматизация комплексная;;;5;АК
;90%;0 д;01.03.25;30.06.25;01.11.24;01.11.24;1 д;;;5;;548;4474;;;НД;Автоматическое пожаротушение;;;5;АПТ
;90%;0 д;01.03.25;30.06.25;01.11.24;01.11.24;1 д;;;5;;549;4475;;;НД;Видеонаблюдение, Система контроля удаленного доступа;;;5;ВН,СКУД
;100%;0 д;01.03.25;30.06.25;01.11.24;01.11.24;1 д;;;5;;550;4476;;;НД;Огнезащита металлоконструкций;;;5;ОГН
;100%;0 д;01.03.25;30.06.25;01.11.24;01.11.24;1 д;;;5;;551;4477;;;НД;Насосная станция пожаротушения;;;5;НСП
;100%;0 д;01.03.25;30.06.25;01.11.24;01.11.24;1 д;;;5;;552;4478;;;НД;Конструктивные решения пристроек;;;5;АС
;100%;0 д;01.03.25;30.06.25;01.11.24;01.11.24;1 д;;;5;;553;4479;;;НД;Система видеонаблюдения;;;5;ВН
;97%;0 д;НД;НД;01.02.25;30.04.25;89 д;;;3;;554;507;;;НД;Этап. РАБОЧАЯ ДОКУМЕНТАЦИЯ - НАРУЖНАЯ (ВНЕПЛОЩАДОЧНАЯ) СЕТЬ ВОДОСНАБЖЕНИЯ И КАНАЛИЗАЦИИ, ЛИВНЕВЫХ СТОКОВ;;;4;
;80%;0 д;НД;НД;01.02.25;30.04.25;89 д;;;4;;555;508;71;1789;НД;"Разработка проекта ""Наружная сеть хоз.-бытовой канализации"", в т.ч. с отражением проколов";;;5;НВК
;100%;0 д;НД;НД;01.02.25;30.04.25;89 д;;;4;;556;509;71;1789;НД;Согласование проекта с КМО, МОЭСК, Мособлгаз, Мосавтодор;;;5;
;100%;0 д;НД;НД;01.02.25;30.04.25;89 д;;;4;;557;510;71;1789;НД;Получение технических условий и требований в ГБУ Мосавтодор;;;5;
;100%;0 д;НД;НД;01.02.25;30.04.25;89 д;;;4;;558;511;71;1789;НД;Обращение за установлением сервитута в Минимущества и Заключение соглашения на установление публичного сервитута (при необходимости);;;5;
;100%;0 д;НД;НД;01.02.25;30.04.25;89 д;;;4;;559;512;71;1789;НД;Заключение договора на право прокладки коммуникаций в полосе отвода ГУ МО Мосавтодор (при необходимости);;;5;
;100%;0 д;НД;НД;01.02.25;30.04.25;89 д;;;4;;560;513;71;1789;НД;Получение разрешения на строительство (при необходимости);;;5;
;100%;0 д;НД;НД;01.02.25;30.04.25;89 д;;;4;;561;514;71;591НН+30 д;НД;Получение ордера на производство работ, при необходимости (ХБС, ХВС, ПСВ);;;5;
;100%;0 д;НД;НД;01.11.24;30.06.25;242 д;;;3;;562;515;;;НД;Этап. РАБОЧАЯ ДОКУМЕНТАЦИЯ - СЕТЬ ЭЛЕКТРОСНАБЖЕНИЯ;;;4;
;100%;0 д;НД;НД;01.01.25;30.04.25;120 д;;;4;;563;516;187ОН-59 д;"595ОН-30 д;565ОН+31 д";НД;"Разработка проекта ""Наружная сеть электроснабжения"" (высокая сторона до БКРП + РТП на площадке)";;;5;НЭС
;100%;0 д;НД;НД;01.11.24;28.02.25;120 д;;;4;;564;517;;;НД;"Согласование рабочего проекта электроснабжения в ОАО ""МОЭСК"" (внутриплощадочная сеть, наружная сеть)";;;5;
;100%;0 д;НД;НД;01.06.25;30.06.25;30 д;;;4;;565;518;563ОН+31 д;;НД;Получение ордера на производство работ в Администрации го Жуковский;;;5;
;100%;0 д;НД;НД;01.11.24;02.10.25;336 д;;;3;;566;519;;;НД;Этап. ПОЖАРНАЯ БЕЗОПАСНОСТЬ;;;4;
;100%;0 д;НД;НД;01.01.25;28.02.25;59 д;;;4;;567;520;187ОН-59 д;;НД;Разработка спец ТУ с согласованием в МЧС (при необходимости);;;5;
;100%;0 д;НД;НД;01.01.25;28.02.25;59 д;;;4;;568;521;187ОН-59 д;;НД;"Раздел ""Расчет пожарных рисков""";;;5;
;100%;0 д;НД;НД;01.11.24;02.10.25;62 д;;;4;;569;522;;;НД;Пожарная декларация на Объекты недвижимости;;;5;
;0%;0 д;НД;НД;28.03.26;26.04.26;30 д;;;3;;570;3037;;;НД;Этап. Корректировка после повторной геологии с экспертизой;;;;
;0%;0 д;НД;НД;28.03.26;26.04.26;30 д;;;4;;571;3038;"115ОН-7 д;116ОН-7 д;117ОН-7 д;118ОН-7 д;119ОН-7 д;120ОН-7 д;121ОН-7 д;122ОН-7 д";"842;770;771;772;773;774;775;776;777;1023;1221;941;1616ОН+5 д;779;780;781;1122;1322;1421;1520";НД;Корректировка рабочей документации по факту проведения геологии с экспертизой;;;;
;0%;0 д;НД;НД;01.11.24;30.07.25;272 д;;;2;;572;267;;;НД;ТЕНДЕРЫ;;;2;
;0%;0 д;НД;НД;02.11.24;02.07.25;243 д;;;3;;573;268;;;НД;Этап ЗАКЛЮЧЕНИЕ ДОГОВОРОВ;;;4;
;0%;0 д;НД;НД;02.11.24;02.01.25;62 д;;;4;;574;269;31;"575ОН+122 д;576ОН+91 д";НД;Подготовка договоров, необходимых для формирования исходно-разрешительной документации (в т.ч. инвестиционные соглашения с ХСА);;;5;
;0%;0 д;НД;НД;05.05.25;02.07.25;59 д;;;4;;575;270;574ОН+122 д;;НД;Подготовка договоров, необходимых для строительства объекта;;;5;
;0%;0 д;НД;НД;04.04.25;02.07.25;90 д;;;4;;576;271;574ОН+91 д;;НД;Подготовка данных для нулевого отчета проекта (цели кредитования);;;5;
;0%;0 д;НД;НД;01.11.24;30.07.25;272 д;;;3;;577;272;;;НД;Этап. ВОРы ТЕНДЕР ДОГОВОРы;;;4;
;0%;0 д;НД;НД;01.11.24;30.01.25;91 д;;;4;;578;273;;;НД;ГП;;;4;
;0%;0 д;01.04.25;30.04.25;01.11.24;30.11.24;30 д;;;5;;579;274;;"580;581";НД;Проверка и корректировка РД;;;5;
;0%;0 д;01.05.25;31.05.25;01.12.24;31.12.24;31 д;;;5;;580;275;579;;НД;Подготовка ВОР по готовой РД;;;5;
;0%;0 д;01.05.25;30.06.25;01.12.24;30.01.25;61 д;;;5;;581;276;579;;НД;Проведение тендеров и заключение договоров;;;5;
;0%;0 д;НД;НД;01.11.24;30.01.25;91 д;;;4;;582;277;;;НД;Благоустройство;;;4;
;0%;0 д;01.04.25;30.05.25;01.11.24;30.12.24;60 д;;;5;;583;278;;;НД;Проверка и корректировка РД;;;5;
;0%;0 д;01.04.25;30.05.25;01.11.24;30.12.24;60 д;;;5;;584;279;;585ОН-30 д;НД;Подготовка ВОР по готовой РД;;;5;
;0%;0 д;01.05.25;30.06.25;01.12.24;30.01.25;61 д;;;5;;585;280;584ОН-30 д;;НД;Проведение тендеров и заключение договоров;;;5;
;0%;0 д;НД;НД;01.11.24;02.05.25;183 д;;;4;;586;281;;;НД;Общие архитектурные решения, КЖ, КМ, стеновые кровельные панели, внутренние перегородки;;;4;
;0%;0 д;01.04.25;30.06.25;01.11.24;30.01.25;91 д;;;5;;587;282;;588НН+30 д;НД;Проверка и корректировка РД;;;5;
;0%;0 д;01.05.25;30.07.25;01.12.24;01.03.25;91 д;;;5;;588;283;587НН+30 д;589НН;НД;Подготовка ВОР по готовой РД;;;5;
;0%;0 д;01.05.25;30.09.25;01.12.24;02.05.25;153 д;;;5;;589;284;588НН;;НД;Проведение тендеров и заключение договоров;;;5;
;0%;0 д;НД;НД;03.03.25;01.06.25;91 д;;;4;;590;285;;;НД;Наружные сети, НВК;;;4;
;0%;0 д;01.04.25;31.05.25;03.03.25;02.05.25;61 д;;;5;;591;286;561НН+30 д;"592ОН-31 д;593ОН-31 д";НД;Проверка и корректировка РД;;;5;
;0%;0 д;01.05.25;31.05.25;02.04.25;02.05.25;31 д;;;5;;592;287;591ОН-31 д;;НД;Подготовка ВОР по готовой РД;;;5;
;0%;0 д;01.05.25;30.06.25;02.04.25;01.06.25;61 д;;;5;;593;288;591ОН-31 д;;НД;Проведение тендеров и заключение договоров;;;5;
;0%;0 д;НД;НД;01.04.25;30.06.25;91 д;;;4;;594;289;;;НД;Наружные сети, ЭОМ;;;4;
;0%;0 д;01.04.25;31.05.25;01.04.25;31.05.25;61 д;;;5;;595;290;563ОН-30 д;596ОН-31 д;НД;Проверка и корректировка РД;;;5;
;0%;0 д;01.05.25;31.05.25;01.05.25;31.05.25;31 д;;;5;;596;291;595ОН-31 д;597ОН-31 д;НД;Подготовка ВОР по готовой РД;;;5;
;0%;0 д;01.05.25;30.06.25;01.05.25;30.06.25;61 д;;;5;;597;292;596ОН-31 д;;НД;Проведение тендеров и заключение договоров;;;5;
;0%;0 д;НД;НД;01.04.25;31.05.25;61 д;;;4;;598;293;;;НД;Наружные сети, сети связи, газ;;;4;
;0%;0 д;01.04.25;31.05.25;01.04.25;31.05.25;61 д;;;5;;599;294;"160;164;165";"600НН+31 д;601НН+31 д";НД;Проверка и корректировка РД;;;5;
;0%;0 д;02.05.25;31.05.25;02.05.25;31.05.25;30 д;;;5;;600;295;599НН+31 д;;НД;Подготовка ВОР по готовой РД;;;5;
;0%;0 д;02.05.25;31.05.25;02.05.25;31.05.25;30 д;;;5;;601;296;599НН+31 д;;НД;Проведение тендеров и заключение договоров;;;5;
;0%;0 д;НД;НД;01.11.24;30.07.25;272 д;;;4;;602;297;;;НД;Основание под полы, полы, перекрытия;;;4;
;0%;0 д;02.07.25;30.08.25;01.11.24;30.12.24;60 д;;;5;;603;298;;604ОН-30 д;НД;Проверка и корректировка РД;;;5;
;0%;0 д;01.08.25;31.08.25;01.12.24;31.12.24;31 д;;;5;;604;299;603ОН-30 д;605ОН+61 д;НД;Подготовка ВОР по готовой РД;;;5;
;0%;0 д;01.11.25;30.03.26;03.03.25;30.07.25;150 д;;;5;;605;300;604ОН+61 д;;НД;Проведение тендеров изаключение договоров;;;5;
;0%;0 д;НД;НД;01.11.24;01.11.24;1 д;;;4;;606;301;;;НД;Заполнение проемов;;;4;
;0%;0 д;01.11.24;01.11.24;01.11.24;01.11.24;1 д;;;5;;607;302;;;НД;Проверка и корректировка РД;;;5;
;0%;0 д;01.11.24;01.11.24;01.11.24;01.11.24;1 д;;;5;;608;303;;;НД;Подготовка ВОР по готовой РД;;;5;
;0%;0 д;01.11.24;01.11.24;01.11.24;01.11.24;1 д;;;5;;609;304;;;НД;Проведение тендеров и заключение договоров;;;5;
;0%;0 д;НД;НД;01.11.24;02.04.25;153 д;;;4;;610;305;;;НД;Внутренние сети, ЭОМ, ЭС, слаботочные сети, АПС, АК;;;4;
;0%;0 д;01.06.25;31.07.25;01.11.24;31.12.24;61 д;;;5;;611;306;;612ОН-30 д;НД;Проверка и корректировка РД;;;5;
;0%;0 д;02.07.25;31.08.25;02.12.24;31.01.25;61 д;;;5;;612;307;611ОН-30 д;613ОН-30 д;НД;Подготовка ВОР по готовой РД;;;5;
;0%;0 д;02.08.25;31.10.25;02.01.25;02.04.25;91 д;;;5;;613;308;612ОН-30 д;;НД;Проведение тендеров и заключение договоров;;;5;
;0%;0 д;НД;НД;01.11.24;03.05.25;184 д;;;4;;614;309;;;НД;Внутренние сети, ОВ и ВК, отопление, вентиляция, кондиционирование, АУПТ;;;4;
;0%;0 д;01.07.25;30.08.25;01.11.24;31.12.24;61 д;;;5;;615;310;;616ОН-30 д;НД;Проверка и корректировка РД;;;5;
;0%;0 д;01.08.25;30.09.25;02.12.24;31.01.25;61 д;;;5;;616;311;615ОН-30 д;617ОН-30 д;НД;Подготовка ВОР по готовой РД;;;5;
;0%;0 д;01.09.25;31.12.25;02.01.25;03.05.25;122 д;;;5;;617;312;616ОН-30 д;;НД;Проведение тендеров и заключение договоров;;;5;
;0%;0 д;НД;НД;01.11.24;02.04.25;153 д;;;4;;618;313;;;НД;Огнезащита;;;4;
;0%;0 д;31.05.25;30.07.25;01.11.24;31.12.24;61 д;;;5;;619;314;;"620ОН-30 д;623ОН-60 д";НД;Проверка и корректировка РД;;;5;
;0%;0 д;01.07.25;30.08.25;02.12.24;31.01.25;61 д;;;5;;620;315;619ОН-30 д;621ОН-31 д;НД;Подготовка ВОР по готовой РД;;;5;
;0%;0 д;31.07.25;30.10.25;01.01.25;02.04.25;92 д;;;5;;621;316;620ОН-31 д;;НД;Проведение тендеров и заключение договоров;;;5;
;0%;0 д;НД;НД;02.11.24;03.03.25;122 д;;;4;;622;317;;;НД;Прочее (реклама, граффити, видеонаблюдение, элементы декора, и т.д.);;;4;
;0%;0 д;01.06.25;31.07.25;02.11.24;01.01.25;61 д;;;5;;623;318;619ОН-60 д;624ОН-30 д;НД;Проверка и корректировка РД;;;5;
;0%;0 д;02.07.25;31.07.25;03.12.24;01.01.25;30 д;;;5;;624;319;623ОН-30 д;625;НД;Подготовка ВОР по готовой РД;;;5;
;0%;0 д;01.08.25;30.09.25;02.01.25;03.03.25;61 д;;;5;;625;320;624;;НД;Проведение тендеров и заключение договоров;;;5;
;0%;608 д;НД;НД;01.11.24;22.10.26;721 д;;;2;Тендер;626;4079;;;НД;ПОСТАВКА;;;2;
;0%;122 д;НД;НД;01.11.24;01.11.24;0 д;;;3;Тендер;627;4080;;;НД;Конструктивные решения нулевого цикла и каркас;;;4;
;0%;61 д;НД;НД;01.11.24;01.11.24;0 д;;;4;Тендер;628;4081;;;НД;Сваи;;;5;
;0%;61 д;НД;НД;01.11.24;01.11.24;0 д;;;4;Тендер;629;4082;;;НД;Фундаменты;;;5;
;0%;0 д;НД;НД;01.11.24;01.11.24;0 д;;;4;;630;4083;;;НД;Металлоконструкции;;;5;
;0%;61 д;НД;НД;01.11.24;01.11.24;0 д;;;4;Тендер;631;4084;;;НД;Кровля;;;5;
;0%;31 д;НД;НД;01.11.24;22.10.26;721 д;;;3;Тендер;632;4085;;;НД;Ограждающие конструкции и заполнение проемов;;;5;
;0%;61 д;НД;НД;01.11.24;01.11.24;0 д;;;4;Тендер;633;4086;;;НД;Сэндвич-панели стеновые;;;5;
;0%;214 д;НД;НД;01.11.24;01.11.24;0 д;;;4;Тендер;634;4087;;;НД;Цокольные панели;;;4;
;0%;61 д;НД;НД;01.11.24;01.11.24;0 д;;;4;Тендер;635;4088;;;НД;Профлист (стеновой);;;5;
;0%;30 д;НД;НД;01.11.24;01.11.24;0 д;;;4;Тендер;636;4089;;;НД;Ворота / Доки;;;5;
;0%;153 д;01.04.26;30.07.26;25.07.26;22.10.26;90 д;;;4;Тендер;637;4090;"881НН-2 д;882НН-2 д;883НН-2 д;1062НН-2 д;1063НН-2 д;1064НН-2 д;1262НН-2 д;1263НН-2 д;1264НН-2 д;975НН-2 д;976НН-2 д;977НН-2 д;1640НН-2 д;1641НН-2 д;1642НН-2 д;1161НН-2 д;1162НН-2 д;1163НН-2 д;1361НН-2 д;1362НН-2 д;1363НН-2 д;1461НН-2 д;1462НН-2 д;1463Н...";;16.03.26;Витражи;;;5;
;0%;122 д;01.04.26;30.07.26;25.07.26;22.10.26;90 д;;;4;Тендер;638;4091;"876НН-2 д;878НН-2 д;1057НН-2 д;1059НН-2 д;1257НН-2 д;1259НН-2 д;970НН-2 д;972НН-2 д;1635НН-2 д;1637НН-2 д;1156НН-2 д;1158НН-2 д;1356НН-2 д;1358НН-2 д;1456НН-2 д;1458НН-2 д;1556НН-2 д;1558НН-2 д";;16.03.26;Окна;;;4;
;0%;61 д;01.04.26;30.07.26;25.07.26;22.10.26;90 д;;;4;Тендер;639;4092;"887НН-2 д;888НН-2 д;890НН-2 д;1068НН-2 д;1069НН-2 д;1071НН-2 д;1268НН-2 д;1269НН-2 д;1271НН-2 д;981НН-2 д;982НН-2 д;984НН-2 д;1646НН-2 д;1647НН-2 д;1649НН-2 д;1167НН-2 д;1168НН-2 д;1170НН-2 д;1367НН-2 д;1368НН-2 д;1370НН-2 д;1467НН-2 д;1468НН-2 д;1470Н...";;16.03.26;Двери;;;5;
;0%;61 д;НД;НД;01.11.24;01.11.24;0 д;;;3;Тендер;640;4101;;;НД;Инженерные системы (наружные и внутренние сети);;;5;
;0%;92 д;НД;НД;01.11.24;01.11.24;0 д;;;4;Тендер;641;4102;;;НД;КТП / РТП;;;5;
;0%;62 д;НД;НД;01.11.24;01.11.24;0 д;;;4;Тендер;642;4104;;;НД;Кабель силовой 10 кВ;;;5;
;0%;31 д;НД;НД;01.11.24;01.11.24;0 д;;;4;Тендер;643;4105;;;НД;Шинопровод;;;5;
;0%;90 д;НД;НД;01.11.24;01.11.24;0 д;;;4;Тендер;644;4106;;;НД;Ячейки КРУ / КРМО;;;5;
;0%;245 д;НД;НД;01.11.24;01.11.24;0 д;;;4;Тендер;645;4107;;;НД;Котельная (блочно-модульная);;;4;
;0%;60 д;НД;НД;01.11.24;01.11.24;0 д;;;4;Тендер;646;4108;;;НД;ГРП;;;5;
;0%;31 д;НД;НД;01.11.24;01.11.24;0 д;;;3;Тендер;647;4113;;;НД;Благоустройство территории;;;5;
;0%;92 д;НД;НД;01.11.24;01.11.24;0 д;;;4;Тендер;648;4114;;;НД;Покрытия;;;5;
;0%;184 д;НД;НД;01.11.24;01.11.24;0 д;;;4;Тендер;649;4115;;;НД;МАФ;;;4;
;0%;62 д;НД;НД;01.11.24;01.11.24;0 д;;;4;Тендер;650;4116;;;НД;Ландшафтное озеленение;;;5;
;12%;0 д;01.05.25;30.08.26;01.11.24;27.02.27;848,9 д;;;2;;651;523;;;НД;СМР;;;2;
338ad810-5751-11f0-a555-005056026d24;20%;0 д;01.05.25;30.08.26;01.11.24;01.11.24;1 д;;;3;;652;524;;;НД;СОПРОВОЖДЕНИЕ СМР СО СТОРОНЫ ТЕХ.ЗАКАЗЧИКА;Лот №58 СОПРОВОЖДЕНИЕ СМР СО СТОРОНЫ ТЕХ.ЗАКАЗЧИКА;;5;
;100%;0 д;01.05.25;30.08.26;01.07.25;30.08.25;61 д;;;3;;653;525;;;НД;Этап. СТРОИТЕЛЬНО-МОНТАЖНЫЕ РАБОТЫ;;;3;
;100%;0 д;01.05.25;30.07.25;01.08.25;30.08.25;30 д;;;4;;654;526;661;;НД;"Акт разбивки осей, вынос границ з/у ""в натуру""";;;5;
;100%;0 д;01.05.25;30.08.25;01.08.25;30.08.25;30 д;;;4;;655;527;661;;НД;Акт передачи реперов;;;5;
;100%;0 д;01.06.25;30.03.26;01.08.25;30.08.25;30 д;;;4;;656;528;661;;НД;Акты освидетельствования грунтов (по заявкам);;;5;
;100%;0 д;01.05.25;30.08.25;01.08.25;30.08.25;30 д;;;4;;657;529;661;;НД;Обеспечение точки временного подключения строительной площадки: эл-во, хвс;;;5;
;100%;0 д;01.05.25;30.08.25;01.08.25;30.08.25;30 д;;;4;;658;530;661;;НД;АКТ ПРИЕМА-ПЕРЕДАЧИ СТРОИТЕЛЬНОЙ ПЛОЩАДКИ;;;5;
;100%;0 д;01.05.25;30.08.25;01.08.25;30.08.25;30 д;;;4;;659;531;661;;НД;Извещение ГАСН о начале работ;;;5;
;100%;0 д;01.05.25;30.08.25;01.08.25;30.08.25;30 д;;;4;;660;532;661;;НД;Регистрация ГАСН Общего журнала работ;;;5;
;100%;0 д;01.05.25;30.08.25;01.07.25;31.07.25;31 д;;;4;;661;533;;"654;655;656;657;658;659;660";НД;Сводный сметный расчет по стадии Р;;;5;
;26%;0 д;01.07.25;30.01.26;01.11.24;22.12.26;782 д;;;3;;662;534;;;НД;Общие работы;;;3;
641583d7-4daa-11f0-a555-005056026d24;33%;0 д;01.07.25;30.01.26;01.11.24;18.04.26;534 д;;;4;;663;535;;;НД;ПОДГОТОВИТЕЛЬНЫЕ РАБОТЫ ;Лот №01. Подготовительные работы;;4;
;100%;0 д;01.07.25;30.01.26;03.06.25;18.04.26;320 д;;;5;;664;536;;;НД;Устройство временных дорог, площадок (срезка ПРС, песок 100 мм, дорожные плиты);;;5;
;80%;0 д;01.07.25;30.01.26;03.06.25;18.04.26;320 д;;;5;;665;537;;;НД;Устройство площадки для хранения материалов (срезка ПРС, уплотнение, георешетка, щебень 200 мм);;;5;
;100%;0 д;01.07.25;30.08.25;03.06.25;02.12.25;183 д;;;5;;666;538;;;НД;Устройство пешеходных дорог шириной 1м;;;5;
;100%;0 д;01.07.25;30.08.25;03.06.25;02.08.25;61 д;;;5;;667;539;;;НД;Временное ограждение территории забором (профлист) с воротами;;;5;
;100%;0 д;01.07.25;30.08.25;03.06.25;02.08.25;61 д;;;5;;668;540;;;НД;Устройство временных коммуникаций на стр. площадке (водопровод);;;5;
;100%;0 д;01.07.25;30.08.25;03.06.25;02.08.25;61 д;;;5;;669;541;;;НД;Устройство временных коммуникаций на стр. площадке (техническая скважина 50м с оборудованием);;;5;
;100%;0 д;01.07.25;30.08.25;03.06.25;02.08.25;61 д;;;5;;670;542;;;НД;Устройство временного электроснабжения (бытового городка, устройство щитов в зоне монтажа);;;5;
;100%;0 д;01.07.25;30.08.25;03.06.25;02.08.25;61 д;;;5;;671;543;;;НД;Устройство временного освещения периметра;;;5;
;100%;0 д;01.07.25;30.08.25;03.06.25;02.08.25;61 д;;;5;;672;544;;;НД;Обеспечение точки подключения к временному электроснабжению (трансформатор);;;5;
;100%;0 д;01.07.25;30.08.25;03.06.25;02.08.25;61 д;;;5;;673;545;;;НД;Устройство временного видеонаблюдения строительной площадки, СКУД;;;5;
;100%;0 д;01.07.25;30.08.25;03.06.25;02.08.25;61 д;;;5;;674;546;;;НД;Монтаж пожарного щита;;;5;
;100%;0 д;01.07.25;30.08.25;03.06.25;02.08.25;61 д;;;5;;675;547;;;НД;Монтаж места для курения;;;5;
;100%;0 д;01.07.25;30.08.25;03.06.25;02.08.25;61 д;;;5;;676;548;;;НД;Монтаж урны для мусора;;;5;
;100%;0 д;01.07.25;30.08.25;03.06.25;02.08.25;61 д;;;5;;677;549;;;НД;Монтаж места для отчистки обуви;;;5;
;100%;0 д;01.07.25;30.08.25;03.06.25;18.04.26;320 д;;;5;;678;550;;;НД;Производство и монтаж бытового городка;;;5;
;100%;0 д;01.07.25;30.08.25;03.06.25;02.08.25;61 д;;;5;;679;551;;;НД;Устройство помывочного пункта для колесной техники с подключением;;;5;
;0%;0 д;НД;НД;01.11.24;31.01.26;457 д;;;5;;680;552;;;НД;СОДЕРЖАНИЕ СТРОИТЕЛЬНОЙ ПЛОЩАДКИ;;;4;
;0%;0 д;НД;НД;01.11.24;31.01.26;457 д;;;6;;681;553;;;НД;Обслуживание строительной площадки;;;4;
;0%;0 д;НД;НД;01.11.24;31.01.26;457 д;;;7;;682;554;;;НД;Возмещаемое электроснабжение на период строительства;;;5;
;0%;0 д;НД;НД;01.11.24;31.01.26;457 д;;;7;;683;555;;;НД;Обслуживание стройплощадки ( в т.ч. туалеты, помывочные пункты для колесной техники, уборка территории);;;5;
;0%;0 д;НД;НД;01.11.24;31.01.26;457 д;;;7;;684;556;;;НД;Оплата интернета для штаба строительства;;;5;
;0%;0 д;НД;НД;01.11.24;31.01.26;457 д;;;7;;685;557;;;НД;Демобилизация (демонтаж ограждения);;;5;
;0%;0 д;НД;НД;01.11.24;31.01.26;457 д;;;6;;686;558;;;НД;Должная осмотрительность;;;4;
;0%;0 д;НД;НД;01.11.24;31.01.26;457 д;;;7;;687;559;;;НД;Монтаж временного КПП;;;5;
;0%;0 д;НД;НД;01.11.24;31.01.26;457 д;;;7;;688;560;;;НД;СКУД, видеонаблюдение;;;5;
;0%;0 д;НД;НД;01.11.24;31.01.26;457 д;;;7;;689;561;;;НД;Охрана объекта 2 пост/ 3 чел.;;;5;
;0%;0 д;НД;НД;01.11.24;31.01.26;457 д;;;7;;690;562;;;НД;Должная осмотрительность;;;5;
d1ee21a0-4daa-11f0-a555-005056026d24;68%;457 д;01.06.25;30.09.26;01.05.25;22.10.26;540 д;;;4;СМР;691;3016;;;НД;СОДЕРЖАНИЕ СТРОИТЕЛЬНОЙ ПЛОЩАДКИ;Лот №02. Содержание строительной площадки;;4;
b0f9f4eb-4daa-11f0-a555-005056026d24;48%;457 д;01.06.25;30.09.26;01.05.25;22.10.26;540 д;;;5;СМР;692;3017;;;НД;Обслуживание строительной площадки;2.1. Обслуживание строительной площадки;;4;
;48%;457 д;01.06.25;30.09.26;01.05.25;22.10.26;540 д;;;6;СМР;693;3018;;;01.05.25;Возмещаемое электроснабжение на период строительства;;;5;
;48%;457 д;01.06.25;30.09.26;01.05.25;22.10.26;540 д;;;6;СМР;694;3019;;;01.05.25;Обслуживание стройплощадки ( в т.ч. туалеты, помывочные пункты для колесной техники, уборка территории);;;5;
;48%;457 д;01.06.25;30.09.26;01.05.25;22.10.26;540 д;;;6;СМР;695;3020;;;01.05.25;Оплата интернета для штаба строительства;;;5;
;48%;457 д;01.06.25;30.09.26;01.05.25;22.10.26;540 д;;;6;СМР;696;3021;;;01.05.25;Демобилизация (демонтаж ограждения);;;5;
fe36581d-4daa-11f0-a555-005056026d24;100%;457 д;01.06.25;30.09.26;01.05.25;24.07.26;450 д;;;5;СМР;697;3022;;;НД;Должная осмотрительность;2.2. Должная осмотрительность;;4;
;100%;457 д;01.08.25;30.08.25;01.05.25;30.05.25;30 д;;;6;СМР;698;3023;;;НД;Монтаж временного КПП;;;5;
;100%;457 д;01.06.25;30.09.26;01.05.25;24.07.26;450 д;;;6;СМР;699;3024;;;НД;СКУД, видеонаблюдение;;;5;
;100%;457 д;01.06.25;30.09.26;01.05.25;24.07.26;450 д;;;6;СМР;700;3025;;;НД;Охрана объекта 2 пост/ 3 чел.;;;5;
;100%;457 д;01.06.25;30.09.26;01.05.25;24.07.26;450 д;;;6;СМР;701;3026;;;НД;Должная осмотрительность;;;5;
203c68fb-4dab-11f0-a555-005056026d24;100%;0 д;01.07.25;30.10.25;03.06.25;02.12.25;183 д;;;4;;702;563;;;НД;Земляные работы;Лот №03. Земляные работы;;4;
;100%;0 д;01.07.25;30.10.25;03.06.25;02.12.25;183 д;;;5;;703;564;;;НД;Срезка растительного слоя с перемещением по строительной площадке h=300мм.;;;5;
;100%;0 д;01.07.25;30.10.25;03.06.25;02.12.25;183 д;;;5;;704;565;;;НД;Утилизация растительного грунта;;;5;
;100%;0 д;01.07.25;30.10.25;03.06.25;02.12.25;183 д;;;5;;705;566;;;НД;Складирование/окучивание растительного грунта;;;5;
;100%;0 д;01.07.25;30.10.25;03.06.25;02.12.25;183 д;;;5;;706;567;;;НД;Разработка грунта с погрузкой на самосвалы;;;5;
;100%;0 д;01.07.25;30.10.25;03.06.25;02.12.25;183 д;;;5;;707;568;;;НД;Перемещение грунта по строительной площадке;;;5;
;100%;0 д;01.07.25;30.10.25;03.06.25;02.12.25;183 д;;;5;;708;569;;;НД;Устройство насыпи из грунта с послойным уплотнением до требуемого коэфициэнта, в соответствии с требованиями проектной документации;;;5;
;100%;0 д;01.07.25;30.10.25;03.06.25;02.12.25;183 д;;;5;;709;570;;;НД;Планировка участка до проектной отметки;;;5;
188d1757-4dac-11f0-a555-005056026d24;0%;0 д;01.08.25;30.06.26;15.05.26;30.11.26;200 д;;;4;;710;571;;;НД;Благоустройство;Лот №04. Благоустройство;;4;
;0%;0 д;01.08.25;30.06.26;15.05.26;30.11.26;200 д;;;5;;711;572;;"742ОН-120 д;743ОН-120 д;744ОН-120 д;745ОН-120 д;746ОН-120 д;747ОН-120 д;748ОН-120 д;749ОН-120 д;750ОН-120 д;751ОН-120 д;753ОН-120 д;754ОН-120 д;755ОН-120 д;756ОН-120 д;757ОН-120 д;758ОН-120 д;759ОН-120 д;760ОН-120 д;761ОН-120 д;762ОН-120 д;763ОН-120 д;...";15.05.26;Основание под асфальтирование: стабилизация (лето 2025);;;5;
;0%;0 д;01.08.25;30.06.26;15.05.26;30.11.26;200 д;;;5;;712;573;;;15.05.26;Основание под асфальтирование: песок 200 мм, щебень 200 мм, георешетка (лето 2025);;;5;
;0%;0 д;01.08.25;30.06.26;15.05.26;30.11.26;200 д;;;5;;713;574;;"829НН+30 д;830НН+30 д";15.05.26;"Асфальтирование горячий пористый асфальтобетон марки II из крупнозернистой щебеночной (гравийной) смеси, марка битума БНД-60/90 -60мм.; горячий плотный асфальтобетон марки II из мелкозернистой щебеночной 50 мм (гравийной) смеси типа Б, марка битума БНД/БН";;;5;
;0%;0 д;01.08.25;30.06.26;15.05.26;30.11.26;200 д;;;5;;714;575;;;15.05.26;Асфальтирование горячий пористый асфальтобетон марки II из крупнозернистой щебеночной (гравийной) смеси, марка битума БНД-60/90 -60мм. (с бордюром и разметкой термопастиком);;;5;
;0%;0 д;01.05.26;30.06.26;15.05.26;30.11.26;200 д;;;5;;715;576;;;15.05.26;Радиусный бордюр (лето 2025);;;5;
;0%;0 д;01.05.26;30.06.26;15.05.26;30.11.26;200 д;;;5;;716;577;;;15.05.26;Покрытие тротуаров, отмостки из асфальтобетона -50мм с основанием;;;5;
;0%;0 д;01.05.26;30.06.26;15.05.26;30.11.26;200 д;;;5;;717;578;;;15.05.26;Покрытие тротуаров, отмостки из тротуарных плит, с основанием;;;5;
;0%;0 д;01.05.26;30.06.26;15.05.26;30.11.26;200 д;;;5;;718;579;;;15.05.26;Устройство примыканий с водопропускными трубами не менее 40м;;;5;
;0%;0 д;01.05.26;30.06.26;15.05.26;30.11.26;200 д;;;5;;719;580;;;15.05.26;Покрытие площадок из резиновой крошки с основанием;;;5;
;0%;0 д;01.05.26;30.06.26;15.05.26;30.11.26;200 д;;;5;;720;581;;;15.05.26;Подпорные стены (в тч земляные работы, основание, бетонная подготовка);;;5;
;0%;0 д;01.05.26;30.06.26;15.05.26;30.11.26;200 д;;;5;;721;582;;;15.05.26;Покрытие дорожки из асфальтобетонной крошки/щебня (парк);;;5;
;0%;0 д;01.05.26;30.06.26;15.05.26;30.11.26;200 д;;;5;;722;583;;;15.05.26;Основание под настил из террасной доски;;;5;
;0%;0 д;01.05.26;30.06.26;15.05.26;30.11.26;200 д;;;5;;723;584;;;15.05.26;Настил из террасной доски (лиственница);;;5;
;0%;0 д;01.05.26;30.06.26;15.05.26;30.11.26;200 д;;;5;;724;585;;;15.05.26;Газон;;;5;
;0%;0 д;01.05.26;30.06.26;15.05.26;30.11.26;200 д;;;5;;725;586;;;15.05.26;Устройство ограждения земельного участка h=2,0м (фасад);;;5;
;0%;0 д;01.05.26;30.06.26;15.05.26;30.11.26;200 д;;;5;;726;587;;;15.05.26;Устройство ограждения земельного участка h=2,0м (FENSYS или аналог);;;5;
;0%;0 д;01.05.26;30.06.26;15.05.26;30.11.26;200 д;;;5;;727;588;;;15.05.26;Устройство ограждения контейнерной площадки (профлист на металлическом каркасе, цвет RAL 7024);;;5;
;0%;0 д;01.05.26;30.06.26;15.05.26;30.11.26;200 д;;;5;;728;589;;;15.05.26;Устройство ограждения земельного участка h=2,5м (FENSYS или аналог);;;5;
;0%;0 д;01.05.26;30.06.26;15.05.26;30.11.26;200 д;;;5;;729;590;;;15.05.26;Устройство откатных ворот для проема шириной 8.0 м, h=2.0 м;;;5;
;0%;0 д;01.05.26;30.06.26;15.05.26;30.11.26;200 д;;;5;;730;591;;;15.05.26;Устройство распашных ворот (2 створки) для проема шириной 6м, h=2.0 м (FENSYS или аналог);;;5;
;0%;0 д;01.05.26;30.06.26;15.05.26;30.11.26;200 д;;;5;;731;592;;;15.05.26;Устройство распашных ворот (2 створки) для проема шириной 4.5 м, h=2.0 м (FENSYS или аналог);;;5;
;0%;0 д;01.05.26;30.06.26;15.05.26;30.11.26;200 д;;;5;;732;593;;;15.05.26;Устройство распашных ворот (2 створки) для проема шириной 3.5 м, h=2.0 м (FENSYS или аналог);;;5;
;0%;0 д;01.05.26;30.06.26;15.05.26;30.11.26;200 д;;;5;;733;594;;;15.05.26;Устройство калитки в ограждении b=1,2м (FENSYS или аналог);;;5;
;0%;0 д;01.05.26;30.06.26;15.05.26;30.11.26;200 д;;;5;;734;595;;;15.05.26;Устройство фундаментов для колесных напраляющих;;;5;
;0%;0 д;01.05.26;30.06.26;15.05.26;30.11.26;200 д;;;5;;735;596;;;15.05.26;Площадка под мусорные конейнеры на 8м3;;;5;
;0%;0 д;01.05.26;30.06.26;15.05.26;30.11.26;200 д;;;5;;736;597;;;15.05.26;Площадка под мусорные конейнеры на 1,1м3;;;5;
;0%;0 д;01.05.26;30.06.26;15.05.26;30.11.26;200 д;;;5;;737;598;;;15.05.26;Опора освещения с фонарем;;;5;
;0%;0 д;01.05.26;30.06.26;15.05.26;30.11.26;200 д;;;5;;738;599;;;15.05.26;Навес для техники;;;5;
;0%;0 д;01.05.26;30.06.26;15.05.26;30.11.26;200 д;;;5;;739;600;;;15.05.26;Бытовой городок (РММ, хранение инструментов);;;5;
;0%;0 д;01.05.26;30.06.26;15.05.26;30.11.26;200 д;;;5;;740;601;;;15.05.26;Капельный полив;;;5;
61f1bd60-4dac-11f0-a555-005056026d24;0%;0 д;01.05.26;30.06.26;03.08.26;30.11.26;120 д;;;4;;741;602;;;НД;Ландшафтное озеленение. МАФ;Лот №05. Ландшафтное озеленение. МАФ;;4;
;0%;0 д;01.05.26;30.06.26;03.08.26;30.11.26;120 д;;;5;;742;603;711ОН-120 д;;НД;Ландшафтное озелениение - многолетние травы, кустарники, деревья (в т.ч.аллея);;;5;
;0%;0 д;01.05.26;30.06.26;03.08.26;30.11.26;120 д;;;5;;743;604;711ОН-120 д;;НД;Ландшафтное озелениение у АБК Base;;;5;
;0%;0 д;01.05.26;30.06.26;03.08.26;30.11.26;120 д;;;5;;744;605;711ОН-120 д;;НД;Ландшафтное озелениение у АБК Point;;;5;
;0%;0 д;01.05.26;30.06.26;03.08.26;30.11.26;120 д;;;5;;745;606;711ОН-120 д;;НД;Ландшафтное озелениение у АБК Studio;;;5;
;0%;0 д;01.05.26;30.06.26;03.08.26;30.11.26;120 д;;;5;;746;607;711ОН-120 д;;НД;Ландшафтное озелениение у АБК Urban;;;5;
;0%;0 д;01.05.26;30.06.26;03.08.26;30.11.26;120 д;;;5;;747;608;711ОН-120 д;;НД;Ландшафтное озелениение у АБК Urban (большая зона);;;5;
;0%;0 д;01.05.26;30.06.26;03.08.26;30.11.26;120 д;;;5;;748;609;711ОН-120 д;;НД;Дорожные знаки;;;5;
;0%;0 д;01.05.26;30.06.26;03.08.26;30.11.26;120 д;;;5;;749;610;711ОН-120 д;;НД;МАФ (скамейки);;;5;
;0%;0 д;01.05.26;30.06.26;03.08.26;30.11.26;120 д;;;5;;750;611;711ОН-120 д;;НД;МАФ (урны);;;5;
;0%;0 д;01.05.26;30.06.26;03.08.26;30.11.26;120 д;;;5;;751;612;711ОН-120 д;;НД;МАФ (велопарковка на 5 мест);;;5;
6d492670-4dc8-11f0-a555-005056026d24;0%;0 д;01.05.26;30.06.26;03.08.26;30.11.26;120 д;;;4;;752;613;;;НД;Объекты благоустройства;Лот №06. Объекты благоустройства;;4;
;0%;0 д;01.05.26;30.06.26;03.08.26;30.11.26;120 д;;;5;;753;614;711ОН-120 д;"834ОО;836ОО;838ОО;839ОО";НД;КПП отдельностоящее, заводского изготовления 2,4*6,4м с отделкой;;;5;
;0%;0 д;01.05.26;30.06.26;03.08.26;30.11.26;120 д;;;5;;754;615;711ОН-120 д;;НД;Шлагбаум 4м (одна стрела);;;5;
;0%;0 д;01.05.26;30.06.26;03.08.26;30.11.26;120 д;;;5;;755;616;711ОН-120 д;;НД;Шлагбаум 5м (одна стрела);;;5;
;0%;0 д;01.05.26;30.06.26;03.08.26;30.11.26;120 д;;;5;;756;617;711ОН-120 д;;НД;Шлагбаум 5,5м (одна стрела);;;5;
;0%;0 д;01.05.26;30.06.26;03.08.26;30.11.26;120 д;;;5;;757;618;711ОН-120 д;;НД;Шлагбаум 6м (одна стрела);;;5;
;0%;0 д;01.05.26;30.06.26;03.08.26;30.11.26;120 д;;;5;;758;619;711ОН-120 д;;НД;Стол для настольного тенниса;;;5;
;0%;0 д;01.05.26;30.06.26;03.08.26;30.11.26;120 д;;;5;;759;620;711ОН-120 д;;НД;Workout без теннисного стола с покрытием из резиновой крошки;;;5;
;0%;0 д;01.05.26;30.06.26;03.08.26;30.11.26;120 д;;;5;;760;621;711ОН-120 д;;НД;Павильон для курения;;;5;
;0%;0 д;01.05.26;30.06.26;03.08.26;30.11.26;120 д;;;5;;761;622;711ОН-120 д;;НД;Стойка баскетбольная;;;5;
;0%;0 д;01.05.26;30.06.26;03.08.26;30.11.26;120 д;;;5;;762;623;711ОН-120 д;;НД;Зарядная станция для электрокаров, мощностью 44кВт на 2 поста;;;5;
;0%;0 д;01.05.26;30.06.26;03.08.26;30.11.26;120 д;;;5;;763;624;711ОН-120 д;;НД;Пергола;;;5;
;0%;0 д;01.05.26;30.06.26;03.08.26;30.11.26;120 д;;;5;;764;625;711ОН-120 д;;НД;Мойка-робот на 1 пост с помещением;;;5;
;0%;0 д;01.05.26;30.06.26;03.08.26;30.11.26;120 д;;;5;;765;627;711ОН-120 д;;НД;Уличное радиовещание (в т.ч.оборудование с кабельными линиями);;;5;
;0%;0 д;01.05.26;30.06.26;03.08.26;30.11.26;120 д;;;5;;766;628;711ОН-120 д;;НД;Спортивный шатер;;;5;
;0%;0 д;01.05.26;30.06.26;03.08.26;30.11.26;120 д;;;5;;767;629;711ОН-120 д;;НД;Искусственное покрытие;;;5;
b1a20f9a-4de8-11f0-a555-005056026d24;33%;0 д;01.06.25;30.11.25;01.08.25;22.12.26;509 д;;;4;;768;630;;;НД;ИНЖЕНЕРНЫЕ СЕТИ: ВОДОСНАБЖЕНИЕ, ВОДОТВЕДЕНИЕ;Лот №21. Инженерные сети: водоснабжение, водоотведение;;4;
931f03d3-4de8-11f0-a555-005056026d24;33%;0 д;01.06.25;30.11.25;01.08.25;22.12.26;509 д;;;5;;769;631;;;НД;ВНУТРИПЛОЩАДОЧНЫЕ ИНЖЕНЕРНЫЕ СЕТИ: ВОДОСНАБЖЕНИЕ, ВОДОТВЕДЕНИЕ;21.1. Внутриплощадочные инженерные сети;;4;
;40%;0 д;01.06.25;30.11.25;01.08.25;28.09.26;240 д;;;6;;770;633;571;"784ОН-140 д;785ОН-140 д;786ОН-140 д;787ОН-140 д;788ОН-140 д;789ОН-140 д;790ОН-140 д;791ОН-140 д;792ОН-140 д;793ОН-140 д;794ОН-140 д;795ОН-140 д;796ОН-140 д;797ОН-140 д;798ОН-140 д;799ОН-140 д;800ОН-140 д;801ОН-140 д;802ОН-140 д;803ОН-140 д;804ОН-140 д;...";НД;Водоснабжение В1, В2;;;5;
;35%;0 д;01.07.25;30.11.25;01.08.25;28.09.26;240 д;;;6;;771;634;571;1779;НД;Капельный полив В3;;;5;
;35%;0 д;01.06.25;30.11.25;01.08.25;28.09.26;240 д;;;6;;772;635;571;1779;НД;Канализация хозяйственно-бытовых стоков К1;;;5;
;35%;0 д;01.06.25;30.11.25;01.08.25;28.09.26;240 д;;;6;;773;637;571;1779;НД;Канализация ливневых стоков К2, производственная К3;;;5;
;35%;0 д;01.07.25;30.11.25;01.08.25;28.09.26;240 д;;;6;;774;639;571;1779;НД;Канализация ливневых стоков К2 + монтаж ЛОС, КНС;;;5;
;35%;0 д;01.07.25;30.11.25;01.08.25;28.09.26;240 д;;;6;;775;640;571;1779;НД;Накопительные канализационные насосные станции с регулирующими резервуарами (КНС, емкости с КНС 120м3, емкости 120м3);;;5;
;0%;0 д;01.07.25;30.11.25;27.04.26;22.12.26;240 д;;;6;;776;641;571;1779;НД;КНС с оборудованием (d=2500 мм и h=6000 мм);;;5;
;35%;0 д;01.07.25;30.11.25;01.08.25;28.09.26;240 д;;;6;;777;644;571;1779;НД;Противопожарные резервуары 2*250 м3 с насосной станцией;;;5;
;35%;0 д;01.07.25;30.11.25;01.08.25;29.09.26;425 д;;;6;;778;647;;;НД;ВНЕПЛОЩАДОЧНЫЕ ИНЖЕНЕРНЫЕ СЕТИ;;;4;
;35%;0 д;01.07.25;30.11.25;01.08.25;29.09.26;240 д;;;7;;779;649;571;1779;01.08.25;Водоснабжение В1, В2;;;5;
;35%;0 д;01.07.25;30.11.25;01.08.25;29.09.26;240 д;;;7;;780;650;571;1779;01.08.25;Канализация хозяйственно-бытовых стоков К1;;;5;
;35%;0 д;01.07.25;30.11.25;01.08.25;29.09.26;240 д;;;7;;781;651;571;1779;01.08.25;Канализация ливневых стоков К2, производственная К3;;;5;
0bc893ae-4de9-11f0-a555-005056026d24;0%;0 д;01.08.25;30.04.26;11.05.26;08.09.26;120 д;;;4;;782;652;;;НД;ИНЖЕНЕРНЫЕ СЕТИ: ЭЛЕКТРОСНАБЖЕНИЕ;Лот №24. Инженерные сети: электроснабжение;;4;
f79e74a6-4de8-11f0-a555-005056026d24;0%;0 д;01.08.25;30.04.26;11.05.26;08.09.26;120 д;;;5;;783;653;;;НД;ВНУТРИПЛОЩАДОЧНЫЕ ИНЖЕНЕРНЫЕ СЕТИ: ЭЛЕКТРОСНАБЖЕНИЕ;24.1. Внутриплощадочные инженерные сети;;4;
;0%;0 д;01.08.25;28.02.26;11.05.26;08.09.26;120 д;;;6;;784;654;770ОН-140 д;1780;НД;Электроснабжение 0,4 кВ (до 50кВт);;;5;
;0%;0 д;01.12.25;30.04.26;11.05.26;08.09.26;120 д;;;6;;785;655;770ОН-140 д;1780;НД;Электроснабжение 0,4 кВ (более 50кВт);;;5;
;0%;0 д;01.12.25;30.04.26;11.05.26;08.09.26;120 д;;;6;;786;656;770ОН-140 д;1780;НД;Электроснабжение до 10 кВ, 2 кабеля в траншее;;;5;
;0%;0 д;01.12.25;30.04.26;11.05.26;08.09.26;120 д;;;6;;787;657;770ОН-140 д;1780;НД;Электроснабжение до 10 кВ с канализированием;;;5;
;0%;0 д;01.12.25;30.04.26;11.05.26;08.09.26;120 д;;;6;;788;658;770ОН-140 д;1780;НД;Электроснабжение 10 кВ до 4 мВт;;;5;
;0%;0 д;01.12.25;30.04.26;11.05.26;10.06.26;30 д;;;6;;789;659;770ОН-140 д;1780;НД;ТП в составе РТП (Трансформаторы 2х630кВА);;;5;
;0%;0 д;01.12.25;30.04.26;11.05.26;10.06.26;30 д;;;6;;790;661;770ОН-140 д;1780;НД;Пристоеннная ТП Блок А;;;5;
;0%;0 д;01.12.25;30.04.26;11.05.26;10.06.26;30 д;;;6;;791;662;770ОН-140 д;1780;НД;Пристоеннная ТП (Трансформаторы 2х250кВА);;;5;
;0%;0 д;01.12.25;30.04.26;11.05.26;10.06.26;30 д;;;6;;792;663;770ОН-140 д;1780;НД;Пристоеннная ТП (Трансформаторы 2х400кВА);;;5;
;0%;0 д;01.12.25;30.04.26;11.05.26;10.06.26;30 д;;;6;;793;664;770ОН-140 д;1780;НД;Пристоеннная ТП (Трансформаторы 2х600кВА);;;5;
;0%;0 д;01.12.25;30.04.26;11.05.26;10.06.26;30 д;;;6;;794;665;770ОН-140 д;1780;НД;Пристоеннная ТП (Трансформаторы 2х1250кВА);;;5;
;0%;0 д;01.12.25;30.04.26;11.05.26;10.06.26;30 д;;;6;;795;666;770ОН-140 д;1780;НД;Пристоеннная ТП (Трансформаторы 2х1600кВА);;;5;
;0%;0 д;01.12.25;30.04.26;11.05.26;10.06.26;30 д;;;6;;796;667;770ОН-140 д;1780;НД;Пристоеннная ТП (Трансформаторы 2х2000кВА);;;5;
;0%;0 д;01.12.25;30.04.26;11.05.26;10.06.26;30 д;;;6;;797;668;770ОН-140 д;1780;НД;Пристоеннная ТП (Трансформаторы 2х1000кВА);;;5;
;0%;0 д;01.12.25;30.04.26;11.05.26;10.06.26;30 д;;;6;;798;669;770ОН-140 д;1780;НД;РТП мощностью 3127,08 кВт;;;5;
;0%;0 д;01.12.25;30.04.26;11.05.26;10.06.26;30 д;;;6;;799;670;770ОН-140 д;1780;НД;Ячейки в РП (КРМО);;;5;
;0%;0 д;01.12.25;30.04.26;11.05.26;10.06.26;30 д;;;6;;800;671;770ОН-140 д;1780;НД;Ячейки в РТП;;;5;
;0%;0 д;01.12.25;30.04.26;11.05.26;10.06.26;30 д;;;6;;801;675;770ОН-140 д;1780;НД;ДГУ Блок А;;;5;
;0%;0 д;01.12.25;30.04.26;11.05.26;10.06.26;30 д;;;6;;802;677;770ОН-140 д;1780;НД;ДГУ 49 кВт;;;5;
;0%;0 д;01.12.25;30.04.26;11.05.26;10.06.26;30 д;;;6;;803;678;770ОН-140 д;1780;НД;ДГУ 52 кВт;;;5;
;0%;0 д;01.12.25;30.04.26;11.05.26;10.06.26;30 д;;;6;;804;679;770ОН-140 д;1780;НД;ДГУ 56 кВт;;;5;
;0%;0 д;01.12.25;30.04.26;11.05.26;10.06.26;30 д;;;6;;805;680;770ОН-140 д;1780;НД;ДГУ 60 кВт;;;5;
;0%;0 д;01.12.25;30.04.26;11.05.26;10.06.26;30 д;;;6;;806;685;770ОН-140 д;1780;НД;ДГУ 75 кВт;;;5;
;0%;0 д;01.12.25;30.04.26;11.05.26;10.06.26;30 д;;;6;;807;686;770ОН-140 д;1780;НД;ДГУ 218 кВт;;;5;
;0%;0 д;01.12.25;30.04.26;11.05.26;10.06.26;30 д;;;6;;808;687;770ОН-140 д;1780;НД;ДГУ 250 кВт;;;5;
;0%;0 д;01.12.25;30.04.26;11.05.26;08.09.26;120 д;;;6;;809;690;770ОН-140 д;1780;НД;Канализация под слабые токи;;;5;
20a466a6-4de9-11f0-a555-005056026d24;0%;0 д;01.08.25;30.04.26;11.05.26;08.09.26;120 д;;;5;;810;691;;;НД;ВНЕПЛОЩАДОЧНЫЕ ИНЖЕНЕРНЫЕ СЕТИ: ЭЛЕКТРОСНАБЖЕНИЕ;24.2. Внеплощадочные инженерные сети;;4;
;0%;0 д;01.08.25;30.04.26;11.05.26;08.09.26;120 д;;;6;;811;692;770ОН-140 д;1780;НД;Электроснабжение 0,4 кВ до 50кВт;;;5;
;0%;0 д;01.08.25;30.04.26;11.05.26;08.09.26;120 д;;;6;;812;693;770ОН-140 д;1780;НД;Электроснабжение 0,4 кВ более 50кВт;;;5;
;0%;0 д;01.08.25;30.04.26;11.05.26;08.09.26;120 д;;;6;;813;694;770ОН-140 д;1780;НД;Электроснабжение до 10 кВ без канализирования;;;5;
;0%;0 д;01.08.25;30.04.26;11.05.26;08.09.26;120 д;;;6;;814;695;770ОН-140 д;1780;НД;Электроснабжение до 10 кВ с канализированием;;;5;
20a466a6-4de9-11f0-a555-005056026d24;0%;0 д;01.08.25;30.04.26;11.05.26;10.06.26;30 д;;вместо ДГУ есть подключение объектов - это одно и то же или заменить?;5;;815;696;770ОН-140 д;;НД;ДГУ;24.2. Внеплощадочные инженерные сети;;4;
91c01e1f-4de9-11f0-a555-005056026d24;18%;0 д;01.08.25;28.02.26;29.04.26;08.09.26;132 д;;;4;;816;697;;;НД;ИНЖЕНЕРНЫЕ СЕТИ: ГАЗОСНАБЖЕНИЯ;Лот №25. Инженерные сети: газоснабжение;;4;
47e2d1c2-4de9-11f0-a555-005056026d24;17%;0 д;01.08.25;28.02.26;11.05.26;08.09.26;120 д;;;5;;817;698;;;НД;ВНУТРИПЛОЩАДОЧНЫЕ ИНЖЕНЕРНЫЕ СЕТИ ГАЗОСНАБЖЕНИЯ;25.1. Внутриплощадочные инженерные сети;;4;
;60%;0 д;01.08.25;30.01.26;11.05.26;08.09.26;120 д;;;6;;818;699;770ОН-140 д;1781;НД;Газопровод подземный;;;5;
a3fe9084-4de9-11f0-a555-005056026d24;0%;0 д;01.10.25;28.02.26;11.05.26;10.06.26;30 д;;;6;;819;701;770ОН-140 д;1781;НД;Котельная Блок А;25.2. Внеплощадочные инженерные сети;;5;
a3fe9084-4de9-11f0-a555-005056026d24;0%;0 д;01.10.25;28.02.26;11.05.26;10.06.26;30 д;;;6;;820;703;770ОН-140 д;1781;НД;Котельная (оборудование, вн. газопровод, врезка, пнр) мощностью 293,43 кВт;25.2. Внеплощадочные инженерные сети;;5;
a3fe9084-4de9-11f0-a555-005056026d24;0%;0 д;НД;НД;11.05.26;10.06.26;30 д;;;6;;821;706;770ОН-140 д;1781;НД;Котельная (оборудование, вн. газопровод, врезка, пнр) мощностью 450,58 кВт;25.2. Внеплощадочные инженерные сети;;5;
a3fe9084-4de9-11f0-a555-005056026d24;0%;0 д;НД;НД;11.05.26;10.06.26;30 д;;;6;;822;707;770ОН-140 д;1781;НД;Котельная (оборудование, вн. газопровод, врезка, пнр) мощностью 517,48 кВт;25.2. Внеплощадочные инженерные сети;;5;
a3fe9084-4de9-11f0-a555-005056026d24;0%;0 д;01.10.25;28.02.26;11.05.26;10.06.26;30 д;;;6;;823;713;770ОН-140 д;1781;НД;Котельная (оборудование, вн. газопровод, врезка, пнр) мощностью 1209,07 кВт;25.2. Внеплощадочные инженерные сети;;5;
a3fe9084-4de9-11f0-a555-005056026d24;0%;0 д;01.10.25;28.02.26;11.05.26;10.06.26;30 д;;;6;;824;714;770ОН-140 д;1781;НД;Котельная (оборудование, вн. газопровод, врезка, пнр) мощностью 933,93 кВт;25.2. Внеплощадочные инженерные сети;;5;
;0%;0 д;01.10.25;28.02.26;11.05.26;08.09.26;120 д;;;6;;825;716;770ОН-140 д;1781;НД;Газораспределительный пункт ГРП;;;5;
a3fe9084-4de9-11f0-a555-005056026d24;20%;0 д;01.10.25;30.01.26;29.04.26;27.08.26;120 д;;;5;;826;717;;;НД;ВНЕПЛОЩАДОЧНЫЕ ИНЖЕНЕРНЫЕ СЕТИ: ГАЗОСНАБЖЕНИЯ;25.2. Внеплощадочные инженерные сети;;4;
;20%;0 д;01.10.25;30.01.26;29.04.26;27.08.26;120 д;;;6;;827;718;770ОН-140 д;;НД;Газопровод подземный;;;5;
;0%;0 д;01.05.26;30.07.26;14.06.26;13.08.26;61 д;;;4;;828;722;;;НД;ВНЕПЛОЩАДОЧНЫЕ СЕТИ;;;4;
;0%;0 д;01.05.26;30.05.26;14.06.26;13.08.26;61 д;;;5;;829;723;713НН+30 д;;НД;Защита коммуникаций в местах организации въездов (дорожные плиты);;;5;
;0%;0 д;01.07.26;30.07.26;14.06.26;13.08.26;61 д;;;5;;830;724;713НН+30 д;;НД;Прокладка футряров для перспективных коммуникаций;;;5;
;0%;0 д;31.07.26;31.07.26;20.06.26;16.11.26;150 д;;;4;;831;729;;;НД;ВИДЕОНАБЛЮДЕНИЕ, СКУД;;;4;
;0%;0 д;НД;НД;20.06.26;16.11.26;150 д;;;5;;832;730;"861НН+20 д;1042НН+20 д;1242НН+20 д;956НН+20 д;1622НН+20 д;1141НН+20 д;1341НН+20 д;1441НН+20 д;1541НН+20 д";;НД;ВИДЕОНАБЛЮДЕНИЕ, СКУД;;;5;
;0%;0 д;01.09.25;30.08.26;05.01.26;30.11.26;330 д;;;4;;833;731;;;НД;Непредвиденные 10%;;;4;
;0%;0 д;01.09.25;30.08.26;05.01.26;30.11.26;330 д;;;5;;834;732;753ОО;;НД;Непредвиденные 10%;;;5;
;0%;0 д;01.09.25;30.08.26;05.01.26;30.11.26;330 д;;;4;;835;733;;;НД;ГУ 5% от стоимости работ;;;4;
;0%;0 д;01.09.25;30.08.26;05.01.26;30.11.26;330 д;;;5;;836;734;753ОО;;НД;ГУ 5% от стоимости работ;;;5;
;35%;0 д;01.05.25;30.09.26;02.02.25;30.11.26;667 д;;;4;;837;1097;;;НД;Этап . СОПРОВОЖДЕНИЕ СТРОИТЕЛЬНО-МОНТАЖНЫХ РАБОТ;;;4;
;35%;0 д;01.05.25;30.09.26;02.02.25;30.11.26;667 д;;;5;;838;1098;753ОО;;НД;Авторское сопровождение проекта;;;5;
;35%;0 д;01.05.25;30.09.26;02.02.25;30.11.26;667 д;;;5;;839;1099;753ОО;;НД;Строительный контроль;;;5;
;1%;0 д;01.10.25;31.08.26;18.04.26;10.02.27;299 д;;План -60, факт - 12;3;;840;735;;;НД;Блок А (17 300 м2);;;3;
;0%;0 д;НД;НД;04.05.26;01.08.26;90 д;;;4;;841;4484;;;НД;Усиление грунтов;;;4;
5448e052-4dc8-11f0-a555-005056026d24;1%;0 д;НД;НД;04.05.26;30.05.26;27 д;;;5;;842;736;571;"1770;843ОН-7 д";30.05.26;Дополнительные изыскания;Лот №07. Сваи;;5;
;0%;0 д;НД;НД;24.05.26;01.08.26;70 д;;;5;;843;4482;842ОН-7 д;1770;НД;Усиление грунтов (Инъектирование);;;5;
81e66355-570e-11f0-a555-005056026d24;3%;0 д;01.10.25;31.04.26;18.04.26;01.10.26;167 д;;;4;;844;737;;;НД;КОРОБКА, КРОВЛЯ, СТЕНЫ;Лот №08. Коробка, кровля, стены;;4;
4345e571-4dc9-11f0-a555-005056026d24;40%;0 д;01.10.25;31.04.26;18.04.26;27.05.26;40 д;;;5;;845;738;115ОН+14 д;"847ОН-14 д;1770";01.12.25;Фундаменты сборные, ростверки и тд;8.1. Фундаменты сборные;;4;
;30%;0 д;01.10.25;31.03.26;14.05.26;12.06.26;30 д;;;5;;846;743;;;НД;Железобетонные колонны;;;4;
;30%;0 д;01.10.25;31.03.26;14.05.26;12.06.26;30 д;;;6;;847;744;845ОН-14 д;"849;853ОН-20 д;1770;851ОН-20 д";20.01.26;Установка колонн ;;;5;
;0%;0 д;01.10.25;31.03.26;13.06.26;12.07.26;30 д;;;5;;848;741;;;НД;Цокольные панели;;;4;
;0%;0 д;01.10.25;31.03.26;13.06.26;12.07.26;30 д;;;6;;849;742;847;1770;НД;Укладка цокольных панелей ;;;5;
57d09122-4dc9-11f0-a555-005056026d24;0%;0 д;01.10.25;31.05.26;24.05.26;06.06.26;14 д;;;5;;850;739;;;НД;Фундаменты монолитные;8.2. Фундаменты монолитные;;4;
;0%;0 д;01.10.25;30.05.26;24.05.26;06.06.26;14 д;;;6;;851;740;847ОН-20 д;"1770;856";НД;Устройство монолитной железобетонной плиты под КПП и технические помещения;;;5;
89d4a1fd-4dc9-11f0-a555-005056026d24;0%;0 д;01.10.25;31.07.26;24.05.26;09.09.26;109 д;;;5;;852;745;;;НД;Металлические конструкции;8.5. Металлические конструкции;;4;
;0%;0 д;01.10.25;31.07.26;24.05.26;22.06.26;30 д;;;6;;853;746;847ОН-20 д;"861НН+7 д;862НН+7 д;1770;854НН+20 д;871НН+20 д";01.02.26;Монтаж балок перекрытий, колонн, опор под оборудование;;;5;
;0%;0 д;01.10.25;31.07.26;13.06.26;12.07.26;30 д;;;6;;854;748;853НН+20 д;"870НН+14 д;1770;855ОН+7 д";01.02.26;Монтаж наружного фахверка;;;5;
;0%;0 д;01.10.25;31.07.26;20.07.26;02.09.26;45 д;;;6;;855;749;854ОН+7 д;"872НН+14 д;1770";01.02.26;Монтаж внутреннего фахверк;;;5;
;0%;0 д;01.10.25;31.07.26;07.06.26;27.06.26;21 д;;;6;;856;750;851;"1770;859ОН+14 д";01.02.26;Монтаж пристройки технические помещения;;;5;
;0%;0 д;01.10.25;30.04.26;27.07.26;09.09.26;45 д;;;6;;857;751;870НН+30 д;1770;01.02.26;Монтаж наружной металлической лестницы с покрытием из реш.настила (входные) с ограждением;;;5;
;0%;0 д;01.10.25;30.03.26;27.07.26;09.09.26;45 д;;;6;;858;752;870НН+30 д;1770;01.02.26;Монтаж м/к наружной металлической лестницы (в т. ч. Пожарной);;;5;
;0%;0 д;01.10.25;30.03.26;12.07.26;25.07.26;14 д;;;6;;859;755;856ОН+14 д;1770;01.02.26;Монтаж щитов металлических;;;5;
29911e79-4dca-11f0-a555-005056026d24;0%;0 д;01.10.25;30.04.26;31.05.26;29.06.26;30 д;;;5;;860;756;;;НД;Профилированный лист;8.6. Профилированный лист;;4;
;0%;0 д;01.10.25;30.04.26;31.05.26;29.06.26;30 д;;;6;;861;757;853НН+7 д;"832НН+20 д;1770";НД;Монтаж покрытия из профилированного листа ;;;5;
;0%;0 д;01.10.25;30.04.26;31.05.26;29.06.26;30 д;;;6;;862;758;853НН+7 д;"864НН+10 д;865НН+10 д;866НН+10 д;867НН+10 д;868НН+10 д;873ОН-7 д;1770;919НН+7 д;911НН+14 д;912НН+30 д;913НН+30 д;914НН+30 д;916НН+45 д;920НН+60 д";НД;Монтаж покрытия из профилированного листа технических помещений;;;5;
d85d6bcd-4dc8-11f0-a555-005056026d24;0%;0 д;01.10.25;31.05.26;10.06.26;10.08.26;62 д;;;5;;863;767;;;НД;Кровля;8.8. Кровля;;4;
;0%;0 д;01.10.25;31.05.26;10.06.26;10.08.26;62 д;;;6;;864;768;862НН+10 д;1770;НД;Устройство пароизоляции;;;5;
;0%;0 д;01.10.25;31.05.26;10.06.26;10.08.26;62 д;;;6;;865;769;862НН+10 д;1770;НД;Утепление покрытий PIR 60 мм;;;5;
;0%;0 д;01.10.25;31.05.26;10.06.26;10.08.26;62 д;;;6;;866;770;862НН+10 д;1770;НД;Утепление покрытий плитами из минеральной ваты 50 мм;;;5;
;0%;0 д;01.10.25;31.05.26;10.06.26;10.08.26;62 д;;;6;;867;771;862НН+10 д;1770;НД;Устройство плоских однослойных кровель из пвх мембран ecoplast v-rp (1,2 мм) (со сваркой полотен) с укладкой разделительного слоя по утеплителю, с устройством примыканий;;;5;
;0%;0 д;01.10.25;31.05.26;10.06.26;10.08.26;62 д;;;6;;868;772;862НН+10 д;1770;НД;Система дождевой канализации (сифонно-вакуумная система внутреннего водостока) с врезкой в колодец;;;5;
1fb58214-4dc9-11f0-a555-005056026d24;0%;0 д;01.10.25;30.04.26;13.06.26;01.10.26;111 д;;;5;;869;759;;;НД;Ограждающие конструкции;8.7. Ограждающие конструкции;;4;
;0%;0 д;01.10.25;30.04.26;27.06.26;25.08.26;60 д;;;6;;870;760;854НН+14 д;"876НН+30 д;878НН+30 д;881НН+30 д;882НН+30 д;883НН+30 д;884НН+30 д;887НН+30 д;888НН+30 д;890НН+30 д;892НН+30 д;893НН+30 д;894НН+30 д;895НН+30 д;896НН+30 д;898;899НН+21 д;902НН+14 д;934ОН-21 д;938НН+19 д;1770;857НН+30 д;858НН+30 д;908ОН-21 д;927ОН-21 д;9...";30.04.26;Монтаж сэндвич-панелей внешних;;;5;
;0%;0 д;01.10.25;30.04.26;13.06.26;12.07.26;30 д;;;6;;871;761;853НН+20 д;"904НН+14 д;905НН+14 д;906НН+14 д;1770";30.04.26;Монтаж сэндвич-панелей внешних (АБК);;;5;
;0%;0 д;01.10.25;30.04.26;03.08.26;01.10.26;60 д;;;6;;872;762;855НН+14 д;1770;30.04.26;Монтаж сэндвич-панелей внутренних;;;5;
54c0dc50-4dca-11f0-a555-005056026d24;0%;0 д;01.10.25;31.05.26;23.06.26;20.09.26;90 д;;;4;;873;773;862ОН-7 д;1770;НД;Внутренние лестницы;Лот №09. Внутренние лестницы;;4;
bc870b25-4de6-11f0-a555-005056026d24;0%;0 д;01.03.26;31.07.26;27.07.26;24.09.26;60 д;;;4;;874;781;;;НД;ОКНА;Лот №12. Окна;;4;
fcc34f08-4dcb-11f0-a555-005056026d24;0%;0 д;01.03.26;31.07.26;27.07.26;24.09.26;60 д;;;5;;875;782;;;НД;Наружные;12.1. Наружные оконные блоки;;4;
;0%;0 д;01.03.26;31.07.26;27.07.26;24.09.26;60 д;;;6;;876;783;870НН+30 д;"638НН-2 д;1770";НД;Наружные оконные блоки с ламинацией;;;5;
11f7bcc7-4dcc-11f0-a555-005056026d24;0%;0 д;01.03.26;31.07.26;27.07.26;24.09.26;60 д;;;5;;877;784;;;НД;Внутренние;12.2. Внутренние оконные блоки;;4;
;0%;0 д;01.03.26;31.07.26;27.07.26;24.09.26;60 д;;;6;;878;785;870НН+30 д;"638НН-2 д;1770";НД;Внутренние двери металлические размером 2080*970 мм;;;5;
4d33fc43-4dcc-11f0-a555-005056026d24;0%;0 д;01.03.26;31.07.26;27.07.26;24.09.26;60 д;;;4;;879;786;;;НД;ВИТРАЖИ;Лот №13. Витражи;;4;
;0%;0 д;01.03.26;31.07.26;27.07.26;24.09.26;60 д;;;5;;880;787;;;НД;Наружные;;;4;
;0%;0 д;01.03.26;31.07.26;27.07.26;24.09.26;60 д;;;6;;881;788;870НН+30 д;"637НН-2 д;1770";НД;Наружные витражи;;;5;
;0%;0 д;01.03.26;31.07.26;27.07.26;24.09.26;60 д;;;6;;882;789;870НН+30 д;"637НН-2 д;1770";НД;Наружные двери алюминевые 1200*2100мм;;;5;
;0%;0 д;01.03.26;31.07.26;27.07.26;24.09.26;60 д;;;6;;883;790;870НН+30 д;"637НН-2 д;1770";НД;Наружный витраж с дверью на АБК 2100*2500мм (входные двери на Base);;;5;
;0%;0 д;01.03.26;31.07.26;27.07.26;24.09.26;60 д;;;5;;884;791;870НН+30 д;1770;НД;Внутренние;;;4;
b291b2d8-5733-11f0-a555-005056026d24;0%;0 д;01.03.26;31.07.26;27.07.26;24.09.26;60 д;;;4;;885;792;;;НД;ДВЕРИ, РАСПАШНЫЕ ВОРОТА;Лот № 14. Двери, распашные ворота;;4;
;0%;0 д;01.03.26;31.07.26;27.07.26;24.09.26;60 д;;;5;;886;793;;;НД;Наружные;;;4;
;0%;0 д;01.03.26;31.07.26;27.07.26;24.09.26;60 д;;;6;;887;794;870НН+30 д;"639НН-2 д;1770";НД;Наружные двери металлические утепленные 2080*1670мм;;;5;
;0%;0 д;01.03.26;31.07.26;27.07.26;24.09.26;60 д;;;6;;888;795;870НН+30 д;"639НН-2 д;1770";НД;Наружные двери металлические утепленные 2080*1260мм;;;5;
;0%;0 д;01.03.26;31.07.26;27.07.26;24.09.26;60 д;;;5;;889;796;;;НД;Внутренние;;;4;
;0%;0 д;01.03.26;31.07.26;27.07.26;24.09.26;60 д;;;6;;890;797;870НН+30 д;"639НН-2 д;1770";НД;Внутренние противопожарные двери металлические 2080*970мм;;;5;
4ce62cae-4dcb-11f0-a555-005056026d24;0%;0 д;01.03.26;31.07.26;27.07.26;24.09.26;60 д;;;4;;891;775;;;НД;ПОДЪЕМНО-СЕКЦИОННЫЕ ВОРОТА, ДОКИ;Лот №11. Подъемно-секционные ворота, доки;;4;
;0%;0 д;01.03.26;31.06.26;27.07.26;24.09.26;60 д;;;5;;892;776;870НН+30 д;1770;НД;Устройство подъемных наружных секционных ворот (шхв) 2875х3000 мм ALUTECH (ProPlus);;;5;
;0%;0 д;01.03.26;31.07.26;27.07.26;24.09.26;60 д;;;5;;893;777;870НН+30 д;1770;НД;Устройство подъемных наружных секционных ворот (шхв) 3560х4530 мм ALUTECH (ProPlus);;;5;
;0%;0 д;01.03.26;31.07.26;27.07.26;24.09.26;60 д;;;5;;894;778;870НН+30 д;1770;НД;Уравнивающая перегрузочная платформа , докшелтер ALUTECH;;;5;
;0%;0 д;01.03.26;31.07.26;27.07.26;24.09.26;60 д;;;5;;895;779;870НН+30 д;1770;НД;Герметизатор проема ALUTECH;;;5;
;0%;0 д;01.03.26;31.07.26;27.07.26;24.09.26;60 д;;;5;;896;780;870НН+30 д;1770;НД;Направляющие для колес (колесоотбойники наружные) ALUTECH;;;5;
418d5553-4de7-11f0-a555-005056026d24;0%;0 д;01.03.26;31.07.26;26.08.26;09.10.26;45 д;;;4;;897;798;;;НД;КОЗЫРЬКИ;Лот №15. Козырьки;;4;
;0%;0 д;01.03.26;31.07.26;26.08.26;09.10.26;45 д;;;5;;898;799;870;1770;НД;Стеклянный козырек 2х1,2 м (две тяги, тонированное стекло триплекс 8+8);;;5;
78e47229-4de7-11f0-a555-005056026d24;0%;0 д;01.03.26;31.07.26;18.07.26;15.09.26;60 д;;;4;;899;800;870НН+21 д;1770;НД;ОГНЕЗАЩИТА;Лот №16. Огнезащита;;4;
a878a72a-4de7-11f0-a555-005056026d24;0%;0 д;01.03.26;31.07.26;27.06.26;23.09.26;89 д;;;4;;900;801;;;НД;ПРОМЫШЛЕННЫЕ ПОЛЫ, ПОЛЫ АБК, ПЕРЕКРЫТИЯ, ПОКРЫТИЯ;Лот №17. Промышленные полы, полы АБК, перекрытия, покрытие;;4;
;0%;0 д;01.03.26;31.07.26;11.07.26;23.09.26;75 д;;;5;;901;804;;;НД;ПРОМЫШЛЕННЫЕ ПОЛЫ;;;4;
;0%;0 д;01.03.26;31.07.26;11.07.26;23.09.26;75 д;;;6;;902;805;870НН+14 д;"923НН+30 д;1770";НД;Работы по устройству монолитной железобетонной плиты пола проектной толщиной 200мм, с армированием (нижний пояс) стержневой арматурой класса А500 O10 с ячейкой 200х200мм, из бетона класса В25, с нанесением упрочняющего покрытия, с устройством температурно;;;5;
;0%;0 д;01.03.26;31.07.26;27.06.26;26.07.26;30 д;;;5;;903;806;;;НД;Полы АБК/перекрытия/покрытие;;;4;
;0%;0 д;01.03.26;31.07.26;27.06.26;26.07.26;30 д;;;6;;904;807;871НН+14 д;"924НН+14 д;1770";НД;Основание под плиту пола в АБК: песок 200, щебень фр.20-40 - 200, пленка (геотекстиль);;;5;
;0%;0 д;01.03.26;31.07.26;27.06.26;26.07.26;30 д;;;6;;905;808;871НН+14 д;1770;НД;Устройство монолитной ж/б плиты пола в АБК толщ. 140мм с утеплением;;;5;
;0%;0 д;01.03.26;31.07.26;27.06.26;26.07.26;30 д;;;6;;906;809;871НН+14 д;1770;НД;Устройство монолитной плиты перекрытия 170мм по смонтированному профлисту бетоном В25 (вкл. температурно-усадочный и деформационные швы, монолитный армированный пояс);;;5;
e24a56ea-4de7-11f0-a555-005056026d24;0%;0 д;01.05.26;31.07.26;05.08.26;03.10.26;60 д;;;4;;907;810;;;НД;ДЕКОР ФАСАДОВ;Лот №18. Декор фасадов;;4;
;0%;0 д;01.05.26;31.07.26;05.08.26;03.10.26;60 д;;;5;;908;811;870ОН-21 д;1770;НД;Монтаж ламелей вертикальных, горизонтальных;;;5;
0c7688b7-4de8-11f0-a555-005056026d24;0%;0 д;01.01.26;31.07.26;07.06.26;10.02.27;249 д;;;4;;909;812;;;НД;ВНУТРЕННИЕ СЕТИ;Лот №19. Внутренние сети;;4;
ffa94a42-4de7-11f0-a555-005056026d24;0%;0 д;01.01.26;31.07.26;14.06.26;26.12.26;196 д;;;5;;910;813;;;НД;ВНУТРЕННИЕ СЕТИ: ВОДОСНАБЖЕНИЕ, ВОДОТВЕДЕНИЕ, ОТОПЛЕНИЕ, ВЕНТИЛЯЦИЯ;19.1. Внутренние сети: Водоснабжение, водоотведение, отопление, вентиляция;;4;
;0%;0 д;01.01.26;31.07.26;14.06.26;10.12.26;180 д;;;6;;911;814;862НН+14 д;"921ОН-14 д;1770";НД;Хозяйственно-бытовой водопровод (холодное и горячее водоснабжение) А+;;;5;
;0%;0 д;01.01.26;31.07.26;30.06.26;26.12.26;180 д;;;6;;912;816;862НН+30 д;"921ОН-14 д;1770";НД;Система хоз-бытовой и фекальной канализации;;;5;
;0%;0 д;01.01.26;31.07.26;30.06.26;26.12.26;180 д;;;6;;913;817;862НН+30 д;"921ОН-14 д;1770";НД;Вентиляция;;;5;
;0%;0 д;01.01.26;31.07.26;30.06.26;26.12.26;180 д;;;6;;914;818;862НН+30 д;"921ОН-14 д;1770";НД;Отопление и теплоснабжение;;;5;
22f65793-4de8-11f0-a555-005056026d24;0%;0 д;01.01.26;31.07.26;15.07.26;10.01.27;180 д;;;5;;915;821;;;НД;ВНУТРЕННИЕ СЕТИ: ЭЛЕТРОСНАБЖЕНИЕ;19.2. Внутренние сети: Электроснабжение;;4;
;0%;0 д;01.01.26;31.07.26;15.07.26;10.01.27;180 д;;;6;;916;822;862НН+45 д;"921ОН-14 д;1770;917НН+60 д";НД;Электроснабжение (ЭОМ) А+;;;5;
;0%;0 д;01.01.26;31.07.26;13.09.26;11.11.26;60 д;;;6;;917;823;916НН+60 д;"921ОН-14 д;1770";НД;Светильники А+;;;5;
50c2d911-4de8-11f0-a555-005056026d24;0%;0 д;01.01.26;31.07.26;07.06.26;10.02.27;249 д;;;5;;918;827;;;НД;ВНУТРЕННИЕ СЕТИ: ПОЖАРНЫЕ;19.3. Внутренние сети: Пожарные;;4;
;0%;0 д;01.01.26;31.07.26;07.06.26;03.11.26;150 д;;;6;;919;828;862НН+7 д;"921ОН-14 д;1770";НД;Спринклерная система пожаротушения АУПТ А+;;;5;
;0%;0 д;01.01.26;31.07.26;30.07.26;25.01.27;180 д;;;6;;920;829;862НН+60 д;"921ОН-14 д;1770";НД;Система управления оповещением и эвакуацией СОУЭ Автоматическая пожарная сигнализация АПС Комплексная автоматизация;;;5;
;0%;0 д;НД;НД;12.01.27;10.02.27;30 д;;;6;;921;2472;"911ОН-14 д;912ОН-14 д;913ОН-14 д;914ОН-14 д;916ОН-14 д;917ОН-14 д;919ОН-14 д;920ОН-14 д";1770;НД;ПНР;;;5;
6bd41379-4de8-11f0-a555-005056026d24;0%;0 д;01.01.26;31.07.26;11.07.26;16.01.27;190 д;;;4;;922;831;;;НД;ОТДЕЛОЧНЫЕ РАБОТЫ;Лот №20. Отделочные работы;;4;
;0%;0 д;01.01.26;31.07.26;10.08.26;07.11.26;90 д;;;5;;923;832;902НН+30 д;"925НН+45 д;1784;1770";НД;"Отделочные работы склады (потолок - окраска, сан.узел - грильято; стены - штукатурка под бетон, сан.узел - керамогранит/окраска; полы - ламинат; перегородки - ГКЛВ/ГКЛВО). Двери, окна, лестница -НЕ ВХОДЯТ В СТОИМОСТЬ.";;;5;
;0%;0 д;01.01.26;31.07.26;11.07.26;16.01.27;190 д;;;5;;924;833;904НН+14 д;"936ОН-7 д;1784;1770";НД;"Отделочные работы АБК 9,3*6м-2эт. (потолок - окраска, сан.узел - грильято; стены - штукатурка под бетон, сан.узел - керамогранит/окраска; полы - ламинат/керамогранит; перегородки - ГКЛВ/ГКЛВО). Двери, окна, лестница -НЕ ВХОДЯТ В СТОИМОСТЬ.";;;5;
;0%;0 д;01.01.26;31.07.26;24.09.26;23.10.26;30 д;;;5;;925;835;923НН+45 д;1770;НД;Внутренние двери деревянные размером 970*2080мм;;;5;
;0%;0 д;01.05.26;31.07.26;05.08.26;03.10.26;60 д;;;4;;926;836;;;НД;РЕКЛАМА;;;4;
;0%;0 д;01.05.26;31.07.26;05.08.26;03.10.26;60 д;;;5;;927;837;870ОН-21 д;1770;НД;Номерация h=1,8 м (1 цифра);;;5;
;0%;0 д;01.05.26;31.07.26;05.08.26;03.10.26;60 д;;;5;;928;838;870ОН-21 д;1770;НД;Номерация h=1,8 м (1 световая цифра);;;5;
;0%;0 д;01.05.26;31.07.26;05.08.26;03.10.26;60 д;;;5;;929;839;870ОН-21 д;1770;НД;Буквенное обозначение h=1м (например, BLOCK А);;;5;
;0%;0 д;01.05.26;31.07.26;05.08.26;03.10.26;60 д;;;5;;930;840;870ОН-21 д;1770;НД;Буквенное обозначение h=1м (например, BLOCK А - световая);;;5;
;0%;0 д;01.05.26;31.07.26;05.08.26;03.10.26;60 д;;;5;;931;841;870ОН-21 д;1770;НД;Логотип на стене (световые буквы h=1 м) INDASTRIAL CITY;;;5;
;0%;0 д;01.05.26;31.07.26;05.08.26;03.10.26;60 д;;;5;;932;842;870ОН-21 д;1770;НД;Логотип на стене (световые буквы h=3 м) INDASTRIAL CITY;;;5;
;0%;0 д;01.05.26;31.07.26;05.08.26;03.10.26;60 д;;;5;;933;843;870ОН-21 д;1770;НД;Логотип на кровле 21х21 м из ПВХ мембраны INDASTRIAL CITY;;;5;
;0%;0 д;01.05.26;31.07.26;05.08.26;03.10.26;60 д;;;5;;934;844;870ОН-21 д;1770;НД;Художественная покраска стен;;;5;
b9e45c24-4dea-11f0-a555-005056026d24;0%;0 д;01.05.26;31.07.26;10.01.27;08.02.27;30 д;;;4;;935;845;;;НД;КЛИНИНГ;Лот №30. Клининг;;4;
;0%;0 д;01.05.26;31.07.26;10.01.27;08.02.27;30 д;;;5;;936;846;924ОН-7 д;1770;НД;Клининг;;;5;
e3da9b2c-4dea-11f0-a555-005056026d24;0%;0 д;01.01.26;31.07.26;26.08.26;09.10.26;45 д;;;4;;937;847;870;1770;14.04.26;Временное отопление;Лот №32. Временное отопление;;5;
;0%;0 д;01.11.25;31.08.26;15.07.26;15.07.26;0 д;;;4;;938;3966;870НН+19 д;"1783;1770";НД;Готовность технических помещений блока А;;;5;
;1%;0 д;01.10.25;31.08.26;18.04.26;22.01.27;280 д;;План -60, факт - 12;3;;939;3761;;;НД;Блок Асц (1 500 м2);;;3;
;1%;0 д;НД;НД;04.05.26;24.06.26;52 д;;;4;;940;4716;;;НД;Усиление грунтов;;;4;
5448e052-4dc8-11f0-a555-005056026d24;2%;0 д;НД;НД;04.05.26;31.05.26;28 д;;;5;;941;4717;571;"942НН+7 д;1771";НД;Дополнительные изыскания;Лот №07. Сваи;;5;
;0%;0 д;НД;НД;11.05.26;24.06.26;45 д;;;5;;942;4718;941НН+7 д;1771;НД;Усиление грунтов (Инъектирование);;;5;
81e66355-570e-11f0-a555-005056026d24;4%;0 д;01.10.25;31.04.26;18.04.26;19.08.26;124 д;;;4;;943;4720;;;НД;КОРОБКА, КРОВЛЯ, СТЕНЫ;Лот №08. Коробка, кровля, стены;;4;
4345e571-4dc9-11f0-a555-005056026d24;50%;0 д;01.10.25;31.04.26;18.04.26;17.05.26;30 д;;;5;;944;4721;115ОН+14 д;"946ОН-14 д;1771";01.12.25;Фундаменты сборные, ростверки и тд;8.1. Фундаменты сборные;;4;
;50%;0 д;01.10.25;31.03.26;04.05.26;24.05.26;21 д;;;5;;945;4722;;;НД;Железобетонные колонны;;;4;
;50%;0 д;01.10.25;31.03.26;04.05.26;24.05.26;21 д;;;6;;946;4723;944ОН-14 д;"948;950ОН-20 д;1771";20.01.26;Установка колонн (в тч земляные работы , замоноличивание стыков, гидроизоляция);;;5;
;0%;0 д;01.10.25;31.03.26;25.05.26;14.06.26;21 д;;;5;;947;4724;;;НД;Цокольные панели;;;4;
;0%;0 д;01.10.25;31.03.26;25.05.26;14.06.26;21 д;;;6;;948;4725;946;1771;НД;Укладка цокольных панелей (в тч земляные работы, устройство стеновых стыков, монолитные участки, гидроизоляция);;;5;
89d4a1fd-4dc9-11f0-a555-005056026d24;0%;0 д;01.10.25;31.07.26;05.05.26;06.08.26;94 д;;;5;;949;4728;;;НД;Металлические конструкции;8.5. Металлические конструкции;;4;
;0%;0 д;01.10.25;31.07.26;05.05.26;03.06.26;30 д;;;6;;950;4729;946ОН-20 д;"956НН+7 д;957НН+7 д;951НН+20 д;1771";01.02.26;Монтаж балок перекрытий, колонн, опор под оборудование;;;5;
;0%;0 д;01.10.25;31.07.26;25.05.26;14.06.26;21 д;;;6;;951;4730;950НН+20 д;"965НН+14 д;952ОН+7 д;1771";01.02.26;Монтаж наружного фахверка;;;5;
;0%;0 д;01.10.25;31.07.26;22.06.26;21.07.26;30 д;;;6;;952;4731;951ОН+7 д;"966НН+14 д;1771";01.02.26;Монтаж внутреннего фахверк;;;5;
;0%;0 д;01.10.25;30.04.26;08.07.26;06.08.26;30 д;;;6;;953;4733;965НН+30 д;1771;01.02.26;Монтаж наружной металлической лестницы с покрытием из реш.настила (входные) с ограждением;;;5;
;0%;0 д;01.10.25;30.03.26;08.07.26;06.08.26;30 д;;;6;;954;4734;965НН+30 д;1771;01.02.26;Монтаж м/к наружной металлической лестницы (в т. ч. пожарной);;;5;
29911e79-4dca-11f0-a555-005056026d24;0%;0 д;01.10.25;30.04.26;12.05.26;10.06.26;30 д;;;5;;955;4738;;;НД;Профилированный лист;8.6. Профилированный лист;;4;
;0%;0 д;01.10.25;30.04.26;12.05.26;10.06.26;30 д;;;6;;956;4739;950НН+7 д;"832НН+20 д;1771";НД;Монтаж перекрытий из профилированного листа Н114-750-0.7, в т.ч. метизы;;;5;
;0%;0 д;01.10.25;30.04.26;12.05.26;10.06.26;30 д;;;6;;957;4740;950НН+7 д;"959НН+10 д;960НН+10 д;961НН+10 д;962НН+10 д;963НН+10 д;967ОН-7 д;1003НН+7 д;995НН+14 д;996НН+30 д;997НН+30 д;998НН+30 д;1000НН+45 д;1004НН+60 д;1771";НД;Монтаж покрытия из профилированного листа Н114-750-1.0, в т.ч. метизы;;;5;
d85d6bcd-4dc8-11f0-a555-005056026d24;0%;0 д;01.10.25;31.05.26;22.05.26;22.07.26;62 д;;;5;;958;4741;;;НД;Кровля;8.8. Кровля;;4;
;0%;0 д;01.10.25;31.05.26;22.05.26;22.07.26;62 д;;;6;;959;4742;957НН+10 д;1771;НД;Устройство пароизоляции;;;5;
;0%;0 д;01.10.25;31.05.26;22.05.26;22.07.26;62 д;;;6;;960;4743;957НН+10 д;1771;НД;Утепление покрытий PIR 60 мм;;;5;
;0%;0 д;01.10.25;31.05.26;22.05.26;22.07.26;62 д;;;6;;961;4744;957НН+10 д;1771;НД;Утепление покрытий плитами из минеральной ваты 50 мм;;;5;
;0%;0 д;01.10.25;31.05.26;22.05.26;22.07.26;62 д;;;6;;962;4745;957НН+10 д;1771;НД;Устройство плоских однослойных кровель из пвх мембран ecoplast v-rp (1,2 мм) (со сваркой полотен) с укладкой разделительного слоя по утеплителю, с устройством примыканий;;;5;
;0%;0 д;01.10.25;31.05.26;22.05.26;22.07.26;62 д;;;6;;963;4746;957НН+10 д;1771;НД;Система дождевой канализации (сифонно-вакуумная система внутреннего водостока) с врезкой в колодец;;;5;
1fb58214-4dc9-11f0-a555-005056026d24;0%;0 д;01.10.25;30.04.26;08.06.26;19.08.26;73 д;;;5;;964;4747;;;НД;Ограждающие конструкции;8.7. Ограждающие конструкции;;4;
;0%;0 д;01.10.25;30.04.26;08.06.26;22.07.26;45 д;;;6;;965;4748;951НН+14 д;"953НН+30 д;954НН+30 д;970НН+30 д;972НН+30 д;975НН+30 д;976НН+30 д;977НН+30 д;978НН+30 д;981НН+30 д;982НН+30 д;984НН+30 д;986;987НН+21 д;990НН+14 д;1017ОН-21 д;992ОН-21 д;1010ОН-21 д;1011ОН-21 д;1012ОН-21 д;1013ОН-21 д;1014ОН-21 д;1015ОН-21 д;1016ОН-21 ...";30.04.26;Монтаж сэндвич-панелей внешних;;;5;
;0%;0 д;01.10.25;30.04.26;06.07.26;19.08.26;45 д;;;6;;966;4750;952НН+14 д;1771;30.04.26;Монтаж сэндвич-панелей внутренних;;;5;
54c0dc50-4dca-11f0-a555-005056026d24;0%;0 д;01.10.25;31.05.26;04.06.26;02.08.26;60 д;;;4;;967;4751;957ОН-7 д;1771;НД;Внутренние лестницы;Лот №09. Внутренние лестницы;;4;
bc870b25-4de6-11f0-a555-005056026d24;0%;0 д;01.03.26;31.07.26;08.07.26;06.08.26;30 д;;;4;;968;4752;;;НД;ОКНА;Лот №12. Окна;;4;
fcc34f08-4dcb-11f0-a555-005056026d24;0%;0 д;01.03.26;31.07.26;08.07.26;06.08.26;30 д;;;5;;969;4753;;;НД;Наружные;12.1. Наружные оконные блоки;;4;
;0%;0 д;01.03.26;31.07.26;08.07.26;06.08.26;30 д;;;6;;970;4754;965НН+30 д;"638НН-2 д;1771";НД;Наружные оконные блоки с ламинацией;;;5;
11f7bcc7-4dcc-11f0-a555-005056026d24;0%;0 д;01.03.26;31.07.26;08.07.26;06.08.26;30 д;;;5;;971;4755;;;НД;Внутренние;12.2. Внутренние оконные блоки;;4;
;0%;0 д;01.03.26;31.07.26;08.07.26;06.08.26;30 д;;;6;;972;4756;965НН+30 д;"638НН-2 д;1771";НД;Внутренние двери металлические размером 2080*970 мм;;;5;
4d33fc43-4dcc-11f0-a555-005056026d24;0%;0 д;01.03.26;31.07.26;08.07.26;06.08.26;30 д;;;4;;973;4757;;;НД;ВИТРАЖИ;Лот №13. Витражи;;4;
;0%;0 д;01.03.26;31.07.26;08.07.26;06.08.26;30 д;;;5;;974;4758;;;НД;Наружные;;;4;
;0%;0 д;01.03.26;31.07.26;08.07.26;06.08.26;30 д;;;6;;975;4759;965НН+30 д;"637НН-2 д;1771";НД;Наружные витражи;;;5;
;0%;0 д;01.03.26;31.07.26;08.07.26;06.08.26;30 д;;;6;;976;4760;965НН+30 д;"637НН-2 д;1771";НД;Наружные двери алюминевые 1200*2100мм;;;5;
;0%;0 д;01.03.26;31.07.26;08.07.26;06.08.26;30 д;;;6;;977;4761;965НН+30 д;"637НН-2 д;1771";НД;Наружный витраж с дверью на АБК 2100*2500мм (входные двери на Base);;;5;
;0%;0 д;01.03.26;31.07.26;08.07.26;06.08.26;30 д;;;5;;978;4762;965НН+30 д;1771;НД;Внутренние;;;4;
b291b2d8-5733-11f0-a555-005056026d24;0%;0 д;01.03.26;31.07.26;08.07.26;06.08.26;30 д;;;4;;979;4763;;;НД;ДВЕРИ, РАСПАШНЫЕ ВОРОТА;Лот № 14. Двери, распашные ворота;;4;
;0%;0 д;01.03.26;31.07.26;08.07.26;06.08.26;30 д;;;5;;980;4764;;;НД;Наружные;;;4;
;0%;0 д;01.03.26;31.07.26;08.07.26;06.08.26;30 д;;;6;;981;4765;965НН+30 д;"639НН-2 д;1771";НД;Наружные двери металлические утепленные 2080*1670мм;;;5;
;0%;0 д;01.03.26;31.07.26;08.07.26;06.08.26;30 д;;;6;;982;4766;965НН+30 д;"639НН-2 д;1771";НД;Наружные двери металлические утепленные 2080*1260мм;;;5;
;0%;0 д;01.03.26;31.07.26;08.07.26;06.08.26;30 д;;;5;;983;4767;;;НД;Внутренние;;;4;
;0%;0 д;01.03.26;31.07.26;08.07.26;06.08.26;30 д;;;6;;984;4768;965НН+30 д;"639НН-2 д;1771";НД;Внутренние противопожарные двери металлические 2080*970мм;;;5;
418d5553-4de7-11f0-a555-005056026d24;0%;0 д;01.03.26;31.07.26;23.07.26;21.08.26;30 д;;;4;;985;4775;;;НД;КОЗЫРЬКИ;Лот №15. Козырьки;;4;
;0%;0 д;01.03.26;31.07.26;23.07.26;21.08.26;30 д;;;5;;986;4776;965;1771;НД;Стеклянный козырек 2х1,2 м (две тяги, тонированное стекло триплекс 8+8);;;5;
78e47229-4de7-11f0-a555-005056026d24;0%;0 д;01.03.26;31.07.26;29.06.26;27.08.26;60 д;;;4;;987;4777;965НН+21 д;1771;НД;ОГНЕЗАЩИТА;Лот №16. Огнезащита;;4;
a878a72a-4de7-11f0-a555-005056026d24;0%;0 д;01.03.26;31.07.26;22.06.26;20.08.26;60 д;;;4;;988;4778;;;НД;ПРОМЫШЛЕННЫЕ ПОЛЫ, ПОЛЫ АБК, ПЕРЕКРЫТИЯ, ПОКРЫТИЯ;Лот №17. Промышленные полы, полы АБК, перекрытия, покрытие;;4;
;0%;0 д;01.03.26;31.07.26;22.06.26;20.08.26;60 д;;;5;;989;4779;;;НД;ПРОМЫШЛЕННЫЕ ПОЛЫ;;;4;
;0%;0 д;01.03.26;31.07.26;22.06.26;20.08.26;60 д;;;6;;990;4780;965НН+14 д;"1007НН+30 д;1771";НД;Работы по устройству монолитной железобетонной плиты пола проектной толщиной 200мм, с армированием (нижний пояс) стержневой арматурой класса А500 O10 с ячейкой 200х200мм, из бетона класса В25, с нанесением упрочняющего покрытия, с устройством температурно;;;5;
e24a56ea-4de7-11f0-a555-005056026d24;0%;0 д;01.05.26;31.07.26;02.07.26;30.08.26;60 д;;;4;;991;4785;;;НД;ДЕКОР ФАСАДОВ;Лот №18. Декор фасадов;;4;
;0%;0 д;01.05.26;31.07.26;02.07.26;30.08.26;60 д;;;5;;992;4786;965ОН-21 д;1771;НД;Монтаж ламелей вертикальных, горизонтальных;;;5;
0c7688b7-4de8-11f0-a555-005056026d24;0%;0 д;01.01.26;31.07.26;19.05.26;22.01.27;249 д;;;4;;993;4787;;;НД;ВНУТРЕННИЕ СЕТИ;Лот №19. Внутренние сети;;4;
ffa94a42-4de7-11f0-a555-005056026d24;0%;0 д;01.01.26;31.07.26;26.05.26;07.12.26;196 д;;;5;;994;4788;;;НД;ВНУТРЕННИЕ СЕТИ: ВОДОСНАБЖЕНИЕ, ВОДОТВЕДЕНИЕ, ОТОПЛЕНИЕ, ВЕНТИЛЯЦИЯ;19.1. Внутренние сети: Водоснабжение, водоотведение, отопление, вентиляция;;4;
;0%;0 д;01.01.26;31.07.26;26.05.26;21.11.26;180 д;;;6;;995;4789;957НН+14 д;"1005ОН-14 д;1771";НД;Хозяйственно-бытовой водопровод (холодное и горячее водоснабжение) А+;;;5;
;0%;0 д;01.01.26;31.07.26;11.06.26;07.12.26;180 д;;;6;;996;4790;957НН+30 д;"1005ОН-14 д;1771";НД;Система хоз-бытовой и фекальной канализации;;;5;
;0%;0 д;01.01.26;31.07.26;11.06.26;07.12.26;180 д;;;6;;997;4791;957НН+30 д;"1005ОН-14 д;1771";НД;Вентиляция;;;5;
;0%;0 д;01.01.26;31.07.26;11.06.26;07.12.26;180 д;;;6;;998;4792;957НН+30 д;"1005ОН-14 д;1771";НД;Отопление и теплоснабжение;;;5;
22f65793-4de8-11f0-a555-005056026d24;0%;0 д;01.01.26;31.07.26;26.06.26;22.12.26;180 д;;;5;;999;4793;;;НД;ВНУТРЕННИЕ СЕТИ: ЭЛЕТРОСНАБЖЕНИЕ;19.2. Внутренние сети: Электроснабжение;;4;
;0%;0 д;01.01.26;31.07.26;26.06.26;22.12.26;180 д;;;6;;1000;4794;957НН+45 д;"1005ОН-14 д;1001НН+60 д;1771";НД;Электроснабжение (ЭОМ) А+;;;5;
;0%;0 д;01.01.26;31.07.26;25.08.26;23.10.26;60 д;;;6;;1001;4795;1000НН+60 д;"1005ОН-14 д;1771";НД;Светильники А+;;;5;
50c2d911-4de8-11f0-a555-005056026d24;0%;0 д;01.01.26;31.07.26;19.05.26;22.01.27;249 д;;;5;;1002;4796;;;НД;ВНУТРЕННИЕ СЕТИ: ПОЖАРНЫЕ;19.3. Внутренние сети: Пожарные;;4;
;0%;0 д;01.01.26;31.07.26;19.05.26;15.10.26;150 д;;;6;;1003;4797;957НН+7 д;"1005ОН-14 д;1771";НД;Спринклерная система пожаротушения АУПТ А+;;;5;
;0%;0 д;01.01.26;31.07.26;11.07.26;06.01.27;180 д;;;6;;1004;4798;957НН+60 д;"1005ОН-14 д;1771";НД;Система управления оповещением и эвакуацией СОУЭ Автоматическая пожарная сигнализация АПС Комплексная автоматизация;;;5;
;0%;0 д;НД;НД;24.12.26;22.01.27;30 д;;;6;;1005;4799;"995ОН-14 д;996ОН-14 д;997ОН-14 д;998ОН-14 д;1000ОН-14 д;1001ОН-14 д;1003ОН-14 д;1004ОН-14 д";1771;НД;ПНР;;;5;
6bd41379-4de8-11f0-a555-005056026d24;0%;0 д;01.01.26;31.07.26;22.07.26;18.12.26;150 д;;;4;;1006;4800;;;НД;ОТДЕЛОЧНЫЕ РАБОТЫ;Лот №20. Отделочные работы;;4;
;0%;0 д;01.01.26;31.07.26;22.07.26;18.12.26;150 д;;;5;;1007;4801;990НН+30 д;"1008НН+45 д;1784;1771;1019ОН-7 д";НД;"Отделочные работы (потолок - окраска, сан.узел - грильято; стены - штукатурка под бетон, сан.узел - керамогранит/окраска; полы - ламинат; перегородки - ГКЛВ/ГКЛВО). Двери, окна, лестница -НЕ ВХОДЯТ В СТОИМОСТЬ.";;;5;
;0%;0 д;01.01.26;31.07.26;05.09.26;04.10.26;30 д;;;5;;1008;4803;1007НН+45 д;1771;НД;Внутренние двери деревянные размером 970*2080мм;;;5;
;0%;0 д;01.05.26;31.07.26;02.07.26;30.08.26;60 д;;;4;;1009;4804;;;НД;РЕКЛАМА;;;4;
;0%;0 д;01.05.26;31.07.26;02.07.26;30.08.26;60 д;;;5;;1010;4805;965ОН-21 д;1771;НД;Номерация h=1,8 м (1 цифра);;;5;
;0%;0 д;01.05.26;31.07.26;02.07.26;30.08.26;60 д;;;5;;1011;4806;965ОН-21 д;1771;НД;Номерация h=1,8 м (1 световая цифра);;;5;
;0%;0 д;01.05.26;31.07.26;02.07.26;30.08.26;60 д;;;5;;1012;4807;965ОН-21 д;1771;НД;Буквенное обозначение h=1м (например, BLOCK А);;;5;
;0%;0 д;01.05.26;31.07.26;02.07.26;30.08.26;60 д;;;5;;1013;4808;965ОН-21 д;1771;НД;Буквенное обозначение h=1м (например, BLOCK А - световая);;;5;
;0%;0 д;01.05.26;31.07.26;02.07.26;30.08.26;60 д;;;5;;1014;4809;965ОН-21 д;1771;НД;Логотип на стене (световые буквы h=1 м) INDASTRIAL CITY;;;5;
;0%;0 д;01.05.26;31.07.26;02.07.26;30.08.26;60 д;;;5;;1015;4810;965ОН-21 д;1771;НД;Логотип на стене (световые буквы h=3 м) INDASTRIAL CITY;;;5;
;0%;0 д;01.05.26;31.07.26;02.07.26;30.08.26;60 д;;;5;;1016;4811;965ОН-21 д;1771;НД;Логотип на кровле 21х21 м из ПВХ мембраны INDASTRIAL CITY;;;5;
;0%;0 д;01.05.26;31.07.26;02.07.26;30.08.26;60 д;;;5;;1017;4812;965ОН-21 д;1771;НД;Художественная покраска стен;;;5;
b9e45c24-4dea-11f0-a555-005056026d24;0%;0 д;01.05.26;31.07.26;12.12.26;10.01.27;30 д;;;4;;1018;4813;;;НД;КЛИНИНГ;Лот №30. Клининг;;4;
;0%;0 д;01.05.26;31.07.26;12.12.26;10.01.27;30 д;;;5;;1019;4814;1007ОН-7 д;1771;НД;Клининг;;;5;
e3da9b2c-4dea-11f0-a555-005056026d24;0%;0 д;01.01.26;31.07.26;23.07.26;05.09.26;45 д;;;4;;1020;4815;965;1771;14.04.26;Временное отопление;Лот №32. Временное отопление;;5;
;1%;0 д;01.10.25;31.08.26;18.04.26;22.01.27;280 д;;План -80, факт -0;3;;1021;3143;;;НД;Блок B (5 000 м2);;;3;
;1%;0 д;НД;НД;04.05.26;09.08.26;98 д;;;4;;1022;4514;;;НД;Усиление грунтов;;;4;
5448e052-4dc8-11f0-a555-005056026d24;2%;0 д;НД;НД;04.05.26;31.05.26;28 д;;;5;;1023;4515;571;1024;НД;Дополнительные изыскания;Лот №07. Сваи;;5;
;0%;0 д;НД;НД;01.06.26;09.08.26;70 д;;;5;;1024;4516;1023;;НД;Усиление грунтов (Инъектирование);;;5;
81e66355-570e-11f0-a555-005056026d24;3%;0 д;01.10.25;31.04.26;18.04.26;13.08.26;118 д;;;4;;1025;4518;;;НД;КОРОБКА, КРОВЛЯ, СТЕНЫ;Лот №08. Коробка, кровля, стены;;4;
4345e571-4dc9-11f0-a555-005056026d24;40%;0 д;01.10.25;31.04.26;18.04.26;17.05.26;30 д;;;5;;1026;4519;115ОН+14 д;1028ОН-14 д;01.12.25;Фундаменты сборные, ростверки и тд;8.1. Фундаменты сборные;;4;
;50%;0 д;01.10.25;31.03.26;04.05.26;24.05.26;21 д;;;5;;1027;4520;;;НД;Железобетонные колонны;;;4;
;50%;0 д;01.10.25;31.03.26;04.05.26;24.05.26;21 д;;;6;;1028;4521;1026ОН-14 д;"1030;1034ОН-20 д;1032ОН-20 д";20.01.26;Установка колонн (в тч земляные работы , замоноличивание стыков, гидроизоляция);;;5;
;0%;0 д;01.10.25;31.03.26;25.05.26;23.06.26;30 д;;;5;;1029;4522;;;НД;Цокольные панели;;;4;
;0%;0 д;01.10.25;31.03.26;25.05.26;23.06.26;30 д;;;6;;1030;4523;1028;;НД;Укладка цокольных панелей (в тч земляные работы, устройство стеновых стыков, монолитные участки, гидроизоляция);;;5;
57d09122-4dc9-11f0-a555-005056026d24;0%;0 д;01.10.25;31.05.26;05.05.26;18.05.26;14 д;;;5;;1031;4524;;;НД;Фундаменты монолитные;8.2. Фундаменты монолитные;;4;
;0%;0 д;01.10.25;30.05.26;05.05.26;18.05.26;14 д;;;6;;1032;4525;1028ОН-20 д;1037;НД;Устройство монолитной железобетонной плиты под КПП и технические помещения (в тч земляные работы, основание песок, щебень, гидроизоляция);;;5;
89d4a1fd-4dc9-11f0-a555-005056026d24;0%;0 д;01.10.25;31.07.26;05.05.26;06.08.26;94 д;;;5;;1033;4526;;;НД;Металлические конструкции;8.5. Металлические конструкции;;4;
;0%;0 д;01.10.25;31.07.26;05.05.26;03.06.26;30 д;;;6;;1034;4527;1028ОН-20 д;"1042НН+7 д;1043НН+7 д;1035НН+20 д;1052НН+20 д";01.02.26;Монтаж балок перекрытий, колонн, опор под оборудование;;;5;
;0%;0 д;01.10.25;31.07.26;25.05.26;23.06.26;30 д;;;6;;1035;4528;1034НН+20 д;"1051НН+14 д;1036ОН+7 д";01.02.26;Монтаж наружного фахверка;;;5;
;0%;0 д;01.10.25;31.07.26;01.07.26;30.07.26;30 д;;;6;;1036;4529;1035ОН+7 д;1053НН+14 д;01.02.26;Монтаж внутреннего фахверк;;;5;
;0%;0 д;01.10.25;31.07.26;19.05.26;08.06.26;21 д;;;6;;1037;4530;1032;1040ОН+14 д;01.02.26;Монтаж пристройки;;;5;
;0%;0 д;01.10.25;30.04.26;08.07.26;06.08.26;30 д;;;6;;1038;4531;1051НН+30 д;;01.02.26;Монтаж наружной металлической лестницы с покрытием из реш.настила (входные) с ограждением;;;5;
;0%;0 д;01.10.25;30.03.26;08.07.26;06.08.26;30 д;;;6;;1039;4532;1051НН+30 д;;01.02.26;Монтаж м/к наружной металлической лестницы (в т. ч. пожарной);;;5;
;0%;0 д;01.10.25;30.03.26;23.06.26;06.07.26;14 д;;;6;;1040;4535;1037ОН+14 д;;01.02.26;Монтаж щитов металлических;;;5;
29911e79-4dca-11f0-a555-005056026d24;0%;0 д;01.10.25;30.04.26;12.05.26;10.06.26;30 д;;;5;;1041;4536;;;НД;Профилированный лист;8.6. Профилированный лист;;4;
;0%;0 д;01.10.25;30.04.26;12.05.26;10.06.26;30 д;;;6;;1042;4537;1034НН+7 д;832НН+20 д;НД;Монтаж перекрытий из профилированного листа Н114-750-0.7, в т.ч. метизы;;;5;
;0%;0 д;01.10.25;30.04.26;12.05.26;10.06.26;30 д;;;6;;1043;4538;1034НН+7 д;"1045НН+10 д;1046НН+10 д;1047НН+10 д;1048НН+10 д;1049НН+10 д;1054ОН-7 д;1100НН+7 д;1092НН+14 д;1093НН+30 д;1094НН+30 д;1095НН+30 д;1097НН+45 д;1101НН+60 д";НД;Монтаж покрытия из профилированного листа Н114-750-1.0, в т.ч. метизы;;;5;
d85d6bcd-4dc8-11f0-a555-005056026d24;0%;0 д;01.10.25;31.05.26;22.05.26;22.07.26;62 д;;;5;;1044;4539;;;НД;Кровля;8.8. Кровля;;4;
;0%;0 д;01.10.25;31.05.26;22.05.26;22.07.26;62 д;;;6;;1045;4540;1043НН+10 д;;НД;Устройство пароизоляции;;;5;
;0%;0 д;01.10.25;31.05.26;22.05.26;22.07.26;62 д;;;6;;1046;4541;1043НН+10 д;;НД;Утепление покрытий PIR 60 мм;;;5;
;0%;0 д;01.10.25;31.05.26;22.05.26;22.07.26;62 д;;;6;;1047;4542;1043НН+10 д;;НД;Утепление покрытий плитами из минеральной ваты 50 мм;;;5;
;0%;0 д;01.10.25;31.05.26;22.05.26;22.07.26;62 д;;;6;;1048;4543;1043НН+10 д;;НД;Устройство плоских однослойных кровель из пвх мембран ecoplast v-rp (1,2 мм) (со сваркой полотен) с укладкой разделительного слоя по утеплителю, с устройством примыканий;;;5;
;0%;0 д;01.10.25;31.05.26;22.05.26;22.07.26;62 д;;;6;;1049;4544;1043НН+10 д;;НД;Система дождевой канализации (сифонно-вакуумная система внутреннего водостока) с врезкой в колодец;;;5;
1fb58214-4dc9-11f0-a555-005056026d24;0%;0 д;01.10.25;30.04.26;25.05.26;13.08.26;81 д;;;5;;1050;4545;;;НД;Ограждающие конструкции;8.7. Ограждающие конструкции;;4;
;0%;0 д;01.10.25;30.04.26;08.06.26;06.08.26;60 д;;;6;;1051;4546;1035НН+14 д;"1038НН+30 д;1039НН+30 д;1057НН+30 д;1059НН+30 д;1062НН+30 д;1063НН+30 д;1064НН+30 д;1065НН+30 д;1068НН+30 д;1069НН+30 д;1071НН+30 д;1073НН+30 д;1074НН+30 д;1075НН+30 д;1076НН+30 д;1077НН+30 д;1079;1080НН+21 д;1083НН+14 д;1115ОН-21 д;1119НН+19 д;1089ОН-...";30.04.26;Монтаж сэндвич-панелей внешних;;;5;
;0%;0 д;01.10.25;30.04.26;25.05.26;23.06.26;30 д;;;6;;1052;4547;1034НН+20 д;"1085НН+14 д;1086НН+14 д;1087НН+14 д";30.04.26;Монтаж сэндвич-панелей внешних (АБК);;;5;
;0%;0 д;01.10.25;30.04.26;15.07.26;13.08.26;30 д;;;6;;1053;4548;1036НН+14 д;;30.04.26;Монтаж сэндвич-панелей внутренних;;;5;
54c0dc50-4dca-11f0-a555-005056026d24;0%;0 д;01.10.25;31.05.26;04.06.26;02.08.26;60 д;;;4;;1054;4549;1043ОН-7 д;;НД;Внутренние лестницы;Лот №09. Внутренние лестницы;;4;
bc870b25-4de6-11f0-a555-005056026d24;0%;0 д;01.03.26;31.07.26;08.07.26;05.09.26;60 д;;;4;;1055;4550;;;НД;ОКНА;Лот №12. Окна;;4;
fcc34f08-4dcb-11f0-a555-005056026d24;0%;0 д;01.03.26;31.07.26;08.07.26;05.09.26;60 д;;;5;;1056;4551;;;НД;Наружные;12.1. Наружные оконные блоки;;4;
;0%;0 д;01.03.26;31.07.26;08.07.26;05.09.26;60 д;;;6;;1057;4552;1051НН+30 д;638НН-2 д;НД;Наружные оконные блоки с ламинацией;;;5;
11f7bcc7-4dcc-11f0-a555-005056026d24;0%;0 д;01.03.26;31.07.26;08.07.26;05.09.26;60 д;;;5;;1058;4553;;;НД;Внутренние;12.2. Внутренние оконные блоки;;4;
;0%;0 д;01.03.26;31.07.26;08.07.26;05.09.26;60 д;;;6;;1059;4554;1051НН+30 д;638НН-2 д;НД;Внутренние двери металлические размером 2080*970 мм;;;5;
4d33fc43-4dcc-11f0-a555-005056026d24;0%;0 д;01.03.26;31.07.26;08.07.26;05.09.26;60 д;;;4;;1060;4555;;;НД;ВИТРАЖИ;Лот №13. Витражи;;4;
;0%;0 д;01.03.26;31.07.26;08.07.26;05.09.26;60 д;;;5;;1061;4556;;;НД;Наружные;;;4;
;0%;0 д;01.03.26;31.07.26;08.07.26;05.09.26;60 д;;;6;;1062;4557;1051НН+30 д;637НН-2 д;НД;Наружные витражи;;;5;
;0%;0 д;01.03.26;31.07.26;08.07.26;05.09.26;60 д;;;6;;1063;4558;1051НН+30 д;637НН-2 д;НД;Наружные двери алюминевые 1200*2100мм;;;5;
;0%;0 д;01.03.26;31.07.26;08.07.26;05.09.26;60 д;;;6;;1064;4559;1051НН+30 д;637НН-2 д;НД;Наружный витраж с дверью на АБК 2100*2500мм (входные двери на Base);;;5;
;0%;0 д;01.03.26;31.07.26;08.07.26;05.09.26;60 д;;;5;;1065;4560;1051НН+30 д;;НД;Внутренние;;;4;
b291b2d8-5733-11f0-a555-005056026d24;0%;0 д;01.03.26;31.07.26;08.07.26;05.09.26;60 д;;;4;;1066;4561;;;НД;ДВЕРИ, РАСПАШНЫЕ ВОРОТА;Лот № 14. Двери, распашные ворота;;4;
;0%;0 д;01.03.26;31.07.26;08.07.26;05.09.26;60 д;;;5;;1067;4562;;;НД;Наружные;;;4;
;0%;0 д;01.03.26;31.07.26;08.07.26;05.09.26;60 д;;;6;;1068;4563;1051НН+30 д;639НН-2 д;НД;Наружные двери металлические утепленные 2080*1670мм;;;5;
;0%;0 д;01.03.26;31.07.26;08.07.26;05.09.26;60 д;;;6;;1069;4564;1051НН+30 д;639НН-2 д;НД;Наружные двери металлические утепленные 2080*1260мм;;;5;
;0%;0 д;01.03.26;31.07.26;08.07.26;05.09.26;60 д;;;5;;1070;4565;;;НД;Внутренние;;;4;
;0%;0 д;01.03.26;31.07.26;08.07.26;05.09.26;60 д;;;6;;1071;4566;1051НН+30 д;639НН-2 д;НД;Внутренние противопожарные двери металлические 2080*970мм;;;5;
4ce62cae-4dcb-11f0-a555-005056026d24;0%;0 д;01.03.26;31.07.26;08.07.26;21.08.26;45 д;;;4;;1072;4567;;;НД;ПОДЪЕМНО-СЕКЦИОННЫЕ ВОРОТА, ДОКИ;Лот №11. Подъемно-секционные ворота, доки;;4;
;0%;0 д;01.03.26;31.06.26;08.07.26;21.08.26;45 д;;;5;;1073;4568;1051НН+30 д;;НД;Устройство подъемных наружных секционных ворот (шхв) 2875х3000 мм ALUTECH (ProPlus);;;5;
;0%;0 д;01.03.26;31.07.26;08.07.26;21.08.26;45 д;;;5;;1074;4569;1051НН+30 д;;НД;Устройство подъемных наружных секционных ворот (шхв) 3560х4530 мм ALUTECH (ProPlus);;;5;
;0%;0 д;01.03.26;31.07.26;08.07.26;21.08.26;45 д;;;5;;1075;4570;1051НН+30 д;;НД;Уравнивающая перегрузочная платформа , докшелтер ALUTECH;;;5;
;0%;0 д;01.03.26;31.07.26;08.07.26;21.08.26;45 д;;;5;;1076;4571;1051НН+30 д;;НД;Герметизатор проема ALUTECH;;;5;
;0%;0 д;01.03.26;31.07.26;08.07.26;21.08.26;45 д;;;5;;1077;4572;1051НН+30 д;;НД;Направляющие для колес (колесоотбойники наружные) ALUTECH;;;5;
418d5553-4de7-11f0-a555-005056026d24;0%;0 д;01.03.26;31.07.26;07.08.26;05.09.26;30 д;;;4;;1078;4573;;;НД;КОЗЫРЬКИ;Лот №15. Козырьки;;4;
;0%;0 д;01.03.26;31.07.26;07.08.26;05.09.26;30 д;;;5;;1079;4574;1051;;НД;Стеклянный козырек 2х1,2 м (две тяги, тонированное стекло триплекс 8+8);;;5;
78e47229-4de7-11f0-a555-005056026d24;0%;0 д;01.03.26;31.07.26;29.06.26;27.08.26;60 д;;;4;;1080;4575;1051НН+21 д;;НД;ОГНЕЗАЩИТА;Лот №16. Огнезащита;;4;
a878a72a-4de7-11f0-a555-005056026d24;0%;0 д;01.03.26;31.07.26;08.06.26;20.08.26;74 д;;;4;;1081;4576;;;НД;ПРОМЫШЛЕННЫЕ ПОЛЫ, ПОЛЫ АБК, ПЕРЕКРЫТИЯ, ПОКРЫТИЯ;Лот №17. Промышленные полы, полы АБК, перекрытия, покрытие;;4;
;0%;0 д;01.03.26;31.07.26;22.06.26;20.08.26;60 д;;;5;;1082;4577;;;НД;ПРОМЫШЛЕННЫЕ ПОЛЫ;;;4;
;0%;0 д;01.03.26;31.07.26;22.06.26;20.08.26;60 д;;;6;;1083;4578;1051НН+14 д;1104НН+30 д;НД;Работы по устройству монолитной железобетонной плиты пола проектной толщиной 200мм, с армированием (нижний пояс) стержневой арматурой класса А500 O10 с ячейкой 200х200мм, из бетона класса В25, с нанесением упрочняющего покрытия, с устройством температурно;;;5;
;0%;0 д;01.03.26;31.07.26;08.06.26;07.07.26;30 д;;;5;;1084;4579;;;НД;Полы АБК/перекрытия/покрытие;;;4;
;0%;0 д;01.03.26;31.07.26;08.06.26;07.07.26;30 д;;;6;;1085;4580;1052НН+14 д;1105НН+14 д;НД;Основание под плиту пола в АБК: песок 200, щебень фр.20-40 - 200, пленка (геотекстиль);;;5;
;0%;0 д;01.03.26;31.07.26;08.06.26;07.07.26;30 д;;;6;;1086;4581;1052НН+14 д;;НД;Устройство монолитной ж/б плиты пола в АБК толщ. 140мм с утеплением;;;5;
;0%;0 д;01.03.26;31.07.26;08.06.26;07.07.26;30 д;;;6;;1087;4582;1052НН+14 д;;НД;Устройство монолитной плиты перекрытия 170мм по смонтированному профлисту бетоном В25 (вкл. температурно-усадочный и деформационные швы, монолитный армированный пояс);;;5;
e24a56ea-4de7-11f0-a555-005056026d24;0%;0 д;01.05.26;31.07.26;17.07.26;14.10.26;90 д;;;4;;1088;4583;;;НД;ДЕКОР ФАСАДОВ;Лот №18. Декор фасадов;;4;
;0%;0 д;01.05.26;31.07.26;17.07.26;14.10.26;90 д;;;5;;1089;4584;1051ОН-21 д;;НД;Монтаж ламелей вертикальных, горизонтальных;;;5;
0c7688b7-4de8-11f0-a555-005056026d24;0%;0 д;01.01.26;31.07.26;19.05.26;22.01.27;249 д;;;4;;1090;4585;;;НД;ВНУТРЕННИЕ СЕТИ;Лот №19. Внутренние сети;;4;
ffa94a42-4de7-11f0-a555-005056026d24;0%;0 д;01.01.26;31.07.26;26.05.26;07.12.26;196 д;;;5;;1091;4586;;;НД;ВНУТРЕННИЕ СЕТИ: ВОДОСНАБЖЕНИЕ, ВОДОТВЕДЕНИЕ, ОТОПЛЕНИЕ, ВЕНТИЛЯЦИЯ;19.1. Внутренние сети: Водоснабжение, водоотведение, отопление, вентиляция;;4;
;0%;0 д;01.01.26;31.07.26;26.05.26;21.11.26;180 д;;;6;;1092;4587;1043НН+14 д;1102ОН-14 д;НД;Хозяйственно-бытовой водопровод (холодное и горячее водоснабжение) А+;;;5;
;0%;0 д;01.01.26;31.07.26;11.06.26;07.12.26;180 д;;;6;;1093;4588;1043НН+30 д;1102ОН-14 д;НД;Система хоз-бытовой и фекальной канализации;;;5;
;0%;0 д;01.01.26;31.07.26;11.06.26;07.12.26;180 д;;;6;;1094;4589;1043НН+30 д;1102ОН-14 д;НД;Вентиляция;;;5;
;0%;0 д;01.01.26;31.07.26;11.06.26;07.12.26;180 д;;;6;;1095;4590;1043НН+30 д;1102ОН-14 д;НД;Отопление и теплоснабжение;;;5;
22f65793-4de8-11f0-a555-005056026d24;0%;0 д;01.01.26;31.07.26;26.06.26;22.12.26;180 д;;;5;;1096;4591;;;НД;ВНУТРЕННИЕ СЕТИ: ЭЛЕТРОСНАБЖЕНИЕ;19.2. Внутренние сети: Электроснабжение;;4;
;0%;0 д;01.01.26;31.07.26;26.06.26;22.12.26;180 д;;;6;;1097;4592;1043НН+45 д;"1102ОН-14 д;1098НН+60 д";НД;Электроснабжение (ЭОМ) А+;;;5;
;0%;0 д;01.01.26;31.07.26;25.08.26;23.10.26;60 д;;;6;;1098;4593;1097НН+60 д;1102ОН-14 д;НД;Светильники А+;;;5;
50c2d911-4de8-11f0-a555-005056026d24;0%;0 д;01.01.26;31.07.26;19.05.26;22.01.27;249 д;;;5;;1099;4594;;;НД;ВНУТРЕННИЕ СЕТИ: ПОЖАРНЫЕ;19.3. Внутренние сети: Пожарные;;4;
;0%;0 д;01.01.26;31.07.26;19.05.26;15.10.26;150 д;;;6;;1100;4595;1043НН+7 д;1102ОН-14 д;НД;Спринклерная система пожаротушения АУПТ А+;;;5;
;0%;0 д;01.01.26;31.07.26;11.07.26;06.01.27;180 д;;;6;;1101;4596;1043НН+60 д;1102ОН-14 д;НД;Система управления оповещением и эвакуацией СОУЭ Автоматическая пожарная сигнализация АПС Комплексная автоматизация;;;5;
;0%;0 д;НД;НД;24.12.26;22.01.27;30 д;;;6;;1102;4597;"1092ОН-14 д;1093ОН-14 д;1094ОН-14 д;1095ОН-14 д;1097ОН-14 д;1098ОН-14 д;1100ОН-14 д;1101ОН-14 д";1772;НД;ПНР;;;5;
6bd41379-4de8-11f0-a555-005056026d24;0%;0 д;01.01.26;31.07.26;22.06.26;28.12.26;190 д;;;4;;1103;4598;;;НД;ОТДЕЛОЧНЫЕ РАБОТЫ;Лот №20. Отделочные работы;;4;
;0%;0 д;01.01.26;31.07.26;22.07.26;19.10.26;90 д;;;5;;1104;4599;1083НН+30 д;"1106НН+45 д;1784";НД;"Отделочные работы склады (потолок - окраска, сан.узел - грильято; стены - штукатурка под бетон, сан.узел - керамогранит/окраска; полы - ламинат; перегородки - ГКЛВ/ГКЛВО). Двери, окна, лестница -НЕ ВХОДЯТ В СТОИМОСТЬ.";;;5;
;0%;0 д;01.01.26;31.07.26;22.06.26;28.12.26;190 д;;;5;;1105;4600;1085НН+14 д;"1117ОН-7 д;1784";НД;"Отделочные работы АБК 9,3*6м-2эт. (потолок - окраска, сан.узел - грильято; стены - штукатурка под бетон, сан.узел - керамогранит/окраска; полы - ламинат/керамогранит; перегородки - ГКЛВ/ГКЛВО). Двери, окна, лестница -НЕ ВХОДЯТ В СТОИМОСТЬ.";;;5;
;0%;0 д;01.01.26;31.07.26;05.09.26;04.10.26;30 д;;;5;;1106;4601;1104НН+45 д;;НД;Внутренние двери деревянные размером 970*2080мм;;;5;
;0%;0 д;01.05.26;31.07.26;17.07.26;14.09.26;60 д;;;4;;1107;4602;;;НД;РЕКЛАМА;;;4;
;0%;0 д;01.05.26;31.07.26;17.07.26;14.09.26;60 д;;;5;;1108;4603;1051ОН-21 д;;НД;Номерация h=1,8 м (1 цифра);;;5;
;0%;0 д;01.05.26;31.07.26;17.07.26;14.09.26;60 д;;;5;;1109;4604;1051ОН-21 д;;НД;Номерация h=1,8 м (1 световая цифра);;;5;
;0%;0 д;01.05.26;31.07.26;17.07.26;14.09.26;60 д;;;5;;1110;4605;1051ОН-21 д;;НД;Буквенное обозначение h=1м (например, BLOCK А);;;5;
;0%;0 д;01.05.26;31.07.26;17.07.26;14.09.26;60 д;;;5;;1111;4606;1051ОН-21 д;;НД;Буквенное обозначение h=1м (например, BLOCK А - световая);;;5;
;0%;0 д;01.05.26;31.07.26;17.07.26;14.09.26;60 д;;;5;;1112;4607;1051ОН-21 д;;НД;Логотип на стене (световые буквы h=1 м) INDASTRIAL CITY;;;5;
;0%;0 д;01.05.26;31.07.26;17.07.26;14.09.26;60 д;;;5;;1113;4608;1051ОН-21 д;;НД;Логотип на стене (световые буквы h=3 м) INDASTRIAL CITY;;;5;
;0%;0 д;01.05.26;31.07.26;17.07.26;14.09.26;60 д;;;5;;1114;4609;1051ОН-21 д;;НД;Логотип на кровле 21х21 м из ПВХ мембраны INDASTRIAL CITY;;;5;
;0%;0 д;01.05.26;31.07.26;17.07.26;14.09.26;60 д;;;5;;1115;4610;1051ОН-21 д;;НД;Художественная покраска стен;;;5;
b9e45c24-4dea-11f0-a555-005056026d24;0%;0 д;01.05.26;31.07.26;22.12.26;20.01.27;30 д;;;4;;1116;4611;;;НД;КЛИНИНГ;Лот №30. Клининг;;4;
;0%;0 д;01.05.26;31.07.26;22.12.26;20.01.27;30 д;;;5;;1117;4612;1105ОН-7 д;;НД;Клининг;;;5;
e3da9b2c-4dea-11f0-a555-005056026d24;0%;0 д;01.01.26;31.07.26;07.08.26;20.09.26;45 д;;;4;;1118;4613;1051;;14.04.26;Временное отопление;Лот №32. Временное отопление;;5;
;0%;0 д;01.11.25;31.08.26;26.06.26;26.06.26;0 д;;;4;;1119;4614;1051НН+19 д;1783;НД;Готовность технических помещений блока B;;;5;
;1%;0 д;01.10.25;31.08.26;18.04.26;22.01.27;280 д;;План -80, факт - 0;3;;1120;3246;;;НД;Блок С (5 000 м2);;;3;
;1%;0 д;НД;НД;04.05.26;09.08.26;98 д;;;4;;1121;4900;;;НД;Усиление грунтов;;;4;
5448e052-4dc8-11f0-a555-005056026d24;2%;0 д;НД;НД;04.05.26;31.05.26;28 д;;;5;;1122;4901;571;"1773;1123";НД;Дополнительные изыскания;Лот №07. Сваи;;5;
;0%;0 д;НД;НД;01.06.26;09.08.26;70 д;;;5;;1123;4902;1122;1773;НД;Усиление грунтов (Инъектирование);;;5;
81e66355-570e-11f0-a555-005056026d24;4%;0 д;01.10.25;31.04.26;18.04.26;13.08.26;118 д;;;4;;1124;4904;;;НД;КОРОБКА, КРОВЛЯ, СТЕНЫ;Лот №08. Коробка, кровля, стены;;4;
4345e571-4dc9-11f0-a555-005056026d24;60%;0 д;01.10.25;31.04.26;18.04.26;17.05.26;30 д;;;5;;1125;4905;115ОН+14 д;"1127ОН-14 д;1773";01.12.25;Фундаменты сборные, ростверки и тд;8.1. Фундаменты сборные;;4;
;70%;0 д;01.10.25;31.03.26;04.05.26;24.05.26;21 д;;;5;;1126;4906;;;НД;Железобетонные колонны;;;4;
;70%;0 д;01.10.25;31.03.26;04.05.26;24.05.26;21 д;;;6;;1127;4907;1125ОН-14 д;"1129;1133ОН-20 д;1131ОН-20 д;1773";20.01.26;Установка колонн (в тч земляные работы , замоноличивание стыков, гидроизоляция);;;5;
;0%;0 д;01.10.25;31.03.26;25.05.26;23.06.26;30 д;;;5;;1128;4908;;;НД;Цокольные панели;;;4;
;0%;0 д;01.10.25;31.03.26;25.05.26;23.06.26;30 д;;;6;;1129;4909;1127;1773;НД;Укладка цокольных панелей (в тч земляные работы, устройство стеновых стыков, монолитные участки, гидроизоляция);;;5;
57d09122-4dc9-11f0-a555-005056026d24;0%;0 д;01.10.25;31.05.26;05.05.26;18.05.26;14 д;;;5;;1130;4910;;;НД;Фундаменты монолитные;8.2. Фундаменты монолитные;;4;
;0%;0 д;01.10.25;30.05.26;05.05.26;18.05.26;14 д;;;6;;1131;4911;1127ОН-20 д;"1136;1773";НД;Устройство монолитной железобетонной плиты под КПП и технические помещения (в тч земляные работы, основание песок, щебень, гидроизоляция);;;5;
89d4a1fd-4dc9-11f0-a555-005056026d24;0%;0 д;01.10.25;31.07.26;05.05.26;06.08.26;94 д;;;5;;1132;4912;;;НД;Металлические конструкции;8.5. Металлические конструкции;;4;
;0%;0 д;01.10.25;31.07.26;05.05.26;03.06.26;30 д;;;6;;1133;4913;1127ОН-20 д;"1141НН+7 д;1142НН+7 д;1134НН+20 д;1151НН+20 д;1773";01.02.26;Монтаж балок перекрытий, колонн, опор под оборудование;;;5;
;0%;0 д;01.10.25;31.07.26;25.05.26;23.06.26;30 д;;;6;;1134;4914;1133НН+20 д;"1150НН+14 д;1135ОН+7 д;1773";01.02.26;Монтаж наружного фахверка;;;5;
;0%;0 д;01.10.25;31.07.26;01.07.26;30.07.26;30 д;;;6;;1135;4915;1134ОН+7 д;"1152НН+14 д;1773";01.02.26;Монтаж внутреннего фахверк;;;5;
;0%;0 д;01.10.25;31.07.26;19.05.26;08.06.26;21 д;;;6;;1136;4916;1131;"1139ОН+14 д;1773";01.02.26;Монтаж пристройки;;;5;
;0%;0 д;01.10.25;30.04.26;08.07.26;06.08.26;30 д;;;6;;1137;4917;1150НН+30 д;1773;01.02.26;Монтаж наружной металлической лестницы с покрытием из реш.настила (входные) с ограждением;;;5;
;0%;0 д;01.10.25;30.03.26;08.07.26;06.08.26;30 д;;;6;;1138;4918;1150НН+30 д;1773;01.02.26;Монтаж м/к наружной металлической лестницы (в т. ч. пожарной);;;5;
;0%;0 д;01.10.25;30.03.26;23.06.26;06.07.26;14 д;;;6;;1139;4919;1136ОН+14 д;1773;01.02.26;Монтаж щитов металлических;;;5;
29911e79-4dca-11f0-a555-005056026d24;0%;0 д;01.10.25;30.04.26;12.05.26;10.06.26;30 д;;;5;;1140;4920;;;НД;Профилированный лист;8.6. Профилированный лист;;4;
;0%;0 д;01.10.25;30.04.26;12.05.26;10.06.26;30 д;;;6;;1141;4921;1133НН+7 д;"832НН+20 д;1773";НД;Монтаж перекрытий из профилированного листа Н114-750-0.7, в т.ч. метизы;;;5;
;0%;0 д;01.10.25;30.04.26;12.05.26;10.06.26;30 д;;;6;;1142;4922;1133НН+7 д;"1144НН+10 д;1145НН+10 д;1146НН+10 д;1147НН+10 д;1148НН+10 д;1153ОН-7 д;1199НН+7 д;1191НН+14 д;1192НН+30 д;1193НН+30 д;1194НН+30 д;1196НН+45 д;1200НН+60 д;1773";НД;Монтаж покрытия из профилированного листа Н114-750-1.0, в т.ч. метизы;;;5;
d85d6bcd-4dc8-11f0-a555-005056026d24;0%;0 д;01.10.25;31.05.26;22.05.26;22.07.26;62 д;;;5;;1143;4923;;;НД;Кровля;8.8. Кровля;;4;
;0%;0 д;01.10.25;31.05.26;22.05.26;22.07.26;62 д;;;6;;1144;4924;1142НН+10 д;1773;НД;Устройство пароизоляции;;;5;
;0%;0 д;01.10.25;31.05.26;22.05.26;22.07.26;62 д;;;6;;1145;4925;1142НН+10 д;1773;НД;Утепление покрытий PIR 60 мм;;;5;
;0%;0 д;01.10.25;31.05.26;22.05.26;22.07.26;62 д;;;6;;1146;4926;1142НН+10 д;1773;НД;Утепление покрытий плитами из минеральной ваты 50 мм;;;5;
;0%;0 д;01.10.25;31.05.26;22.05.26;22.07.26;62 д;;;6;;1147;4927;1142НН+10 д;1773;НД;Устройство плоских однослойных кровель из пвх мембран ecoplast v-rp (1,2 мм) (со сваркой полотен) с укладкой разделительного слоя по утеплителю, с устройством примыканий;;;5;
;0%;0 д;01.10.25;31.05.26;22.05.26;22.07.26;62 д;;;6;;1148;4928;1142НН+10 д;1773;НД;Система дождевой канализации (сифонно-вакуумная система внутреннего водостока) с врезкой в колодец;;;5;
1fb58214-4dc9-11f0-a555-005056026d24;0%;0 д;01.10.25;30.04.26;25.05.26;13.08.26;81 д;;;5;;1149;4929;;;НД;Ограждающие конструкции;8.7. Ограждающие конструкции;;4;
;0%;0 д;01.10.25;30.04.26;08.06.26;06.08.26;60 д;;;6;;1150;4930;1134НН+14 д;"1137НН+30 д;1138НН+30 д;1156НН+30 д;1158НН+30 д;1161НН+30 д;1162НН+30 д;1163НН+30 д;1164НН+30 д;1167НН+30 д;1168НН+30 д;1170НН+30 д;1172НН+30 д;1173НН+30 д;1174НН+30 д;1175НН+30 д;1176НН+30 д;1178;1179НН+21 д;1182НН+14 д;1214ОН-21 д;1218НН+19 д;1188ОН-...";30.04.26;Монтаж сэндвич-панелей внешних;;;5;
;0%;0 д;01.10.25;30.04.26;25.05.26;23.06.26;30 д;;;6;;1151;4931;1133НН+20 д;"1184НН+14 д;1185НН+14 д;1186НН+14 д;1773";30.04.26;Монтаж сэндвич-панелей внешних (АБК);;;5;
;0%;0 д;01.10.25;30.04.26;15.07.26;13.08.26;30 д;;;6;;1152;4932;1135НН+14 д;1773;30.04.26;Монтаж сэндвич-панелей внутренних;;;5;
54c0dc50-4dca-11f0-a555-005056026d24;0%;0 д;01.10.25;31.05.26;04.06.26;02.08.26;60 д;;;4;;1153;4933;1142ОН-7 д;1773;НД;Внутренние лестницы;Лот №09. Внутренние лестницы;;4;
bc870b25-4de6-11f0-a555-005056026d24;0%;0 д;01.03.26;31.07.26;08.07.26;05.09.26;60 д;;;4;;1154;4934;;;НД;ОКНА;Лот №12. Окна;;4;
fcc34f08-4dcb-11f0-a555-005056026d24;0%;0 д;01.03.26;31.07.26;08.07.26;05.09.26;60 д;;;5;;1155;4935;;;НД;Наружные;12.1. Наружные оконные блоки;;4;
;0%;0 д;01.03.26;31.07.26;08.07.26;05.09.26;60 д;;;6;;1156;4936;1150НН+30 д;"638НН-2 д;1773";НД;Наружные оконные блоки с ламинацией;;;5;
11f7bcc7-4dcc-11f0-a555-005056026d24;0%;0 д;01.03.26;31.07.26;08.07.26;05.09.26;60 д;;;5;;1157;4937;;;НД;Внутренние;12.2. Внутренние оконные блоки;;4;
;0%;0 д;01.03.26;31.07.26;08.07.26;05.09.26;60 д;;;6;;1158;4938;1150НН+30 д;"638НН-2 д;1773";НД;Внутренние двери металлические размером 2080*970 мм;;;5;
4d33fc43-4dcc-11f0-a555-005056026d24;0%;0 д;01.03.26;31.07.26;08.07.26;05.09.26;60 д;;;4;;1159;4939;;;НД;ВИТРАЖИ;Лот №13. Витражи;;4;
;0%;0 д;01.03.26;31.07.26;08.07.26;05.09.26;60 д;;;5;;1160;4940;;;НД;Наружные;;;4;
;0%;0 д;01.03.26;31.07.26;08.07.26;05.09.26;60 д;;;6;;1161;4941;1150НН+30 д;"637НН-2 д;1773";НД;Наружные витражи;;;5;
;0%;0 д;01.03.26;31.07.26;08.07.26;05.09.26;60 д;;;6;;1162;4942;1150НН+30 д;"637НН-2 д;1773";НД;Наружные двери алюминевые 1200*2100мм;;;5;
;0%;0 д;01.03.26;31.07.26;08.07.26;05.09.26;60 д;;;6;;1163;4943;1150НН+30 д;"637НН-2 д;1773";НД;Наружный витраж с дверью на АБК 2100*2500мм (входные двери на Base);;;5;
;0%;0 д;01.03.26;31.07.26;08.07.26;05.09.26;60 д;;;5;;1164;4944;1150НН+30 д;1773;НД;Внутренние;;;4;
b291b2d8-5733-11f0-a555-005056026d24;0%;0 д;01.03.26;31.07.26;08.07.26;05.09.26;60 д;;;4;;1165;4945;;;НД;ДВЕРИ, РАСПАШНЫЕ ВОРОТА;Лот № 14. Двери, распашные ворота;;4;
;0%;0 д;01.03.26;31.07.26;08.07.26;05.09.26;60 д;;;5;;1166;4946;;;НД;Наружные;;;4;
;0%;0 д;01.03.26;31.07.26;08.07.26;05.09.26;60 д;;;6;;1167;4947;1150НН+30 д;"639НН-2 д;1773";НД;Наружные двери металлические утепленные 2080*1670мм;;;5;
;0%;0 д;01.03.26;31.07.26;08.07.26;05.09.26;60 д;;;6;;1168;4948;1150НН+30 д;"639НН-2 д;1773";НД;Наружные двери металлические утепленные 2080*1260мм;;;5;
;0%;0 д;01.03.26;31.07.26;08.07.26;05.09.26;60 д;;;5;;1169;4949;;;НД;Внутренние;;;4;
;0%;0 д;01.03.26;31.07.26;08.07.26;05.09.26;60 д;;;6;;1170;4950;1150НН+30 д;"639НН-2 д;1773";НД;Внутренние противопожарные двери металлические 2080*970мм;;;5;
4ce62cae-4dcb-11f0-a555-005056026d24;0%;0 д;01.03.26;31.07.26;08.07.26;21.08.26;45 д;;;4;;1171;4951;;;НД;ПОДЪЕМНО-СЕКЦИОННЫЕ ВОРОТА, ДОКИ;Лот №11. Подъемно-секционные ворота, доки;;4;
;0%;0 д;01.03.26;31.06.26;08.07.26;21.08.26;45 д;;;5;;1172;4952;1150НН+30 д;1773;НД;Устройство подъемных наружных секционных ворот (шхв) 2875х3000 мм ALUTECH (ProPlus);;;5;
;0%;0 д;01.03.26;31.07.26;08.07.26;21.08.26;45 д;;;5;;1173;4953;1150НН+30 д;1773;НД;Устройство подъемных наружных секционных ворот (шхв) 3560х4530 мм ALUTECH (ProPlus);;;5;
;0%;0 д;01.03.26;31.07.26;08.07.26;21.08.26;45 д;;;5;;1174;4954;1150НН+30 д;1773;НД;Уравнивающая перегрузочная платформа , докшелтер ALUTECH;;;5;
;0%;0 д;01.03.26;31.07.26;08.07.26;21.08.26;45 д;;;5;;1175;4955;1150НН+30 д;1773;НД;Герметизатор проема ALUTECH;;;5;
;0%;0 д;01.03.26;31.07.26;08.07.26;21.08.26;45 д;;;5;;1176;4956;1150НН+30 д;1773;НД;Направляющие для колес (колесоотбойники наружные) ALUTECH;;;5;
418d5553-4de7-11f0-a555-005056026d24;0%;0 д;01.03.26;31.07.26;07.08.26;05.09.26;30 д;;;4;;1177;4957;;;НД;КОЗЫРЬКИ;Лот №15. Козырьки;;4;
;0%;0 д;01.03.26;31.07.26;07.08.26;05.09.26;30 д;;;5;;1178;4958;1150;1773;НД;Стеклянный козырек 2х1,2 м (две тяги, тонированное стекло триплекс 8+8);;;5;
78e47229-4de7-11f0-a555-005056026d24;0%;0 д;01.03.26;31.07.26;29.06.26;27.08.26;60 д;;;4;;1179;4959;1150НН+21 д;1773;НД;ОГНЕЗАЩИТА;Лот №16. Огнезащита;;4;
a878a72a-4de7-11f0-a555-005056026d24;0%;0 д;01.03.26;31.07.26;08.06.26;20.08.26;74 д;;;4;;1180;4960;;;НД;ПРОМЫШЛЕННЫЕ ПОЛЫ, ПОЛЫ АБК, ПЕРЕКРЫТИЯ, ПОКРЫТИЯ;Лот №17. Промышленные полы, полы АБК, перекрытия, покрытие;;4;
;0%;0 д;01.03.26;31.07.26;22.06.26;20.08.26;60 д;;;5;;1181;4961;;;НД;ПРОМЫШЛЕННЫЕ ПОЛЫ;;;4;
;0%;0 д;01.03.26;31.07.26;22.06.26;20.08.26;60 д;;;6;;1182;4962;1150НН+14 д;"1203НН+30 д;1773";НД;Работы по устройству монолитной железобетонной плиты пола проектной толщиной 200мм, с армированием (нижний пояс) стержневой арматурой класса А500 O10 с ячейкой 200х200мм, из бетона класса В25, с нанесением упрочняющего покрытия, с устройством температурно;;;5;
;0%;0 д;01.03.26;31.07.26;08.06.26;07.07.26;30 д;;;5;;1183;4963;;;НД;Полы АБК/перекрытия/покрытие;;;4;
;0%;0 д;01.03.26;31.07.26;08.06.26;07.07.26;30 д;;;6;;1184;4964;1151НН+14 д;"1204НН+14 д;1773";НД;Основание под плиту пола в АБК: песок 200, щебень фр.20-40 - 200, пленка (геотекстиль);;;5;
;0%;0 д;01.03.26;31.07.26;08.06.26;07.07.26;30 д;;;6;;1185;4965;1151НН+14 д;1773;НД;Устройство монолитной ж/б плиты пола в АБК толщ. 140мм с утеплением;;;5;
;0%;0 д;01.03.26;31.07.26;08.06.26;07.07.26;30 д;;;6;;1186;4966;1151НН+14 д;1773;НД;Устройство монолитной плиты перекрытия 170мм по смонтированному профлисту бетоном В25 (вкл. температурно-усадочный и деформационные швы, монолитный армированный пояс);;;5;
e24a56ea-4de7-11f0-a555-005056026d24;0%;0 д;01.05.26;31.07.26;17.07.26;14.10.26;90 д;;;4;;1187;4967;;;НД;ДЕКОР ФАСАДОВ;Лот №18. Декор фасадов;;4;
;0%;0 д;01.05.26;31.07.26;17.07.26;14.10.26;90 д;;;5;;1188;4968;1150ОН-21 д;1773;НД;Монтаж ламелей вертикальных, горизонтальных;;;5;
0c7688b7-4de8-11f0-a555-005056026d24;0%;0 д;01.01.26;31.07.26;19.05.26;22.01.27;249 д;;;4;;1189;4969;;;НД;ВНУТРЕННИЕ СЕТИ;Лот №19. Внутренние сети;;4;
ffa94a42-4de7-11f0-a555-005056026d24;0%;0 д;01.01.26;31.07.26;26.05.26;07.12.26;196 д;;;5;;1190;4970;;;НД;ВНУТРЕННИЕ СЕТИ: ВОДОСНАБЖЕНИЕ, ВОДОТВЕДЕНИЕ, ОТОПЛЕНИЕ, ВЕНТИЛЯЦИЯ;19.1. Внутренние сети: Водоснабжение, водоотведение, отопление, вентиляция;;4;
;0%;0 д;01.01.26;31.07.26;26.05.26;21.11.26;180 д;;;6;;1191;4971;1142НН+14 д;"1201ОН-14 д;1773";НД;Хозяйственно-бытовой водопровод (холодное и горячее водоснабжение) А+;;;5;
;0%;0 д;01.01.26;31.07.26;11.06.26;07.12.26;180 д;;;6;;1192;4972;1142НН+30 д;"1201ОН-14 д;1773";НД;Система хоз-бытовой и фекальной канализации;;;5;
;0%;0 д;01.01.26;31.07.26;11.06.26;07.12.26;180 д;;;6;;1193;4973;1142НН+30 д;"1201ОН-14 д;1773";НД;Вентиляция;;;5;
;0%;0 д;01.01.26;31.07.26;11.06.26;07.12.26;180 д;;;6;;1194;4974;1142НН+30 д;"1201ОН-14 д;1773";НД;Отопление и теплоснабжение;;;5;
22f65793-4de8-11f0-a555-005056026d24;0%;0 д;01.01.26;31.07.26;26.06.26;22.12.26;180 д;;;5;;1195;4975;;;НД;ВНУТРЕННИЕ СЕТИ: ЭЛЕТРОСНАБЖЕНИЕ;19.2. Внутренние сети: Электроснабжение;;4;
;0%;0 д;01.01.26;31.07.26;26.06.26;22.12.26;180 д;;;6;;1196;4976;1142НН+45 д;"1201ОН-14 д;1197НН+60 д;1773";НД;Электроснабжение (ЭОМ) А+;;;5;
;0%;0 д;01.01.26;31.07.26;25.08.26;23.10.26;60 д;;;6;;1197;4977;1196НН+60 д;"1201ОН-14 д;1773";НД;Светильники А+;;;5;
50c2d911-4de8-11f0-a555-005056026d24;0%;0 д;01.01.26;31.07.26;19.05.26;22.01.27;249 д;;;5;;1198;4978;;;НД;ВНУТРЕННИЕ СЕТИ: ПОЖАРНЫЕ;19.3. Внутренние сети: Пожарные;;4;
;0%;0 д;01.01.26;31.07.26;19.05.26;15.10.26;150 д;;;6;;1199;4979;1142НН+7 д;"1201ОН-14 д;1773";НД;Спринклерная система пожаротушения АУПТ А+;;;5;
;0%;0 д;01.01.26;31.07.26;11.07.26;06.01.27;180 д;;;6;;1200;4980;1142НН+60 д;"1201ОН-14 д;1773";НД;Система управления оповещением и эвакуацией СОУЭ Автоматическая пожарная сигнализация АПС Комплексная автоматизация;;;5;
;0%;0 д;НД;НД;24.12.26;22.01.27;30 д;;;6;;1201;4981;"1191ОН-14 д;1192ОН-14 д;1193ОН-14 д;1194ОН-14 д;1196ОН-14 д;1197ОН-14 д;1199ОН-14 д;1200ОН-14 д";1773;НД;ПНР;;;5;
6bd41379-4de8-11f0-a555-005056026d24;0%;0 д;01.01.26;31.07.26;22.06.26;28.12.26;190 д;;;4;;1202;4982;;;НД;ОТДЕЛОЧНЫЕ РАБОТЫ;Лот №20. Отделочные работы;;4;
;0%;0 д;01.01.26;31.07.26;22.07.26;19.10.26;90 д;;;5;;1203;4983;1182НН+30 д;"1205НН+45 д;1784;1773";НД;"Отделочные работы склады (потолок - окраска, сан.узел - грильято; стены - штукатурка под бетон, сан.узел - керамогранит/окраска; полы - ламинат; перегородки - ГКЛВ/ГКЛВО). Двери, окна, лестница -НЕ ВХОДЯТ В СТОИМОСТЬ.";;;5;
;0%;0 д;01.01.26;31.07.26;22.06.26;28.12.26;190 д;;;5;;1204;4984;1184НН+14 д;"1216ОН-7 д;1784;1773";НД;"Отделочные работы АБК 9,3*6м-2эт. (потолок - окраска, сан.узел - грильято; стены - штукатурка под бетон, сан.узел - керамогранит/окраска; полы - ламинат/керамогранит; перегородки - ГКЛВ/ГКЛВО). Двери, окна, лестница -НЕ ВХОДЯТ В СТОИМОСТЬ.";;;5;
;0%;0 д;01.01.26;31.07.26;05.09.26;04.10.26;30 д;;;5;;1205;4985;1203НН+45 д;1773;НД;Внутренние двери деревянные размером 970*2080мм;;;5;
;0%;0 д;01.05.26;31.07.26;17.07.26;14.09.26;60 д;;;4;;1206;4986;;;НД;РЕКЛАМА;;;4;
;0%;0 д;01.05.26;31.07.26;17.07.26;14.09.26;60 д;;;5;;1207;4987;1150ОН-21 д;1773;НД;Номерация h=1,8 м (1 цифра);;;5;
;0%;0 д;01.05.26;31.07.26;17.07.26;14.09.26;60 д;;;5;;1208;4988;1150ОН-21 д;1773;НД;Номерация h=1,8 м (1 световая цифра);;;5;
;0%;0 д;01.05.26;31.07.26;17.07.26;14.09.26;60 д;;;5;;1209;4989;1150ОН-21 д;1773;НД;Буквенное обозначение h=1м (например, BLOCK А);;;5;
;0%;0 д;01.05.26;31.07.26;17.07.26;14.09.26;60 д;;;5;;1210;4990;1150ОН-21 д;1773;НД;Буквенное обозначение h=1м (например, BLOCK А - световая);;;5;
;0%;0 д;01.05.26;31.07.26;17.07.26;14.09.26;60 д;;;5;;1211;4991;1150ОН-21 д;1773;НД;Логотип на стене (световые буквы h=1 м) INDASTRIAL CITY;;;5;
;0%;0 д;01.05.26;31.07.26;17.07.26;14.09.26;60 д;;;5;;1212;4992;1150ОН-21 д;1773;НД;Логотип на стене (световые буквы h=3 м) INDASTRIAL CITY;;;5;
;0%;0 д;01.05.26;31.07.26;17.07.26;14.09.26;60 д;;;5;;1213;4993;1150ОН-21 д;1773;НД;Логотип на кровле 21х21 м из ПВХ мембраны INDASTRIAL CITY;;;5;
;0%;0 д;01.05.26;31.07.26;17.07.26;14.09.26;60 д;;;5;;1214;4994;1150ОН-21 д;1773;НД;Художественная покраска стен;;;5;
b9e45c24-4dea-11f0-a555-005056026d24;0%;0 д;01.05.26;31.07.26;22.12.26;20.01.27;30 д;;;4;;1215;4995;;;НД;КЛИНИНГ;Лот №30. Клининг;;4;
;0%;0 д;01.05.26;31.07.26;22.12.26;20.01.27;30 д;;;5;;1216;4996;1204ОН-7 д;1773;НД;Клининг;;;5;
e3da9b2c-4dea-11f0-a555-005056026d24;0%;0 д;01.01.26;31.07.26;07.08.26;20.09.26;45 д;;;4;;1217;4997;1150;1773;14.04.26;Временное отопление;Лот №32. Временное отопление;;5;
;0%;0 д;01.11.25;31.08.26;26.06.26;26.06.26;0 д;;;4;;1218;4998;1150НН+19 д;"1783;1773";НД;Готовность технических помещений блока С;;;5;
;1%;0 д;01.10.25;31.08.26;18.04.26;21.01.27;279 д;;План -48, факт - 13;3;;1219;3349;;;НД;Блок D  (16 000 м2);;;3;
;1%;0 д;НД;НД;04.05.26;09.08.26;98 д;;;4;;1220;4615;;;НД;Усиление грунтов;;;4;
5448e052-4dc8-11f0-a555-005056026d24;5%;0 д;НД;НД;04.05.26;31.05.26;28 д;;;5;;1221;4616;571;"1774;1222";НД;Дополнительные изыскания;Лот №07. Сваи;;5;
;0%;0 д;НД;НД;01.06.26;09.08.26;70 д;;;5;;1222;4617;1221;1774;НД;Усиление грунтов (Инъектирование);;;5;
81e66355-570e-11f0-a555-005056026d24;4%;0 д;01.10.25;31.04.26;18.04.26;15.09.26;151 д;;;4;;1223;4619;;;НД;КОРОБКА, КРОВЛЯ, СТЕНЫ;Лот №08. Коробка, кровля, стены;;4;
4345e571-4dc9-11f0-a555-005056026d24;55%;0 д;01.10.25;31.04.26;18.04.26;27.05.26;40 д;;;5;;1224;4620;115ОН+14 д;"1226ОН-14 д;1774";01.12.25;Фундаменты сборные, ростверки и тд;8.1. Фундаменты сборные;;4;
;60%;0 д;01.10.25;31.03.26;14.05.26;12.06.26;30 д;;;5;;1225;4621;;;НД;Железобетонные колонны;;;4;
;60%;0 д;01.10.25;31.03.26;14.05.26;12.06.26;30 д;;;6;;1226;4622;1224ОН-14 д;"1228;1230ОН-20 д;1774";20.01.26;Установка колонн (в тч земляные работы , замоноличивание стыков, гидроизоляция);;;5;
;0%;0 д;01.10.25;31.03.26;13.06.26;12.07.26;30 д;;;5;;1227;4623;;;НД;Цокольные панели;;;4;
;0%;0 д;01.10.25;31.03.26;13.06.26;12.07.26;30 д;;;6;;1228;4624;1226;1774;НД;Укладка цокольных панелей (в тч земляные работы, устройство стеновых стыков, монолитные участки, гидроизоляция);;;5;
57d09122-4dc9-11f0-a555-005056026d24;0%;0 д;01.10.25;31.05.26;24.05.26;06.06.26;14 д;;;5;;1229;4625;;;НД;Фундаменты монолитные;8.2. Фундаменты монолитные;;4;
;0%;0 д;01.10.25;30.05.26;24.05.26;06.06.26;14 д;;;6;;1230;4626;1226ОН-20 д;"1235;1774";НД;Устройство монолитной железобетонной плиты под КПП и технические помещения (в тч земляные работы, основание песок, щебень, гидроизоляция);;;5;
89d4a1fd-4dc9-11f0-a555-005056026d24;0%;0 д;01.10.25;31.07.26;20.04.26;15.09.26;149 д;;;5;;1231;4627;;;НД;Металлические конструкции;8.5. Металлические конструкции;;4;
;3%;0 д;01.10.25;31.07.26;20.04.26;19.05.26;30 д;;;6;;1232;4628;;"1242НН+21 д;1243НН+21 д;1233НН+20 д;1774";01.02.26;Монтаж балок перекрытий, колонн, опор под оборудование;;;5;
;0%;0 д;01.10.25;31.07.26;10.05.26;08.06.26;30 д;;;6;;1233;4629;1232НН+20 д;"1251ОН-20 д;1234ОН+7 д;1774;1252ОН-20 д";01.02.26;Монтаж наружного фахверка;;;5;
;0%;0 д;01.10.25;31.07.26;16.06.26;30.07.26;45 д;;;6;;1234;4630;1233ОН+7 д;"1253НН+30 д;1774";01.02.26;Монтаж внутреннего фахверк;;;5;
;0%;0 д;01.10.25;31.07.26;07.06.26;27.06.26;21 д;;;6;;1235;4631;1230;"1240ОН+14 д;1774";01.02.26;Монтаж пристройки;;;5;
;0%;0 д;01.10.25;30.04.26;19.06.26;02.08.26;45 д;;;6;;1236;4632;1251НН+30 д;1774;01.02.26;Монтаж наружной металлической лестницы с покрытием из реш.настила (входные) с ограждением;;;5;
;0%;0 д;01.10.25;30.03.26;19.06.26;02.08.26;45 д;;;6;;1237;4633;1251НН+30 д;1774;01.02.26;Монтаж м/к наружной металлической лестницы (в т. ч. пожарной);;;5;
;0%;0 д;01.10.25;30.03.26;17.08.26;15.09.26;30 д;;;6;;1238;4634;1283;1774;01.02.26;Монтаж лестницы на мезонин;;;5;
;0%;0 д;01.10.25;30.03.26;17.08.26;15.09.26;30 д;;;6;;1239;4635;1283;1774;01.02.26;Монтаж ограждения мезонина;;;5;
;0%;0 д;01.10.25;30.03.26;12.07.26;25.07.26;14 д;;;6;;1240;4636;1235ОН+14 д;1774;01.02.26;Монтаж щитов металлических;;;5;
29911e79-4dca-11f0-a555-005056026d24;0%;0 д;01.10.25;30.04.26;11.05.26;09.06.26;30 д;;;5;;1241;4637;;;НД;Профилированный лист;8.6. Профилированный лист;;4;
;0%;0 д;01.10.25;30.04.26;11.05.26;09.06.26;30 д;;;6;;1242;4638;1232НН+21 д;"832НН+20 д;1774";НД;Монтаж перекрытий из профилированного листа Н114-750-0.7, в т.ч. метизы;;;5;
;0%;0 д;01.10.25;30.04.26;11.05.26;09.06.26;30 д;;;6;;1243;4639;1232НН+21 д;"1245НН+10 д;1246НН+10 д;1247НН+10 д;1248НН+10 д;1249НН+10 д;1254ОН-7 д;1300НН+7 д;1292НН+14 д;1293НН+30 д;1294НН+30 д;1295НН+30 д;1297НН+45 д;1301НН+60 д;1774";НД;Монтаж покрытия из профилированного листа Н114-750-1.0, в т.ч. метизы;;;5;
d85d6bcd-4dc8-11f0-a555-005056026d24;0%;0 д;01.10.25;31.05.26;21.05.26;21.07.26;62 д;;;5;;1244;4640;;;НД;Кровля;8.8. Кровля;;4;
;0%;0 д;01.10.25;31.05.26;21.05.26;21.07.26;62 д;;;6;;1245;4641;1243НН+10 д;1774;НД;Устройство пароизоляции;;;5;
;0%;0 д;01.10.25;31.05.26;21.05.26;21.07.26;62 д;;;6;;1246;4642;1243НН+10 д;1774;НД;Утепление покрытий PIR 60 мм;;;5;
;0%;0 д;01.10.25;31.05.26;21.05.26;21.07.26;62 д;;;6;;1247;4643;1243НН+10 д;1774;НД;Утепление покрытий плитами из минеральной ваты 50 мм;;;5;
;0%;0 д;01.10.25;31.05.26;21.05.26;21.07.26;62 д;;;6;;1248;4644;1243НН+10 д;1774;НД;Устройство плоских однослойных кровель из пвх мембран ecoplast v-rp (1,2 мм) (со сваркой полотен) с укладкой разделительного слоя по утеплителю, с устройством примыканий;;;5;
;0%;0 д;01.10.25;31.05.26;21.05.26;21.07.26;62 д;;;6;;1249;4645;1243НН+10 д;1774;НД;Система дождевой канализации (сифонно-вакуумная система внутреннего водостока) с врезкой в колодец;;;5;
1fb58214-4dc9-11f0-a555-005056026d24;0%;0 д;01.10.25;30.04.26;20.05.26;13.09.26;117 д;;;5;;1250;4646;;;НД;Ограждающие конструкции;8.7. Ограждающие конструкции;;4;
;0%;0 д;01.10.25;30.04.26;20.05.26;18.07.26;60 д;;;6;;1251;4647;1233ОН-20 д;"1236НН+30 д;1237НН+30 д;1257НН+30 д;1259НН+30 д;1262НН+30 д;1263НН+30 д;1264НН+30 д;1265НН+30 д;1268НН+30 д;1269НН+30 д;1271НН+30 д;1273НН+30 д;1274НН+30 д;1275НН+30 д;1276НН+30 д;1277НН+30 д;1279;1280НН+21 д;1283НН+14 д;1315ОН-21 д;1319НН+19 д;1289ОН-...";30.04.26;Монтаж сэндвич-панелей внешних;;;5;
;0%;0 д;01.10.25;30.04.26;20.05.26;18.06.26;30 д;;;6;;1252;4648;1233ОН-20 д;"1285НН+14 д;1286НН+14 д;1287НН+14 д;1774";30.04.26;Монтаж сэндвич-панелей внешних (АБК);;;5;
;0%;0 д;01.10.25;30.04.26;16.07.26;13.09.26;60 д;;;6;;1253;4649;1234НН+30 д;1774;30.04.26;Монтаж сэндвич-панелей внутренних;;;5;
54c0dc50-4dca-11f0-a555-005056026d24;0%;0 д;01.10.25;31.05.26;03.06.26;31.08.26;90 д;;;4;;1254;4650;1243ОН-7 д;1774;НД;Внутренние лестницы;Лот №09. Внутренние лестницы;;4;
bc870b25-4de6-11f0-a555-005056026d24;0%;0 д;01.03.26;31.07.26;19.06.26;17.08.26;60 д;;;4;;1255;4651;;;НД;ОКНА;Лот №12. Окна;;4;
fcc34f08-4dcb-11f0-a555-005056026d24;0%;0 д;01.03.26;31.07.26;19.06.26;17.08.26;60 д;;;5;;1256;4652;;;НД;Наружные;12.1. Наружные оконные блоки;;4;
;0%;0 д;01.03.26;31.07.26;19.06.26;17.08.26;60 д;;;6;;1257;4653;1251НН+30 д;"638НН-2 д;1774";НД;Наружные оконные блоки с ламинацией;;;5;
11f7bcc7-4dcc-11f0-a555-005056026d24;0%;0 д;01.03.26;31.07.26;19.06.26;17.08.26;60 д;;;5;;1258;4654;;;НД;Внутренние;12.2. Внутренние оконные блоки;;4;
;0%;0 д;01.03.26;31.07.26;19.06.26;17.08.26;60 д;;;6;;1259;4655;1251НН+30 д;"638НН-2 д;1774";НД;Внутренние двери металлические размером 2080*970 мм;;;5;
4d33fc43-4dcc-11f0-a555-005056026d24;0%;0 д;01.03.26;31.07.26;19.06.26;17.08.26;60 д;;;4;;1260;4656;;;НД;ВИТРАЖИ;Лот №13. Витражи;;4;
;0%;0 д;01.03.26;31.07.26;19.06.26;17.08.26;60 д;;;5;;1261;4657;;;НД;Наружные;;;4;
;0%;0 д;01.03.26;31.07.26;19.06.26;17.08.26;60 д;;;6;;1262;4658;1251НН+30 д;"637НН-2 д;1774";НД;Наружные витражи;;;5;
;0%;0 д;01.03.26;31.07.26;19.06.26;17.08.26;60 д;;;6;;1263;4659;1251НН+30 д;"637НН-2 д;1774";НД;Наружные двери алюминевые 1200*2100мм;;;5;
;0%;0 д;01.03.26;31.07.26;19.06.26;17.08.26;60 д;;;6;;1264;4660;1251НН+30 д;"637НН-2 д;1774";НД;Наружный витраж с дверью на АБК 2100*2500мм (входные двери на Base);;;5;
;0%;0 д;01.03.26;31.07.26;19.06.26;17.08.26;60 д;;;5;;1265;4661;1251НН+30 д;1774;НД;Внутренние;;;4;
b291b2d8-5733-11f0-a555-005056026d24;0%;0 д;01.03.26;31.07.26;19.06.26;17.08.26;60 д;;;4;;1266;4662;;;НД;ДВЕРИ, РАСПАШНЫЕ ВОРОТА;Лот № 14. Двери, распашные ворота;;4;
;0%;0 д;01.03.26;31.07.26;19.06.26;17.08.26;60 д;;;5;;1267;4663;;;НД;Наружные;;;4;
;0%;0 д;01.03.26;31.07.26;19.06.26;17.08.26;60 д;;;6;;1268;4664;1251НН+30 д;"639НН-2 д;1774";НД;Наружные двери металлические утепленные 2080*1670мм;;;5;
;0%;0 д;01.03.26;31.07.26;19.06.26;17.08.26;60 д;;;6;;1269;4665;1251НН+30 д;"639НН-2 д;1774";НД;Наружные двери металлические утепленные 2080*1260мм;;;5;
;0%;0 д;01.03.26;31.07.26;19.06.26;17.08.26;60 д;;;5;;1270;4666;;;НД;Внутренние;;;4;
;0%;0 д;01.03.26;31.07.26;19.06.26;17.08.26;60 д;;;6;;1271;4667;1251НН+30 д;"639НН-2 д;1774";НД;Внутренние противопожарные двери металлические 2080*970мм;;;5;
4ce62cae-4dcb-11f0-a555-005056026d24;0%;0 д;01.03.26;31.07.26;19.06.26;17.08.26;60 д;;;4;;1272;4668;;;НД;ПОДЪЕМНО-СЕКЦИОННЫЕ ВОРОТА, ДОКИ;Лот №11. Подъемно-секционные ворота, доки;;4;
;0%;0 д;01.03.26;31.06.26;19.06.26;17.08.26;60 д;;;5;;1273;4669;1251НН+30 д;1774;НД;Устройство подъемных наружных секционных ворот (шхв) 2875х3000 мм ALUTECH (ProPlus);;;5;
;0%;0 д;01.03.26;31.07.26;19.06.26;17.08.26;60 д;;;5;;1274;4670;1251НН+30 д;1774;НД;Устройство подъемных наружных секционных ворот (шхв) 3560х4530 мм ALUTECH (ProPlus);;;5;
;0%;0 д;01.03.26;31.07.26;19.06.26;17.08.26;60 д;;;5;;1275;4671;1251НН+30 д;1774;НД;Уравнивающая перегрузочная платформа , докшелтер ALUTECH;;;5;
;0%;0 д;01.03.26;31.07.26;19.06.26;17.08.26;60 д;;;5;;1276;4672;1251НН+30 д;1774;НД;Герметизатор проема ALUTECH;;;5;
;0%;0 д;01.03.26;31.07.26;19.06.26;17.08.26;60 д;;;5;;1277;4673;1251НН+30 д;1774;НД;Направляющие для колес (колесоотбойники наружные) ALUTECH;;;5;
418d5553-4de7-11f0-a555-005056026d24;0%;0 д;01.03.26;31.07.26;19.07.26;01.09.26;45 д;;;4;;1278;4674;;;НД;КОЗЫРЬКИ;Лот №15. Козырьки;;4;
;0%;0 д;01.03.26;31.07.26;19.07.26;01.09.26;45 д;;;5;;1279;4675;1251;1774;НД;Стеклянный козырек 2х1,2 м (две тяги, тонированное стекло триплекс 8+8);;;5;
78e47229-4de7-11f0-a555-005056026d24;0%;0 д;01.03.26;31.07.26;10.06.26;08.08.26;60 д;;;4;;1280;4676;1251НН+21 д;1774;НД;ОГНЕЗАЩИТА;Лот №16. Огнезащита;;4;
a878a72a-4de7-11f0-a555-005056026d24;0%;0 д;01.03.26;31.07.26;03.06.26;16.08.26;75 д;;;4;;1281;4677;;1774;НД;ПРОМЫШЛЕННЫЕ ПОЛЫ, ПОЛЫ АБК, ПЕРЕКРЫТИЯ, ПОКРЫТИЯ;Лот №17. Промышленные полы, полы АБК, перекрытия, покрытие;;4;
;0%;0 д;01.03.26;31.07.26;03.06.26;16.08.26;75 д;;;5;;1282;4678;;1774;НД;ПРОМЫШЛЕННЫЕ ПОЛЫ;;;4;
;0%;0 д;01.03.26;31.07.26;03.06.26;16.08.26;75 д;;;6;;1283;4679;1251НН+14 д;"1238;1239;1304НН+30 д;1774";НД;Работы по устройству монолитной железобетонной плиты пола проектной толщиной 200мм, с армированием (нижний пояс) стержневой арматурой класса А500 O10 с ячейкой 200х200мм, из бетона класса В25, с нанесением упрочняющего покрытия, с устройством температурно;;;5;
;0%;0 д;01.03.26;31.07.26;03.06.26;02.07.26;30 д;;;5;;1284;4680;;1774;НД;Полы АБК/перекрытия/покрытие;;;4;
;0%;0 д;01.03.26;31.07.26;03.06.26;02.07.26;30 д;;;6;;1285;4681;1252НН+14 д;"1305НН+14 д;1774";НД;Основание под плиту пола в АБК: песок 200, щебень фр.20-40 - 200, пленка (геотекстиль);;;5;
;0%;0 д;01.03.26;31.07.26;03.06.26;02.07.26;30 д;;;6;;1286;4682;1252НН+14 д;1774;НД;Устройство монолитной ж/б плиты пола в АБК толщ. 140мм с утеплением;;;5;
;0%;0 д;01.03.26;31.07.26;03.06.26;02.07.26;30 д;;;6;;1287;4683;1252НН+14 д;1774;НД;Устройство монолитной плиты перекрытия 170мм по смонтированному профлисту бетоном В25 (вкл. температурно-усадочный и деформационные швы, монолитный армированный пояс);;;5;
e24a56ea-4de7-11f0-a555-005056026d24;0%;0 д;01.05.26;31.07.26;28.06.26;26.08.26;60 д;;;4;;1288;4684;;1774;НД;ДЕКОР ФАСАДОВ;Лот №18. Декор фасадов;;4;
;0%;0 д;01.05.26;31.07.26;28.06.26;26.08.26;60 д;;;5;;1289;4685;1251ОН-21 д;1774;НД;Монтаж ламелей вертикальных, горизонтальных;;;5;
0c7688b7-4de8-11f0-a555-005056026d24;0%;0 д;01.01.26;31.07.26;18.05.26;21.01.27;249 д;;;4;;1290;4686;;;НД;ВНУТРЕННИЕ СЕТИ;Лот №19. Внутренние сети;;4;
ffa94a42-4de7-11f0-a555-005056026d24;0%;0 д;01.01.26;31.07.26;25.05.26;06.12.26;196 д;;;5;;1291;4687;;;НД;ВНУТРЕННИЕ СЕТИ: ВОДОСНАБЖЕНИЕ, ВОДОТВЕДЕНИЕ, ОТОПЛЕНИЕ, ВЕНТИЛЯЦИЯ;19.1. Внутренние сети: Водоснабжение, водоотведение, отопление, вентиляция;;4;
;0%;0 д;01.01.26;31.07.26;25.05.26;20.11.26;180 д;;;6;;1292;4688;1243НН+14 д;"1302ОН-14 д;1774";НД;Хозяйственно-бытовой водопровод (холодное и горячее водоснабжение) А+;;;5;
;0%;0 д;01.01.26;31.07.26;10.06.26;06.12.26;180 д;;;6;;1293;4689;1243НН+30 д;"1302ОН-14 д;1774";НД;Система хоз-бытовой и фекальной канализации;;;5;
;0%;0 д;01.01.26;31.07.26;10.06.26;06.12.26;180 д;;;6;;1294;4690;1243НН+30 д;"1302ОН-14 д;1774";НД;Вентиляция;;;5;
;0%;0 д;01.01.26;31.07.26;10.06.26;06.12.26;180 д;;;6;;1295;4691;1243НН+30 д;"1302ОН-14 д;1774";НД;Отопление и теплоснабжение;;;5;
22f65793-4de8-11f0-a555-005056026d24;0%;0 д;01.01.26;31.07.26;25.06.26;21.12.26;180 д;;;5;;1296;4692;;;НД;ВНУТРЕННИЕ СЕТИ: ЭЛЕТРОСНАБЖЕНИЕ;19.2. Внутренние сети: Электроснабжение;;4;
;0%;0 д;01.01.26;31.07.26;25.06.26;21.12.26;180 д;;;6;;1297;4693;1243НН+45 д;"1302ОН-14 д;1298НН+60 д;1774";НД;Электроснабжение (ЭОМ) А+;;;5;
;0%;0 д;01.01.26;31.07.26;24.08.26;22.10.26;60 д;;;6;;1298;4694;1297НН+60 д;"1302ОН-14 д;1774";НД;Светильники А+;;;5;
50c2d911-4de8-11f0-a555-005056026d24;0%;0 д;01.01.26;31.07.26;18.05.26;21.01.27;249 д;;;5;;1299;4695;;;НД;ВНУТРЕННИЕ СЕТИ: ПОЖАРНЫЕ;19.3. Внутренние сети: Пожарные;;4;
;0%;0 д;01.01.26;31.07.26;18.05.26;14.10.26;150 д;;;6;;1300;4696;1243НН+7 д;"1302ОН-14 д;1774";НД;Спринклерная система пожаротушения АУПТ А+;;;5;
;0%;0 д;01.01.26;31.07.26;10.07.26;05.01.27;180 д;;;6;;1301;4697;1243НН+60 д;"1302ОН-14 д;1774";НД;Система управления оповещением и эвакуацией СОУЭ Автоматическая пожарная сигнализация АПС Комплексная автоматизация;;;5;
;0%;0 д;НД;НД;23.12.26;21.01.27;30 д;;;6;;1302;4698;"1292ОН-14 д;1293ОН-14 д;1294ОН-14 д;1295ОН-14 д;1297ОН-14 д;1298ОН-14 д;1300ОН-14 д;1301ОН-14 д";1774;НД;ПНР;;;5;
6bd41379-4de8-11f0-a555-005056026d24;0%;0 д;01.01.26;31.07.26;17.06.26;23.12.26;190 д;;;4;;1303;4699;;;НД;ОТДЕЛОЧНЫЕ РАБОТЫ;Лот №20. Отделочные работы;;4;
;0%;0 д;01.01.26;31.07.26;03.07.26;30.09.26;90 д;;;5;;1304;4700;1283НН+30 д;"1306НН+45 д;1784;1774";НД;"Отделочные работы склады (потолок - окраска, сан.узел - грильято; стены - штукатурка под бетон, сан.узел - керамогранит/окраска; полы - ламинат; перегородки - ГКЛВ/ГКЛВО). Двери, окна, лестница -НЕ ВХОДЯТ В СТОИМОСТЬ.";;;5;
;0%;0 д;01.01.26;31.07.26;17.06.26;23.12.26;190 д;;;5;;1305;4701;1285НН+14 д;"1317ОН-7 д;1784;1774";НД;"Отделочные работы АБК 9,3*6м-2эт. (потолок - окраска, сан.узел - грильято; стены - штукатурка под бетон, сан.узел - керамогранит/окраска; полы - ламинат/керамогранит; перегородки - ГКЛВ/ГКЛВО). Двери, окна, лестница -НЕ ВХОДЯТ В СТОИМОСТЬ.";;;5;
;0%;0 д;01.01.26;31.07.26;17.08.26;15.09.26;30 д;;;5;;1306;4702;1304НН+45 д;1774;НД;Внутренние двери деревянные размером 970*2080мм;;;5;
;0%;0 д;01.05.26;31.07.26;28.06.26;26.08.26;60 д;;;4;;1307;4703;;;НД;РЕКЛАМА;;;4;
;0%;0 д;01.05.26;31.07.26;28.06.26;26.08.26;60 д;;;5;;1308;4704;1251ОН-21 д;1774;НД;Номерация h=1,8 м (1 цифра);;;5;
;0%;0 д;01.05.26;31.07.26;28.06.26;26.08.26;60 д;;;5;;1309;4705;1251ОН-21 д;1774;НД;Номерация h=1,8 м (1 световая цифра);;;5;
;0%;0 д;01.05.26;31.07.26;28.06.26;26.08.26;60 д;;;5;;1310;4706;1251ОН-21 д;1774;НД;Буквенное обозначение h=1м (например, BLOCK А);;;5;
;0%;0 д;01.05.26;31.07.26;28.06.26;26.08.26;60 д;;;5;;1311;4707;1251ОН-21 д;1774;НД;Буквенное обозначение h=1м (например, BLOCK А - световая);;;5;
;0%;0 д;01.05.26;31.07.26;28.06.26;26.08.26;60 д;;;5;;1312;4708;1251ОН-21 д;1774;НД;Логотип на стене (световые буквы h=1 м) INDASTRIAL CITY;;;5;
;0%;0 д;01.05.26;31.07.26;28.06.26;26.08.26;60 д;;;5;;1313;4709;1251ОН-21 д;1774;НД;Логотип на стене (световые буквы h=3 м) INDASTRIAL CITY;;;5;
;0%;0 д;01.05.26;31.07.26;28.06.26;26.08.26;60 д;;;5;;1314;4710;1251ОН-21 д;1774;НД;Логотип на кровле 21х21 м из ПВХ мембраны INDASTRIAL CITY;;;5;
;0%;0 д;01.05.26;31.07.26;28.06.26;26.08.26;60 д;;;5;;1315;4711;1251ОН-21 д;1774;НД;Художественная покраска стен;;;5;
b9e45c24-4dea-11f0-a555-005056026d24;0%;0 д;01.05.26;31.07.26;17.12.26;15.01.27;30 д;;;4;;1316;4712;;;НД;КЛИНИНГ;Лот №30. Клининг;;4;
;0%;0 д;01.05.26;31.07.26;17.12.26;15.01.27;30 д;;;5;;1317;4713;1305ОН-7 д;1774;НД;Клининг;;;5;
e3da9b2c-4dea-11f0-a555-005056026d24;0%;0 д;01.01.26;31.07.26;19.07.26;01.09.26;45 д;;;4;;1318;4714;1251;1774;14.04.26;Временное отопление;Лот №32. Временное отопление;;5;
;0%;0 д;01.11.25;31.08.26;07.06.26;07.06.26;0 д;;;4;;1319;4715;1251НН+19 д;"1783;1774";НД;Готовность технических помещений блока D;;;5;
;1%;0 д;01.10.25;31.08.26;18.04.26;29.01.27;287 д;;План -80, факт -0;3;;1320;3452;;;НД;Блок E  (10 000 м2);;;3;
;0%;0 д;НД;НД;04.05.26;14.08.26;103 д;;;4;;1321;4999;;;НД;Усиление грунтов;;;4;
5448e052-4dc8-11f0-a555-005056026d24;2%;0 д;НД;НД;04.05.26;31.05.26;28 д;;;5;;1322;5000;571;"1775;1323";НД;Дополнительные изыскания;Лот №07. Сваи;;5;
;0%;0 д;НД;НД;01.06.26;14.08.26;75 д;;;5;;1323;5001;1322;1775;НД;Усиление грунтов (Инъектирование);;;5;
81e66355-570e-11f0-a555-005056026d24;8%;0 д;01.10.25;31.04.26;18.04.26;13.08.26;118 д;;;4;;1324;5003;;;НД;КОРОБКА, КРОВЛЯ, СТЕНЫ;Лот №08. Коробка, кровля, стены;;4;
4345e571-4dc9-11f0-a555-005056026d24;90%;0 д;01.10.25;31.04.26;18.04.26;17.05.26;30 д;;;5;;1325;5004;115ОН+14 д;"1327ОН-14 д;1775";01.12.25;Фундаменты сборные, ростверки и тд;8.1. Фундаменты сборные;;4;
;90%;0 д;01.10.25;31.03.26;04.05.26;24.05.26;21 д;;;5;;1326;5005;;;НД;Железобетонные колонны;;;4;
;90%;0 д;01.10.25;31.03.26;04.05.26;24.05.26;21 д;;;6;;1327;5006;1325ОН-14 д;"1329;1333ОН-20 д;1331;1775";20.01.26;Установка колонн (в тч земляные работы , замоноличивание стыков, гидроизоляция);;;5;
;50%;0 д;01.10.25;31.03.26;25.05.26;23.06.26;30 д;;;5;;1328;5007;;;НД;Цокольные панели;;;4;
;50%;0 д;01.10.25;31.03.26;25.05.26;23.06.26;30 д;;;6;;1329;5008;1327;1775;НД;Укладка цокольных панелей (в тч земляные работы, устройство стеновых стыков, монолитные участки, гидроизоляция);;;5;
57d09122-4dc9-11f0-a555-005056026d24;0%;0 д;01.10.25;31.05.26;25.05.26;07.06.26;14 д;;;5;;1330;5009;;;НД;Фундаменты монолитные;8.2. Фундаменты монолитные;;4;
;0%;0 д;01.10.25;30.05.26;25.05.26;07.06.26;14 д;;;6;;1331;5010;1327;"1336;1775";НД;Устройство монолитной железобетонной плиты под КПП и технические помещения (в тч земляные работы, основание песок, щебень, гидроизоляция);;;5;
89d4a1fd-4dc9-11f0-a555-005056026d24;0%;0 д;01.10.25;31.07.26;05.05.26;06.08.26;94 д;;;5;;1332;5011;;;НД;Металлические конструкции;8.5. Металлические конструкции;;4;
;2%;0 д;01.10.25;31.07.26;05.05.26;03.06.26;30 д;;;6;;1333;5012;1327ОН-20 д;"1341НН+14 д;1342НН+14 д;1334НН+20 д;1351НН+20 д;1775";01.02.26;Монтаж балок перекрытий, колонн, опор под оборудование;;;5;
;0%;0 д;01.10.25;31.07.26;25.05.26;23.06.26;30 д;;;6;;1334;5013;1333НН+20 д;"1350НН+14 д;1335ОН+7 д;1775";01.02.26;Монтаж наружного фахверка;;;5;
;0%;0 д;01.10.25;31.07.26;01.07.26;30.07.26;30 д;;;6;;1335;5014;1334ОН+7 д;"1352НН+14 д;1775";01.02.26;Монтаж внутреннего фахверк;;;5;
;0%;0 д;01.10.25;31.07.26;08.06.26;28.06.26;21 д;;;6;;1336;5015;1331;"1339ОН+14 д;1775";01.02.26;Монтаж пристройки;;;5;
;0%;0 д;01.10.25;30.04.26;08.07.26;06.08.26;30 д;;;6;;1337;5016;1350НН+30 д;1775;01.02.26;Монтаж наружной металлической лестницы с покрытием из реш.настила (входные) с ограждением;;;5;
;0%;0 д;01.10.25;30.03.26;08.07.26;06.08.26;30 д;;;6;;1338;5017;1350НН+30 д;1775;01.02.26;Монтаж м/к наружной металлической лестницы (в т. ч. пожарной);;;5;
;0%;0 д;01.10.25;30.03.26;13.07.26;26.07.26;14 д;;;6;;1339;5018;1336ОН+14 д;1775;01.02.26;Монтаж щитов металлических;;;5;
29911e79-4dca-11f0-a555-005056026d24;0%;0 д;01.10.25;30.04.26;19.05.26;17.06.26;30 д;;;5;;1340;5019;;;НД;Профилированный лист;8.6. Профилированный лист;;4;
;0%;0 д;01.10.25;30.04.26;19.05.26;17.06.26;30 д;;;6;;1341;5020;1333НН+14 д;"832НН+20 д;1775";НД;Монтаж перекрытий из профилированного листа Н114-750-0.7, в т.ч. метизы;;;5;
;0%;0 д;01.10.25;30.04.26;19.05.26;17.06.26;30 д;;;6;;1342;5021;1333НН+14 д;"1344НН+10 д;1345НН+10 д;1346НН+10 д;1347НН+10 д;1348НН+10 д;1353ОН-7 д;1399НН+7 д;1391НН+14 д;1392НН+30 д;1393НН+30 д;1394НН+30 д;1396НН+45 д;1400НН+60 д;1775";НД;Монтаж покрытия из профилированного листа Н114-750-1.0, в т.ч. метизы;;;5;
d85d6bcd-4dc8-11f0-a555-005056026d24;0%;0 д;01.10.25;31.05.26;29.05.26;29.07.26;62 д;;;5;;1343;5022;;;НД;Кровля;8.8. Кровля;;4;
;0%;0 д;01.10.25;31.05.26;29.05.26;29.07.26;62 д;;;6;;1344;5023;1342НН+10 д;1775;НД;Устройство пароизоляции;;;5;
;0%;0 д;01.10.25;31.05.26;29.05.26;29.07.26;62 д;;;6;;1345;5024;1342НН+10 д;1775;НД;Утепление покрытий PIR 60 мм;;;5;
;0%;0 д;01.10.25;31.05.26;29.05.26;29.07.26;62 д;;;6;;1346;5025;1342НН+10 д;1775;НД;Утепление покрытий плитами из минеральной ваты 50 мм;;;5;
;0%;0 д;01.10.25;31.05.26;29.05.26;29.07.26;62 д;;;6;;1347;5026;1342НН+10 д;1775;НД;Устройство плоских однослойных кровель из пвх мембран ecoplast v-rp (1,2 мм) (со сваркой полотен) с укладкой разделительного слоя по утеплителю, с устройством примыканий;;;5;
;0%;0 д;01.10.25;31.05.26;29.05.26;29.07.26;62 д;;;6;;1348;5027;1342НН+10 д;1775;НД;Система дождевой канализации (сифонно-вакуумная система внутреннего водостока) с врезкой в колодец;;;5;
1fb58214-4dc9-11f0-a555-005056026d24;0%;0 д;01.10.25;30.04.26;25.05.26;13.08.26;81 д;;;5;;1349;5028;;;НД;Ограждающие конструкции;8.7. Ограждающие конструкции;;4;
;0%;0 д;01.10.25;30.04.26;08.06.26;06.08.26;60 д;;;6;;1350;5029;1334НН+14 д;"1337НН+30 д;1338НН+30 д;1356НН+30 д;1358НН+30 д;1361НН+30 д;1362НН+30 д;1363НН+30 д;1364НН+30 д;1367НН+30 д;1368НН+30 д;1370НН+30 д;1372НН+30 д;1373НН+30 д;1374НН+30 д;1375НН+30 д;1376НН+30 д;1378;1379НН+21 д;1382НН+14 д;1414ОН-21 д;1418НН+19 д;1388ОН-...";30.04.26;Монтаж сэндвич-панелей внешних;;;5;
;0%;0 д;01.10.25;30.04.26;25.05.26;23.06.26;30 д;;;6;;1351;5030;1333НН+20 д;"1384НН+14 д;1385НН+14 д;1386НН+14 д;1775";30.04.26;Монтаж сэндвич-панелей внешних (АБК);;;5;
;0%;0 д;01.10.25;30.04.26;15.07.26;13.08.26;30 д;;;6;;1352;5031;1335НН+14 д;1775;30.04.26;Монтаж сэндвич-панелей внутренних;;;5;
54c0dc50-4dca-11f0-a555-005056026d24;0%;0 д;01.10.25;31.05.26;11.06.26;09.08.26;60 д;;;4;;1353;5032;1342ОН-7 д;1775;НД;Внутренние лестницы;Лот №09. Внутренние лестницы;;4;
bc870b25-4de6-11f0-a555-005056026d24;0%;0 д;01.03.26;31.07.26;08.07.26;05.09.26;60 д;;;4;;1354;5033;;;НД;ОКНА;Лот №12. Окна;;4;
fcc34f08-4dcb-11f0-a555-005056026d24;0%;0 д;01.03.26;31.07.26;08.07.26;05.09.26;60 д;;;5;;1355;5034;;;НД;Наружные;12.1. Наружные оконные блоки;;4;
;0%;0 д;01.03.26;31.07.26;08.07.26;05.09.26;60 д;;;6;;1356;5035;1350НН+30 д;"638НН-2 д;1775";НД;Наружные оконные блоки с ламинацией;;;5;
11f7bcc7-4dcc-11f0-a555-005056026d24;0%;0 д;01.03.26;31.07.26;08.07.26;05.09.26;60 д;;;5;;1357;5036;;;НД;Внутренние;12.2. Внутренние оконные блоки;;4;
;0%;0 д;01.03.26;31.07.26;08.07.26;05.09.26;60 д;;;6;;1358;5037;1350НН+30 д;"638НН-2 д;1775";НД;Внутренние двери металлические размером 2080*970 мм;;;5;
4d33fc43-4dcc-11f0-a555-005056026d24;0%;0 д;01.03.26;31.07.26;08.07.26;05.09.26;60 д;;;4;;1359;5038;;;НД;ВИТРАЖИ;Лот №13. Витражи;;4;
;0%;0 д;01.03.26;31.07.26;08.07.26;05.09.26;60 д;;;5;;1360;5039;;;НД;Наружные;;;4;
;0%;0 д;01.03.26;31.07.26;08.07.26;05.09.26;60 д;;;6;;1361;5040;1350НН+30 д;"637НН-2 д;1775";НД;Наружные витражи;;;5;
;0%;0 д;01.03.26;31.07.26;08.07.26;05.09.26;60 д;;;6;;1362;5041;1350НН+30 д;"637НН-2 д;1775";НД;Наружные двери алюминевые 1200*2100мм;;;5;
;0%;0 д;01.03.26;31.07.26;08.07.26;05.09.26;60 д;;;6;;1363;5042;1350НН+30 д;"637НН-2 д;1775";НД;Наружный витраж с дверью на АБК 2100*2500мм (входные двери на Base);;;5;
;0%;0 д;01.03.26;31.07.26;08.07.26;05.09.26;60 д;;;5;;1364;5043;1350НН+30 д;1775;НД;Внутренние;;;4;
b291b2d8-5733-11f0-a555-005056026d24;0%;0 д;01.03.26;31.07.26;08.07.26;05.09.26;60 д;;;4;;1365;5044;;;НД;ДВЕРИ, РАСПАШНЫЕ ВОРОТА;Лот № 14. Двери, распашные ворота;;4;
;0%;0 д;01.03.26;31.07.26;08.07.26;05.09.26;60 д;;;5;;1366;5045;;;НД;Наружные;;;4;
;0%;0 д;01.03.26;31.07.26;08.07.26;05.09.26;60 д;;;6;;1367;5046;1350НН+30 д;"639НН-2 д;1775";НД;Наружные двери металлические утепленные 2080*1670мм;;;5;
;0%;0 д;01.03.26;31.07.26;08.07.26;05.09.26;60 д;;;6;;1368;5047;1350НН+30 д;"639НН-2 д;1775";НД;Наружные двери металлические утепленные 2080*1260мм;;;5;
;0%;0 д;01.03.26;31.07.26;08.07.26;05.09.26;60 д;;;5;;1369;5048;;;НД;Внутренние;;;4;
;0%;0 д;01.03.26;31.07.26;08.07.26;05.09.26;60 д;;;6;;1370;5049;1350НН+30 д;"639НН-2 д;1775";НД;Внутренние противопожарные двери металлические 2080*970мм;;;5;
418d5553-4de7-11f0-a555-005056026d24;0%;0 д;01.03.26;31.07.26;08.07.26;21.08.26;45 д;;;4;;1371;5050;;;НД;ПОДЪЕМНО-СЕКЦИОННЫЕ ВОРОТА, ДОКИ;Лот №15. Козырьки;;4;
;0%;0 д;01.03.26;31.06.26;08.07.26;21.08.26;45 д;;;5;;1372;5051;1350НН+30 д;1775;НД;Устройство подъемных наружных секционных ворот (шхв) 2875х3000 мм ALUTECH (ProPlus);;;5;
;0%;0 д;01.03.26;31.07.26;08.07.26;21.08.26;45 д;;;5;;1373;5052;1350НН+30 д;1775;НД;Устройство подъемных наружных секционных ворот (шхв) 3560х4530 мм ALUTECH (ProPlus);;;5;
;0%;0 д;01.03.26;31.07.26;08.07.26;21.08.26;45 д;;;5;;1374;5053;1350НН+30 д;1775;НД;Уравнивающая перегрузочная платформа , докшелтер ALUTECH;;;5;
;0%;0 д;01.03.26;31.07.26;08.07.26;21.08.26;45 д;;;5;;1375;5054;1350НН+30 д;1775;НД;Герметизатор проема ALUTECH;;;5;
;0%;0 д;01.03.26;31.07.26;08.07.26;21.08.26;45 д;;;5;;1376;5055;1350НН+30 д;1775;НД;Направляющие для колес (колесоотбойники наружные) ALUTECH;;;5;
78e47229-4de7-11f0-a555-005056026d24;0%;0 д;01.03.26;31.07.26;07.08.26;05.09.26;30 д;;;4;;1377;5056;;;НД;КОЗЫРЬКИ;Лот №16. Огнезащита;;4;
;0%;0 д;01.03.26;31.07.26;07.08.26;05.09.26;30 д;;;5;;1378;5057;1350;1775;НД;Стеклянный козырек 2х1,2 м (две тяги, тонированное стекло триплекс 8+8);;;5;
a878a72a-4de7-11f0-a555-005056026d24;0%;0 д;01.03.26;31.07.26;29.06.26;27.08.26;60 д;;;4;;1379;5058;1350НН+21 д;1775;НД;ОГНЕЗАЩИТА;Лот №17. Промышленные полы, полы АБК, перекрытия, покрытие;;4;
e24a56ea-4de7-11f0-a555-005056026d24;0%;0 д;01.03.26;31.07.26;08.06.26;20.08.26;74 д;;;4;;1380;5059;;;НД;ПРОМЫШЛЕННЫЕ ПОЛЫ, ПОЛЫ АБК, ПЕРЕКРЫТИЯ, ПОКРЫТИЯ;Лот №18. Декор фасадов;;4;
;0%;0 д;01.03.26;31.07.26;22.06.26;20.08.26;60 д;;;5;;1381;5060;;;НД;ПРОМЫШЛЕННЫЕ ПОЛЫ;;;4;
;0%;0 д;01.03.26;31.07.26;22.06.26;20.08.26;60 д;;;6;;1382;5061;1350НН+14 д;"1403НН+30 д;1775";НД;Работы по устройству монолитной железобетонной плиты пола проектной толщиной 200мм, с армированием (нижний пояс) стержневой арматурой класса А500 O10 с ячейкой 200х200мм, из бетона класса В25, с нанесением упрочняющего покрытия, с устройством температурно;;;5;
;0%;0 д;01.03.26;31.07.26;08.06.26;07.07.26;30 д;;;5;;1383;5062;;;НД;Полы АБК/перекрытия/покрытие;;;4;
;0%;0 д;01.03.26;31.07.26;08.06.26;07.07.26;30 д;;;6;;1384;5063;1351НН+14 д;"1404НН+14 д;1775";НД;Основание под плиту пола в АБК: песок 200, щебень фр.20-40 - 200, пленка (геотекстиль);;;5;
;0%;0 д;01.03.26;31.07.26;08.06.26;07.07.26;30 д;;;6;;1385;5064;1351НН+14 д;1775;НД;Устройство монолитной ж/б плиты пола в АБК толщ. 140мм с утеплением;;;5;
;0%;0 д;01.03.26;31.07.26;08.06.26;07.07.26;30 д;;;6;;1386;5065;1351НН+14 д;1775;НД;Устройство монолитной плиты перекрытия 170мм по смонтированному профлисту бетоном В25 (вкл. температурно-усадочный и деформационные швы, монолитный армированный пояс);;;5;
0c7688b7-4de8-11f0-a555-005056026d24;0%;0 д;01.05.26;31.07.26;17.07.26;14.10.26;90 д;;;4;;1387;5066;;;НД;ДЕКОР ФАСАДОВ;Лот №19. Внутренние сети;;4;
;0%;0 д;01.05.26;31.07.26;17.07.26;14.10.26;90 д;;;5;;1388;5067;1350ОН-21 д;1775;НД;Монтаж ламелей вертикальных, горизонтальных;;;5;
ffa94a42-4de7-11f0-a555-005056026d24;0%;0 д;01.01.26;31.07.26;26.05.26;29.01.27;249 д;;;4;;1389;5068;;;НД;ВНУТРЕННИЕ СЕТИ;19.1. Внутренние сети: Водоснабжение, водоотведение, отопление, вентиляция;;4;
22f65793-4de8-11f0-a555-005056026d24;0%;0 д;01.01.26;31.07.26;02.06.26;14.12.26;196 д;;;5;;1390;5069;;;НД;ВНУТРЕННИЕ СЕТИ: ВОДОСНАБЖЕНИЕ, ВОДОТВЕДЕНИЕ, ОТОПЛЕНИЕ, ВЕНТИЛЯЦИЯ;19.2. Внутренние сети: Электроснабжение;;4;
;0%;0 д;01.01.26;31.07.26;02.06.26;28.11.26;180 д;;;6;;1391;5070;1342НН+14 д;"1401ОН-14 д;1775";НД;Хозяйственно-бытовой водопровод (холодное и горячее водоснабжение) А+;;;5;
;0%;0 д;01.01.26;31.07.26;18.06.26;14.12.26;180 д;;;6;;1392;5071;1342НН+30 д;"1401ОН-14 д;1775";НД;Система хоз-бытовой и фекальной канализации;;;5;
;0%;0 д;01.01.26;31.07.26;18.06.26;14.12.26;180 д;;;6;;1393;5072;1342НН+30 д;"1401ОН-14 д;1775";НД;Вентиляция;;;5;
;0%;0 д;01.01.26;31.07.26;18.06.26;14.12.26;180 д;;;6;;1394;5073;1342НН+30 д;"1401ОН-14 д;1775";НД;Отопление и теплоснабжение;;;5;
50c2d911-4de8-11f0-a555-005056026d24;0%;0 д;01.01.26;31.07.26;03.07.26;29.12.26;180 д;;;5;;1395;5074;;;НД;ВНУТРЕННИЕ СЕТИ: ЭЛЕТРОСНАБЖЕНИЕ;19.3. Внутренние сети: Пожарные;;4;
;0%;0 д;01.01.26;31.07.26;03.07.26;29.12.26;180 д;;;6;;1396;5075;1342НН+45 д;"1401ОН-14 д;1397НН+60 д;1775";НД;Электроснабжение (ЭОМ) А+;;;5;
;0%;0 д;01.01.26;31.07.26;01.09.26;30.10.26;60 д;;;6;;1397;5076;1396НН+60 д;"1401ОН-14 д;1775";НД;Светильники А+;;;5;
6bd41379-4de8-11f0-a555-005056026d24;0%;0 д;01.01.26;31.07.26;26.05.26;29.01.27;249 д;;;5;;1398;5077;;;НД;ВНУТРЕННИЕ СЕТИ: ПОЖАРНЫЕ;Лот №20. Отделочные работы;;4;
;0%;0 д;01.01.26;31.07.26;26.05.26;22.10.26;150 д;;;6;;1399;5078;1342НН+7 д;"1401ОН-14 д;1775";НД;Спринклерная система пожаротушения АУПТ А+;;;5;
;0%;0 д;01.01.26;31.07.26;18.07.26;13.01.27;180 д;;;6;;1400;5079;1342НН+60 д;"1401ОН-14 д;1775";НД;Система управления оповещением и эвакуацией СОУЭ Автоматическая пожарная сигнализация АПС Комплексная автоматизация;;;5;
;0%;0 д;НД;НД;31.12.26;29.01.27;30 д;;;6;;1401;5080;"1391ОН-14 д;1392ОН-14 д;1393ОН-14 д;1394ОН-14 д;1396ОН-14 д;1397ОН-14 д;1399ОН-14 д;1400ОН-14 д";1775;НД;ПНР;;;5;
b9e45c24-4dea-11f0-a555-005056026d24;0%;0 д;01.01.26;31.07.26;22.06.26;28.12.26;190 д;;;4;;1402;5081;;;НД;ОТДЕЛОЧНЫЕ РАБОТЫ;Лот №30. Клининг;;4;
;0%;0 д;01.01.26;31.07.26;22.07.26;19.10.26;90 д;;;5;;1403;5082;1382НН+30 д;"1405НН+45 д;1784;1775";НД;"Отделочные работы склады (потолок - окраска, сан.узел - грильято; стены - штукатурка под бетон, сан.узел - керамогранит/окраска; полы - ламинат; перегородки - ГКЛВ/ГКЛВО). Двери, окна, лестница -НЕ ВХОДЯТ В СТОИМОСТЬ.";;;5;
;0%;0 д;01.01.26;31.07.26;22.06.26;28.12.26;190 д;;;5;;1404;5083;1384НН+14 д;"1416ОН-7 д;1784;1775";НД;"Отделочные работы АБК 9,3*6м-2эт. (потолок - окраска, сан.узел - грильято; стены - штукатурка под бетон, сан.узел - керамогранит/окраска; полы - ламинат/керамогранит; перегородки - ГКЛВ/ГКЛВО). Двери, окна, лестница -НЕ ВХОДЯТ В СТОИМОСТЬ.";;;5;
;0%;0 д;01.01.26;31.07.26;05.09.26;04.10.26;30 д;;;5;;1405;5084;1403НН+45 д;1775;НД;Внутренние двери деревянные размером 970*2080мм;;;5;
;0%;0 д;01.05.26;31.07.26;17.07.26;14.09.26;60 д;;;4;;1406;5085;;;НД;РЕКЛАМА;;;4;
;0%;0 д;01.05.26;31.07.26;17.07.26;14.09.26;60 д;;;5;;1407;5086;1350ОН-21 д;1775;НД;Номерация h=1,8 м (1 цифра);;;5;
;0%;0 д;01.05.26;31.07.26;17.07.26;14.09.26;60 д;;;5;;1408;5087;1350ОН-21 д;1775;НД;Номерация h=1,8 м (1 световая цифра);;;5;
;0%;0 д;01.05.26;31.07.26;17.07.26;14.09.26;60 д;;;5;;1409;5088;1350ОН-21 д;1775;НД;Буквенное обозначение h=1м (например, BLOCK А);;;5;
;0%;0 д;01.05.26;31.07.26;17.07.26;14.09.26;60 д;;;5;;1410;5089;1350ОН-21 д;1775;НД;Буквенное обозначение h=1м (например, BLOCK А - световая);;;5;
;0%;0 д;01.05.26;31.07.26;17.07.26;14.09.26;60 д;;;5;;1411;5090;1350ОН-21 д;1775;НД;Логотип на стене (световые буквы h=1 м) INDASTRIAL CITY;;;5;
;0%;0 д;01.05.26;31.07.26;17.07.26;14.09.26;60 д;;;5;;1412;5091;1350ОН-21 д;1775;НД;Логотип на стене (световые буквы h=3 м) INDASTRIAL CITY;;;5;
;0%;0 д;01.05.26;31.07.26;17.07.26;14.09.26;60 д;;;5;;1413;5092;1350ОН-21 д;1775;НД;Логотип на кровле 21х21 м из ПВХ мембраны INDASTRIAL CITY;;;5;
;0%;0 д;01.05.26;31.07.26;17.07.26;14.09.26;60 д;;;5;;1414;5093;1350ОН-21 д;1775;НД;Художественная покраска стен;;;5;
e3da9b2c-4dea-11f0-a555-005056026d24;0%;0 д;01.05.26;31.07.26;22.12.26;20.01.27;30 д;;;4;;1415;5094;;;НД;КЛИНИНГ;Лот №32. Временное отопление;;4;
;0%;0 д;01.05.26;31.07.26;22.12.26;20.01.27;30 д;;;5;;1416;5095;1404ОН-7 д;1775;НД;Клининг;;;5;
;0%;0 д;01.01.26;31.07.26;07.08.26;20.09.26;45 д;;;4;;1417;5096;1350;1775;14.04.26;Временное отопление;;;5;
;0%;0 д;01.11.25;31.08.26;26.06.26;26.06.26;0 д;;;4;;1418;5097;1350НН+19 д;"1783;1775";НД;Готовность технических помещений блока E;;;5;
;0%;0 д;01.10.25;31.08.26;18.04.26;27.02.27;315,9 д;;План -35, факт -9;3;;1419;3555;;;НД;Блок F  (10 000 м2);;;3;
5448e052-4dc8-11f0-a555-005056026d24;0%;0 д;НД;НД;27.04.26;18.08.26;113,9 д;;;4;;1420;5098;;;НД;Усиление грунтов;Лот №07. Сваи;;4;
81e66355-570e-11f0-a555-005056026d24;0%;0 д;НД;НД;27.04.26;06.05.26;10 д;;;5;;1421;5099;571;"1422НН+7 д;1776";НД;Дополнительные изыскания;Лот №08. Коробка, кровля, стены;;5;
;0%;0 д;НД;НД;04.05.26;02.06.26;30 д;;;5;;1422;5100;1421НН+7 д;1776;НД;Усиление грунтов (Инъектирование);;;5;
;0%;0 д;НД;НД;19.06.26;18.08.26;60 д;;;5;;1423;5101;1450НН+14 д;1776;НД;Устройство плиты предварительного напряжения;;;5;
4345e571-4dc9-11f0-a555-005056026d24;1%;0 д;01.10.25;31.04.26;18.04.26;11.08.26;115,9 д;;;4;;1424;5102;;;НД;КОРОБКА, КРОВЛЯ, СТЕНЫ;8.1. Фундаменты сборные;;4;
;30%;0 д;01.10.25;31.04.26;18.04.26;17.05.26;30 д;;;5;;1425;5103;115ОН+14 д;"1427ОН-14 д;1776";01.12.25;Фундаменты сборные, ростверки и тд;;;4;
;10%;0 д;01.10.25;31.03.26;20.04.26;22.05.26;32,9 д;;;5;;1426;5104;;;НД;Железобетонные колонны;;;4;
;10%;0 д;01.10.25;31.03.26;20.04.26;22.05.26;21 д;;;6;;1427;5105;1425ОН-14 д;"1429;1433ОН-20 д;1431;1776";20.01.26;Установка колонн (в тч земляные работы , замоноличивание стыков, гидроизоляция);;;5;
;0%;0 д;01.10.25;31.03.26;22.05.26;21.06.26;30 д;;;5;;1428;5106;;;НД;Цокольные панели;;;4;
;0%;0 д;01.10.25;31.03.26;22.05.26;21.06.26;30 д;;;6;;1429;5107;1427;1776;НД;Укладка цокольных панелей (в тч земляные работы, устройство стеновых стыков, монолитные участки, гидроизоляция);;;5;
;0%;0 д;01.10.25;31.05.26;22.05.26;05.06.26;14 д;;;5;;1430;5108;;;НД;Фундаменты монолитные;;;4;
;0%;0 д;01.10.25;30.05.26;22.05.26;05.06.26;14 д;;;6;;1431;5109;1427;"1436;1776";НД;Устройство монолитной железобетонной плиты под КПП и технические помещения (в тч земляные работы, основание песок, щебень, гидроизоляция);;;5;
57d09122-4dc9-11f0-a555-005056026d24;0%;0 д;01.10.25;31.07.26;02.05.26;04.08.26;94 д;;;5;;1432;5110;;;НД;Металлические конструкции;8.2. Фундаменты монолитные;;4;
;0%;0 д;01.10.25;31.07.26;02.05.26;01.06.26;30 д;;;6;;1433;5111;1427ОН-20 д;"1441НН+7 д;1442НН+7 д;1434НН+20 д;1451НН+20 д;1776";01.02.26;Монтаж балок перекрытий, колонн, опор под оборудование;;;5;
;0%;0 д;01.10.25;31.07.26;22.05.26;21.06.26;30 д;;;6;;1434;5112;1433НН+20 д;"1450НН+14 д;1435ОН+7 д;1776";01.02.26;Монтаж наружного фахверка;;;5;
;0%;0 д;01.10.25;31.07.26;28.06.26;28.07.26;30 д;;;6;;1435;5113;1434ОН+7 д;"1452НН+14 д;1776";01.02.26;Монтаж внутреннего фахверк;;;5;
;0%;0 д;01.10.25;31.07.26;05.06.26;26.06.26;21 д;;;6;;1436;5114;"1431;1527";"1439ОН+14 д;1776";01.02.26;Монтаж пристройки;;;5;
;0%;0 д;01.10.25;30.04.26;05.07.26;04.08.26;30 д;;;6;;1437;5115;1450НН+30 д;1776;01.02.26;Монтаж наружной металлической лестницы с покрытием из реш.настила (входные) с ограждением;;;5;
;0%;0 д;01.10.25;30.03.26;05.07.26;04.08.26;30 д;;;6;;1438;5116;1450НН+30 д;1776;01.02.26;Монтаж м/к наружной металлической лестницы (в т. ч. пожарной);;;5;
;0%;0 д;01.10.25;30.03.26;10.07.26;24.07.26;14 д;;;6;;1439;5117;"1436ОН+14 д;1534ОН+14 д";1776;01.02.26;Монтаж щитов металлических;;;5;
89d4a1fd-4dc9-11f0-a555-005056026d24;0%;0 д;01.10.25;30.04.26;09.05.26;08.06.26;30 д;;;5;;1440;5118;;;НД;Профилированный лист;8.5. Металлические конструкции;;4;
;0%;0 д;01.10.25;30.04.26;09.05.26;08.06.26;30 д;;;6;;1441;5119;1433НН+7 д;"832НН+20 д;1776";НД;Монтаж перекрытий из профилированного листа Н114-750-0.7, в т.ч. метизы;;;5;
;0%;0 д;01.10.25;30.04.26;09.05.26;08.06.26;30 д;;;6;;1442;5120;1433НН+7 д;"1444НН+10 д;1445НН+10 д;1446НН+10 д;1447НН+10 д;1448НН+10 д;1453ОН-7 д;1499НН+7 д;1491НН+14 д;1492НН+30 д;1493НН+30 д;1494НН+30 д;1496НН+45 д;1500НН+60 д;1776";НД;Монтаж покрытия из профилированного листа Н114-750-1.0, в т.ч. метизы;;;5;
29911e79-4dca-11f0-a555-005056026d24;0%;0 д;01.10.25;31.05.26;19.05.26;20.07.26;62 д;;;5;;1443;5121;;;НД;Кровля;8.6. Профилированный лист;;4;
;0%;0 д;01.10.25;31.05.26;19.05.26;20.07.26;62 д;;;6;;1444;5122;1442НН+10 д;1776;НД;Устройство пароизоляции;;;5;
;0%;0 д;01.10.25;31.05.26;19.05.26;20.07.26;62 д;;;6;;1445;5123;1442НН+10 д;1776;НД;Утепление покрытий PIR 60 мм;;;5;
;0%;0 д;01.10.25;31.05.26;19.05.26;20.07.26;62 д;;;6;;1446;5124;1442НН+10 д;1776;НД;Утепление покрытий плитами из минеральной ваты 50 мм;;;5;
;0%;0 д;01.10.25;31.05.26;19.05.26;20.07.26;62 д;;;6;;1447;5125;1442НН+10 д;1776;НД;Устройство плоских однослойных кровель из пвх мембран ecoplast v-rp (1,2 мм) (со сваркой полотен) с укладкой разделительного слоя по утеплителю, с устройством примыканий;;;5;
;0%;0 д;01.10.25;31.05.26;19.05.26;20.07.26;62 д;;;6;;1448;5126;1442НН+10 д;1776;НД;Система дождевой канализации (сифонно-вакуумная система внутреннего водостока) с врезкой в колодец;;;5;
d85d6bcd-4dc8-11f0-a555-005056026d24;0%;0 д;01.10.25;30.04.26;22.05.26;11.08.26;81 д;;;5;;1449;5127;;;НД;Ограждающие конструкции;8.8. Кровля;;4;
;0%;0 д;01.10.25;30.04.26;05.06.26;04.08.26;60 д;;;6;;1450;5128;1434НН+14 д;"1423НН+14 д;1437НН+30 д;1438НН+30 д;1456НН+30 д;1458НН+30 д;1461НН+30 д;1462НН+30 д;1463НН+30 д;1464НН+30 д;1467НН+30 д;1468НН+30 д;1470НН+30 д;1472НН+30 д;1473НН+30 д;1474НН+30 д;1475НН+30 д;1476НН+30 д;1478;1479НН+21 д;1482ОН-20 д;1514ОН-21 д;1488ОН-...";30.04.26;Монтаж сэндвич-панелей внешних;;;5;
;0%;0 д;01.10.25;30.04.26;22.05.26;21.06.26;30 д;;;6;;1451;5129;1433НН+20 д;1776;30.04.26;Монтаж сэндвич-панелей внешних (АБК);;;5;
;0%;0 д;01.10.25;30.04.26;12.07.26;11.08.26;30 д;;;6;;1452;5130;1435НН+14 д;1776;30.04.26;Монтаж сэндвич-панелей внутренних;;;5;
1fb58214-4dc9-11f0-a555-005056026d24;0%;0 д;01.10.25;31.05.26;01.06.26;31.07.26;60 д;;;4;;1453;5131;1442ОН-7 д;1776;НД;Внутренние лестницы;8.7. Ограждающие конструкции;;4;
54c0dc50-4dca-11f0-a555-005056026d24;0%;0 д;01.03.26;31.07.26;05.07.26;03.09.26;60 д;;;4;;1454;5132;;;НД;ОКНА;Лот №09. Внутренние лестницы;;4;
bc870b25-4de6-11f0-a555-005056026d24;0%;0 д;01.03.26;31.07.26;05.07.26;03.09.26;60 д;;;5;;1455;5133;;;НД;Наружные;Лот №12. Окна;;4;
;0%;0 д;01.03.26;31.07.26;05.07.26;03.09.26;60 д;;;6;;1456;5134;1450НН+30 д;"638НН-2 д;1776";НД;Наружные оконные блоки с ламинацией;;;5;
fcc34f08-4dcb-11f0-a555-005056026d24;0%;0 д;01.03.26;31.07.26;05.07.26;03.09.26;60 д;;;5;;1457;5135;;;НД;Внутренние;12.1. Наружные оконные блоки;;4;
;0%;0 д;01.03.26;31.07.26;05.07.26;03.09.26;60 д;;;6;;1458;5136;1450НН+30 д;"638НН-2 д;1776";НД;Внутренние двери металлические размером 2080*970 мм;;;5;
11f7bcc7-4dcc-11f0-a555-005056026d24;0%;0 д;01.03.26;31.07.26;05.07.26;03.09.26;60 д;;;4;;1459;5137;;;НД;ВИТРАЖИ;12.2. Внутренние оконные блоки;;4;
;0%;0 д;01.03.26;31.07.26;05.07.26;03.09.26;60 д;;;5;;1460;5138;;;НД;Наружные;;;4;
;0%;0 д;01.03.26;31.07.26;05.07.26;03.09.26;60 д;;;6;;1461;5139;1450НН+30 д;"637НН-2 д;1776";НД;Наружные витражи;;;5;
;0%;0 д;01.03.26;31.07.26;05.07.26;03.09.26;60 д;;;6;;1462;5140;1450НН+30 д;"637НН-2 д;1776";НД;Наружные двери алюминевые 1200*2100мм;;;5;
;0%;0 д;01.03.26;31.07.26;05.07.26;03.09.26;60 д;;;6;;1463;5141;1450НН+30 д;"637НН-2 д;1776";НД;Наружный витраж с дверью на АБК 2100*2500мм (входные двери на Base);;;5;
;0%;0 д;01.03.26;31.07.26;05.07.26;03.09.26;60 д;;;5;;1464;5142;1450НН+30 д;1776;НД;Внутренние;;;4;
4d33fc43-4dcc-11f0-a555-005056026d24;0%;0 д;01.03.26;31.07.26;05.07.26;03.09.26;60 д;;;4;;1465;5143;;;НД;ДВЕРИ, РАСПАШНЫЕ ВОРОТА;Лот №13. Витражи;;4;
;0%;0 д;01.03.26;31.07.26;05.07.26;03.09.26;60 д;;;5;;1466;5144;;;НД;Наружные;;;4;
;0%;0 д;01.03.26;31.07.26;05.07.26;03.09.26;60 д;;;6;;1467;5145;1450НН+30 д;"639НН-2 д;1776";НД;Наружные двери металлические утепленные 2080*1670мм;;;5;
;0%;0 д;01.03.26;31.07.26;05.07.26;03.09.26;60 д;;;6;;1468;5146;1450НН+30 д;"639НН-2 д;1776";НД;Наружные двери металлические утепленные 2080*1260мм;;;5;
;0%;0 д;01.03.26;31.07.26;05.07.26;03.09.26;60 д;;;5;;1469;5147;;;НД;Внутренние;;;4;
;0%;0 д;01.03.26;31.07.26;05.07.26;03.09.26;60 д;;;6;;1470;5148;1450НН+30 д;"639НН-2 д;1776";НД;Внутренние противопожарные двери металлические 2080*970мм;;;5;
b291b2d8-5733-11f0-a555-005056026d24;0%;0 д;01.03.26;31.07.26;05.07.26;19.08.26;45 д;;;4;;1471;5149;;;НД;ПОДЪЕМНО-СЕКЦИОННЫЕ ВОРОТА, ДОКИ;Лот № 14. Двери, распашные ворота;;4;
;0%;0 д;01.03.26;31.06.26;05.07.26;19.08.26;45 д;;;5;;1472;5150;1450НН+30 д;1776;НД;Устройство подъемных наружных секционных ворот (шхв) 2875х3000 мм ALUTECH (ProPlus);;;5;
;0%;0 д;01.03.26;31.07.26;05.07.26;19.08.26;45 д;;;5;;1473;5151;1450НН+30 д;1776;НД;Устройство подъемных наружных секционных ворот (шхв) 3560х4530 мм ALUTECH (ProPlus);;;5;
;0%;0 д;01.03.26;31.07.26;05.07.26;19.08.26;45 д;;;5;;1474;5152;1450НН+30 д;1776;НД;Уравнивающая перегрузочная платформа , докшелтер ALUTECH;;;5;
;0%;0 д;01.03.26;31.07.26;05.07.26;19.08.26;45 д;;;5;;1475;5153;1450НН+30 д;1776;НД;Герметизатор проема ALUTECH;;;5;
;0%;0 д;01.03.26;31.07.26;05.07.26;19.08.26;45 д;;;5;;1476;5154;1450НН+30 д;1776;НД;Направляющие для колес (колесоотбойники наружные) ALUTECH;;;5;
418d5553-4de7-11f0-a555-005056026d24;0%;0 д;01.03.26;31.07.26;04.08.26;03.09.26;30 д;;;4;;1477;5155;;;НД;КОЗЫРЬКИ;Лот №15. Козырьки;;4;
;0%;0 д;01.03.26;31.07.26;04.08.26;03.09.26;30 д;;;5;;1478;5156;1450;1776;НД;Стеклянный козырек 2х1,2 м (две тяги, тонированное стекло триплекс 8+8);;;5;
78e47229-4de7-11f0-a555-005056026d24;0%;0 д;01.03.26;31.07.26;26.06.26;25.08.26;60 д;;;4;;1479;5157;1450НН+21 д;1776;НД;ОГНЕЗАЩИТА;Лот №16. Огнезащита;;4;
e24a56ea-4de7-11f0-a555-005056026d24;0%;0 д;01.03.26;31.07.26;15.07.26;13.09.26;60 д;;;4;;1480;5158;;;НД;ПРОМЫШЛЕННЫЕ ПОЛЫ, ПОЛЫ АБК, ПЕРЕКРЫТИЯ, ПОКРЫТИЯ;Лот №18. Декор фасадов;;4;
;0%;0 д;01.03.26;31.07.26;15.07.26;13.09.26;60 д;;;5;;1481;5159;;;НД;ПРОМЫШЛЕННЫЕ ПОЛЫ;;;4;
;0%;0 д;01.03.26;31.07.26;15.07.26;13.09.26;60 д;;;6;;1482;5160;1450ОН-20 д;"1503НН+30 д;1776";НД;Работы по устройству монолитной железобетонной плиты пола проектной толщиной 200мм, с армированием (нижний пояс) стержневой арматурой класса А500 O10 с ячейкой 200х200мм, из бетона класса В25, с нанесением упрочняющего покрытия, с устройством температурно;;;5;
;0%;0 д;01.03.26;31.07.26;15.07.26;14.08.26;30 д;;;5;;1483;5161;;;НД;Полы АБК/перекрытия/покрытие;;;4;
;0%;0 д;01.03.26;31.07.26;15.07.26;14.08.26;30 д;;;6;;1484;5162;1450ОН-20 д;"1504НН+14 д;1776";НД;Основание под плиту пола в АБК: песок 200, щебень фр.20-40 - 200, пленка (геотекстиль);;;5;
;0%;0 д;01.03.26;31.07.26;15.07.26;14.08.26;30 д;;;6;;1485;5163;1450ОН-20 д;1776;НД;Устройство монолитной ж/б плиты пола в АБК толщ. 140мм с утеплением;;;5;
;0%;0 д;01.03.26;31.07.26;15.07.26;14.08.26;30 д;;;6;;1486;5164;1450ОН-20 д;1776;НД;Устройство монолитной плиты перекрытия 170мм по смонтированному профлисту бетоном В25 (вкл. температурно-усадочный и деформационные швы, монолитный армированный пояс);;;5;
0c7688b7-4de8-11f0-a555-005056026d24;0%;0 д;01.05.26;31.07.26;14.07.26;12.10.26;90 д;;;4;;1487;5165;;;НД;ДЕКОР ФАСАДОВ;Лот №19. Внутренние сети;;4;
;0%;0 д;01.05.26;31.07.26;14.07.26;12.10.26;90 д;;;5;;1488;5166;1450ОН-21 д;1776;НД;Монтаж ламелей вертикальных, горизонтальных;;;5;
ffa94a42-4de7-11f0-a555-005056026d24;0%;0 д;01.01.26;31.07.26;16.05.26;20.01.27;249 д;;;4;;1489;5167;;;НД;ВНУТРЕННИЕ СЕТИ;19.1. Внутренние сети: Водоснабжение, водоотведение, отопление, вентиляция;;4;
22f65793-4de8-11f0-a555-005056026d24;0%;0 д;01.01.26;31.07.26;23.05.26;05.12.26;196 д;;;5;;1490;5168;;;НД;ВНУТРЕННИЕ СЕТИ: ВОДОСНАБЖЕНИЕ, ВОДОТВЕДЕНИЕ, ОТОПЛЕНИЕ, ВЕНТИЛЯЦИЯ;19.2. Внутренние сети: Электроснабжение;;4;
;0%;0 д;01.01.26;31.07.26;23.05.26;19.11.26;180 д;;;6;;1491;5169;1442НН+14 д;"1501ОН-14 д;1776";НД;Хозяйственно-бытовой водопровод (холодное и горячее водоснабжение) А+;;;5;
;0%;0 д;01.01.26;31.07.26;08.06.26;05.12.26;180 д;;;6;;1492;5170;1442НН+30 д;"1501ОН-14 д;1776";НД;Система хоз-бытовой и фекальной канализации;;;5;
;0%;0 д;01.01.26;31.07.26;08.06.26;05.12.26;180 д;;;6;;1493;5171;1442НН+30 д;"1501ОН-14 д;1776";НД;Вентиляция;;;5;
;0%;0 д;01.01.26;31.07.26;08.06.26;05.12.26;180 д;;;6;;1494;5172;1442НН+30 д;"1501ОН-14 д;1776";НД;Отопление и теплоснабжение;;;5;
50c2d911-4de8-11f0-a555-005056026d24;0%;0 д;01.01.26;31.07.26;23.06.26;20.12.26;180 д;;;5;;1495;5173;;;НД;ВНУТРЕННИЕ СЕТИ: ЭЛЕТРОСНАБЖЕНИЕ;19.3. Внутренние сети: Пожарные;;4;
;0%;0 д;01.01.26;31.07.26;23.06.26;20.12.26;180 д;;;6;;1496;5174;1442НН+45 д;"1501ОН-14 д;1497НН+60 д;1776";НД;Электроснабжение (ЭОМ) А+;;;5;
;0%;0 д;01.01.26;31.07.26;22.08.26;21.10.26;60 д;;;6;;1497;5175;1496НН+60 д;"1501ОН-14 д;1776";НД;Светильники А+;;;5;
6bd41379-4de8-11f0-a555-005056026d24;0%;0 д;01.01.26;31.07.26;16.05.26;20.01.27;249 д;;;5;;1498;5176;;;НД;ВНУТРЕННИЕ СЕТИ: ПОЖАРНЫЕ;Лот №20. Отделочные работы;;4;
;0%;0 д;01.01.26;31.07.26;16.05.26;13.10.26;150 д;;;6;;1499;5177;1442НН+7 д;"1501ОН-14 д;1776";НД;Спринклерная система пожаротушения АУПТ А+;;;5;
;0%;0 д;01.01.26;31.07.26;08.07.26;04.01.27;180 д;;;6;;1500;5178;1442НН+60 д;"1501ОН-14 д;1776";НД;Система управления оповещением и эвакуацией СОУЭ Автоматическая пожарная сигнализация АПС Комплексная автоматизация;;;5;
;0%;0 д;НД;НД;21.12.26;20.01.27;30 д;;;6;;1501;5179;"1491ОН-14 д;1492ОН-14 д;1493ОН-14 д;1494ОН-14 д;1496ОН-14 д;1497ОН-14 д;1499ОН-14 д;1500ОН-14 д";1776;НД;ПНР;;;5;
b9e45c24-4dea-11f0-a555-005056026d24;0%;0 д;01.01.26;31.07.26;29.07.26;04.02.27;190 д;;;4;;1502;5180;;;НД;ОТДЕЛОЧНЫЕ РАБОТЫ;Лот №30. Клининг;;4;
;0%;0 д;01.01.26;31.07.26;14.08.26;12.11.26;90 д;;;5;;1503;5181;1482НН+30 д;"1505НН+45 д;1784";НД;"Отделочные работы склады (потолок - окраска, сан.узел - грильято; стены - штукатурка под бетон, сан.узел - керамогранит/окраска; полы - ламинат; перегородки - ГКЛВ/ГКЛВО). Двери, окна, лестница -НЕ ВХОДЯТ В СТОИМОСТЬ.";;;5;
;0%;0 д;01.01.26;31.07.26;29.07.26;04.02.27;190 д;;;5;;1504;5182;1484НН+14 д;"1516ОН-7 д;1784";НД;"Отделочные работы АБК 9,3*6м-2эт. (потолок - окраска, сан.узел - грильято; стены - штукатурка под бетон, сан.узел - керамогранит/окраска; полы - ламинат/керамогранит; перегородки - ГКЛВ/ГКЛВО). Двери, окна, лестница -НЕ ВХОДЯТ В СТОИМОСТЬ.";;;5;
;0%;0 д;01.01.26;31.07.26;28.09.26;28.10.26;30 д;;;5;;1505;5183;1503НН+45 д;;НД;Внутренние двери деревянные размером 970*2080мм;;;5;
;0%;0 д;01.05.26;31.07.26;14.07.26;12.09.26;60 д;;;4;;1506;5184;;;НД;РЕКЛАМА;;;4;
;0%;0 д;01.05.26;31.07.26;14.07.26;12.09.26;60 д;;;5;;1507;5185;1450ОН-21 д;1776;НД;Номерация h=1,8 м (1 цифра);;;5;
;0%;0 д;01.05.26;31.07.26;14.07.26;12.09.26;60 д;;;5;;1508;5186;1450ОН-21 д;1776;НД;Номерация h=1,8 м (1 световая цифра);;;5;
;0%;0 д;01.05.26;31.07.26;14.07.26;12.09.26;60 д;;;5;;1509;5187;1450ОН-21 д;1776;НД;Буквенное обозначение h=1м (например, BLOCK А);;;5;
;0%;0 д;01.05.26;31.07.26;14.07.26;12.09.26;60 д;;;5;;1510;5188;1450ОН-21 д;1776;НД;Буквенное обозначение h=1м (например, BLOCK А - световая);;;5;
;0%;0 д;01.05.26;31.07.26;14.07.26;12.09.26;60 д;;;5;;1511;5189;1450ОН-21 д;1776;НД;Логотип на стене (световые буквы h=1 м) INDASTRIAL CITY;;;5;
;0%;0 д;01.05.26;31.07.26;14.07.26;12.09.26;60 д;;;5;;1512;5190;1450ОН-21 д;1776;НД;Логотип на стене (световые буквы h=3 м) INDASTRIAL CITY;;;5;
;0%;0 д;01.05.26;31.07.26;14.07.26;12.09.26;60 д;;;5;;1513;5191;1450ОН-21 д;1776;НД;Логотип на кровле 21х21 м из ПВХ мембраны INDASTRIAL CITY;;;5;
;0%;0 д;01.05.26;31.07.26;14.07.26;12.09.26;60 д;;;5;;1514;5192;1450ОН-21 д;1776;НД;Художественная покраска стен;;;5;
e3da9b2c-4dea-11f0-a555-005056026d24;0%;0 д;01.05.26;31.07.26;28.01.27;27.02.27;30 д;;;4;;1515;5193;;;НД;КЛИНИНГ;Лот №32. Временное отопление;;4;
;0%;0 д;01.05.26;31.07.26;28.01.27;27.02.27;30 д;;;5;;1516;5194;1504ОН-7 д;;НД;Клининг;;;5;
;0%;0 д;01.01.26;31.07.26;04.08.26;18.09.26;45 д;;;4;;1517;5195;1450;1776;14.04.26;Временное отопление;;;5;
;1%;0 д;01.10.25;31.08.26;18.04.26;22.01.27;280 д;;Нет прогресса;3;;1518;3658;;;НД;Блок G  ( 2 500 м2м2);;;3;
81e66355-570e-11f0-a555-005056026d24;1%;0 д;НД;НД;04.05.26;19.07.26;77 д;;;4;;1519;5197;;;НД;Усиление грунтов;Лот №08. Коробка, кровля, стены;;4;
89d4a1fd-4dc9-11f0-a555-005056026d24;2%;0 д;НД;НД;04.05.26;31.05.26;28 д;;;5;;1520;5198;571;"1521НН+7 д;1771;1777";НД;Дополнительные изыскания;8.5. Металлические конструкции;;5;
;0%;0 д;НД;НД;11.05.26;19.07.26;70 д;;;5;;1521;5199;1520НН+7 д;"1771;1777";НД;Усиление грунтов (Инъектирование);;;5;
29911e79-4dca-11f0-a555-005056026d24;3%;0 д;01.10.25;31.04.26;18.04.26;19.09.26;155 д;;;4;;1522;5201;;;НД;КОРОБКА, КРОВЛЯ, СТЕНЫ;8.6. Профилированный лист;;4;
d85d6bcd-4dc8-11f0-a555-005056026d24;85%;0 д;01.10.25;31.04.26;18.04.26;17.05.26;30 д;;;5;;1523;5202;115ОН+14 д;"1525ОН-14 д;1771;1777";01.12.25;Фундаменты сборные, ростверки и тд;8.8. Кровля;;4;
1fb58214-4dc9-11f0-a555-005056026d24;0%;0 д;01.10.25;31.03.26;04.05.26;24.05.26;21 д;;;5;;1524;5203;;;НД;Железобетонные колонны;8.7. Ограждающие конструкции;;4;
;0%;0 д;01.10.25;31.03.26;04.05.26;24.05.26;21 д;;;6;;1525;5204;1523ОН-14 д;"1529;1531ОН-20 д;1771;1527ОН-20 д;1777";20.01.26;Установка колонн (в тч земляные работы , замоноличивание стыков, гидроизоляция);;;5;
bc870b25-4de6-11f0-a555-005056026d24;0%;0 д;01.10.25;31.05.26;05.05.26;18.05.26;14 д;;;6;;1526;5297;;;НД;Фундаменты монолитные;Лот №12. Окна;;4;
;0%;0 д;01.10.25;30.05.26;05.05.26;18.05.26;14 д;;;7;;1527;5298;1525ОН-20 д;"1436;1776;1534;1777";НД;Устройство монолитной железобетонной плиты под КПП и технические помещения (в тч земляные работы, основание песок, щебень, гидроизоляция);;;5;
;0%;0 д;01.10.25;31.03.26;25.05.26;14.06.26;21 д;;;5;;1528;5205;;;НД;Цокольные панели;;;4;
;0%;0 д;01.10.25;31.03.26;25.05.26;14.06.26;21 д;;;6;;1529;5206;1525;"1771;1777";НД;Укладка цокольных панелей (в тч земляные работы, устройство стеновых стыков, монолитные участки, гидроизоляция);;;5;
fcc34f08-4dcb-11f0-a555-005056026d24;0%;0 д;01.10.25;31.07.26;05.05.26;19.09.26;138 д;;;5;;1530;5207;;;НД;Металлические конструкции;12.1. Наружные оконные блоки;;4;
;2%;0 д;01.10.25;31.07.26;05.05.26;03.06.26;30 д;;;6;;1531;5208;1525ОН-20 д;"1541НН+7 д;1542НН+7 д;1532НН+20 д;1771;1551НН+20 д;1777";01.02.26;Монтаж балок перекрытий, колонн, опор под оборудование;;;5;
;0%;0 д;01.10.25;31.07.26;25.05.26;14.06.26;21 д;;;6;;1532;5209;1531НН+20 д;"1550НН+14 д;1533ОН+7 д;1771;1777";01.02.26;Монтаж наружного фахверка;;;5;
;0%;0 д;01.10.25;31.07.26;22.06.26;21.07.26;30 д;;;6;;1533;5210;1532ОН+7 д;"1552НН+14 д;1771;1777";01.02.26;Монтаж внутреннего фахверк;;;5;
;0%;0 д;01.10.25;31.07.26;19.05.26;08.06.26;21 д;;;6;;1534;5296;1527;"1439ОН+14 д;1776;1539ОН+14 д;1777";01.02.26;Монтаж пристройки;;;5;
;0%;0 д;01.10.25;30.04.26;08.07.26;06.08.26;30 д;;;6;;1535;5211;1550НН+30 д;"1771;1777";01.02.26;Монтаж наружной металлической лестницы с покрытием из реш.настила (входные) с ограждением;;;5;
;0%;0 д;01.10.25;30.03.26;08.07.26;06.08.26;30 д;;;6;;1536;5212;1550НН+30 д;"1771;1777";01.02.26;Монтаж м/к наружной металлической лестницы (в т. ч. пожарной);;;5;
;0%;0 д;01.10.25;30.03.26;21.08.26;19.09.26;30 д;;;6;;1537;5282;1580;"1774;1777";01.02.26;Монтаж лестницы на мезонин;;;5;
;0%;0 д;01.10.25;30.03.26;21.08.26;19.09.26;30 д;;;6;;1538;5280;1580;"1774;1777";01.02.26;Монтаж ограждения мезонина;;;5;
;0%;0 д;01.10.25;30.03.26;23.06.26;06.07.26;14 д;;;6;;1539;5295;1534ОН+14 д;"1776;1777";01.02.26;Монтаж щитов металлических;;;5;
11f7bcc7-4dcc-11f0-a555-005056026d24;0%;0 д;01.10.25;30.04.26;12.05.26;10.06.26;30 д;;;5;;1540;5213;;;НД;Профилированный лист;12.2. Внутренние оконные блоки;;4;
;0%;0 д;01.10.25;30.04.26;12.05.26;10.06.26;30 д;;;6;;1541;5214;1531НН+7 д;"832НН+20 д;1771;1777";НД;Монтаж перекрытий из профилированного листа Н114-750-0.7, в т.ч. метизы;;;5;
;0%;0 д;01.10.25;30.04.26;12.05.26;10.06.26;30 д;;;6;;1542;5215;1531НН+7 д;"1544НН+10 д;1545НН+10 д;1546НН+10 д;1547НН+10 д;1548НН+10 д;1553ОН-7 д;1593НН+7 д;1585НН+14 д;1586НН+30 д;1587НН+30 д;1588НН+30 д;1590НН+45 д;1594НН+60 д;1771;1777";НД;Монтаж покрытия из профилированного листа Н114-750-1.0, в т.ч. метизы;;;5;
4d33fc43-4dcc-11f0-a555-005056026d24;0%;0 д;01.10.25;31.05.26;22.05.26;22.07.26;62 д;;;5;;1543;5216;;;НД;Кровля;Лот №13. Витражи;;4;
;0%;0 д;01.10.25;31.05.26;22.05.26;22.07.26;62 д;;;6;;1544;5217;1542НН+10 д;"1771;1777";НД;Устройство пароизоляции;;;5;
;0%;0 д;01.10.25;31.05.26;22.05.26;22.07.26;62 д;;;6;;1545;5218;1542НН+10 д;"1771;1777";НД;Утепление покрытий PIR 60 мм;;;5;
;0%;0 д;01.10.25;31.05.26;22.05.26;22.07.26;62 д;;;6;;1546;5219;1542НН+10 д;"1771;1777";НД;Утепление покрытий плитами из минеральной ваты 50 мм;;;5;
;0%;0 д;01.10.25;31.05.26;22.05.26;22.07.26;62 д;;;6;;1547;5220;1542НН+10 д;"1771;1777";НД;Устройство плоских однослойных кровель из пвх мембран ecoplast v-rp (1,2 мм) (со сваркой полотен) с укладкой разделительного слоя по утеплителю, с устройством примыканий;;;5;
;0%;0 д;01.10.25;31.05.26;22.05.26;22.07.26;62 д;;;6;;1548;5221;1542НН+10 д;"1771;1777";НД;Система дождевой канализации (сифонно-вакуумная система внутреннего водостока) с врезкой в колодец;;;5;
b291b2d8-5733-11f0-a555-005056026d24;0%;0 д;01.10.25;30.04.26;25.05.26;19.08.26;87 д;;;5;;1549;5222;;;НД;Ограждающие конструкции;Лот № 14. Двери, распашные ворота;;4;
;0%;0 д;01.10.25;30.04.26;08.06.26;22.07.26;45 д;;;6;;1550;5223;1532НН+14 д;"1535НН+30 д;1536НН+30 д;1556НН+30 д;1558НН+30 д;1561НН+30 д;1562НН+30 д;1563НН+30 д;1564НН+30 д;1567НН+30 д;1568НН+30 д;1570НН+30 д;1572;1573НН+21 д;1580НН+14 д;1608ОН-21 д;1582ОН-21 д;1601ОН-21 д;1602ОН-21 д;1603ОН-21 д;1604ОН-21 д;1605ОН-21 д;1606ОН-...";30.04.26;Монтаж сэндвич-панелей внешних;;;5;
;0%;0 д;01.10.25;30.04.26;25.05.26;23.06.26;30 д;;;6;;1551;5285;1531НН+20 д;"1776;1576НН+14 д;1577НН+14 д;1578НН+14 д;1777";30.04.26;Монтаж сэндвич-панелей внешних (АБК);;;5;
;0%;0 д;01.10.25;30.04.26;06.07.26;19.08.26;45 д;;;6;;1552;5224;1533НН+14 д;"1771;1777";30.04.26;Монтаж сэндвич-панелей внутренних;;;5;
418d5553-4de7-11f0-a555-005056026d24;0%;0 д;01.10.25;31.05.26;04.06.26;02.08.26;60 д;;;4;;1553;5225;1542ОН-7 д;"1771;1777";НД;Внутренние лестницы;Лот №15. Козырьки;;4;
78e47229-4de7-11f0-a555-005056026d24;0%;0 д;01.03.26;31.07.26;08.07.26;06.08.26;30 д;;;4;;1554;5226;;;НД;ОКНА;Лот №16. Огнезащита;;4;
e24a56ea-4de7-11f0-a555-005056026d24;0%;0 д;01.03.26;31.07.26;08.07.26;06.08.26;30 д;;;5;;1555;5227;;;НД;Наружные;Лот №18. Декор фасадов;;4;
;0%;0 д;01.03.26;31.07.26;08.07.26;06.08.26;30 д;;;6;;1556;5228;1550НН+30 д;"638НН-2 д;1771;1777";НД;Наружные оконные блоки с ламинацией;;;5;
0c7688b7-4de8-11f0-a555-005056026d24;0%;0 д;01.03.26;31.07.26;08.07.26;06.08.26;30 д;;;5;;1557;5229;;;НД;Внутренние;Лот №19. Внутренние сети;;4;
;0%;0 д;01.03.26;31.07.26;08.07.26;06.08.26;30 д;;;6;;1558;5230;1550НН+30 д;"638НН-2 д;1771;1777";НД;Внутренние двери металлические размером 2080*970 мм;;;5;
ffa94a42-4de7-11f0-a555-005056026d24;0%;0 д;01.03.26;31.07.26;08.07.26;06.08.26;30 д;;;4;;1559;5231;;;НД;ВИТРАЖИ;19.1. Внутренние сети: Водоснабжение, водоотведение, отопление, вентиляция;;4;
;0%;0 д;01.03.26;31.07.26;08.07.26;06.08.26;30 д;;;5;;1560;5232;;;НД;Наружные;;;4;
;0%;0 д;01.03.26;31.07.26;08.07.26;06.08.26;30 д;;;6;;1561;5233;1550НН+30 д;"637НН-2 д;1771;1777";НД;Наружные витражи;;;5;
;0%;0 д;01.03.26;31.07.26;08.07.26;06.08.26;30 д;;;6;;1562;5234;1550НН+30 д;"637НН-2 д;1771;1777";НД;Наружные двери алюминевые 1200*2100мм;;;5;
;0%;0 д;01.03.26;31.07.26;08.07.26;06.08.26;30 д;;;6;;1563;5235;1550НН+30 д;"637НН-2 д;1771;1777";НД;Наружный витраж с дверью на АБК 2100*2500мм (входные двери на Base);;;5;
;0%;0 д;01.03.26;31.07.26;08.07.26;06.08.26;30 д;;;5;;1564;5236;1550НН+30 д;"1771;1777";НД;Внутренние;;;4;
22f65793-4de8-11f0-a555-005056026d24;0%;0 д;01.03.26;31.07.26;08.07.26;06.08.26;30 д;;;4;;1565;5237;;;НД;ДВЕРИ, РАСПАШНЫЕ ВОРОТА;19.2. Внутренние сети: Электроснабжение;;4;
;0%;0 д;01.03.26;31.07.26;08.07.26;06.08.26;30 д;;;5;;1566;5238;;;НД;Наружные;;;4;
;0%;0 д;01.03.26;31.07.26;08.07.26;06.08.26;30 д;;;6;;1567;5239;1550НН+30 д;"639НН-2 д;1771;1777";НД;Наружные двери металлические утепленные 2080*1670мм;;;5;
;0%;0 д;01.03.26;31.07.26;08.07.26;06.08.26;30 д;;;6;;1568;5240;1550НН+30 д;"639НН-2 д;1771;1777";НД;Наружные двери металлические утепленные 2080*1260мм;;;5;
;0%;0 д;01.03.26;31.07.26;08.07.26;06.08.26;30 д;;;5;;1569;5241;;;НД;Внутренние;;;4;
;0%;0 д;01.03.26;31.07.26;08.07.26;06.08.26;30 д;;;6;;1570;5242;1550НН+30 д;"639НН-2 д;1771;1777";НД;Внутренние противопожарные двери металлические 2080*970мм;;;5;
50c2d911-4de8-11f0-a555-005056026d24;0%;0 д;01.03.26;31.07.26;23.07.26;21.08.26;30 д;;;4;;1571;5243;;;НД;КОЗЫРЬКИ;19.3. Внутренние сети: Пожарные;;4;
;0%;0 д;01.03.26;31.07.26;23.07.26;21.08.26;30 д;;;5;;1572;5244;1550;"1771;1777";НД;Стеклянный козырек 2х1,2 м (две тяги, тонированное стекло триплекс 8+8);;;5;
6bd41379-4de8-11f0-a555-005056026d24;0%;0 д;01.03.26;31.07.26;29.06.26;27.08.26;60 д;;;4;;1573;5245;1550НН+21 д;1771;НД;ОГНЕЗАЩИТА;Лот №20. Отделочные работы;;4;
b9e45c24-4dea-11f0-a555-005056026d24;0%;0 д;01.03.26;31.07.26;08.06.26;20.08.26;74 д;;;4;;1574;5246;;;НД;ПРОМЫШЛЕННЫЕ ПОЛЫ, ПОЛЫ АБК, ПЕРЕКРЫТИЯ, ПОКРЫТИЯ;Лот №30. Клининг;;4;
;0%;0 д;01.03.26;31.07.26;08.06.26;07.07.26;30 д;;;5;;1575;5286;;;НД;Полы АБК/перекрытия/покрытие;;;4;
;0%;0 д;01.03.26;31.07.26;08.06.26;07.07.26;30 д;;;6;;1576;5287;1551НН+14 д;"1776;1598НН+14 д;1777";НД;Основание под плиту пола в АБК: песок 200, щебень фр.20-40 - 200, пленка (геотекстиль);;;5;
;0%;0 д;01.03.26;31.07.26;08.06.26;07.07.26;30 д;;;6;;1577;5288;1551НН+14 д;"1776;1777";НД;Устройство монолитной ж/б плиты пола в АБК толщ. 140мм с утеплением;;;5;
;0%;0 д;01.03.26;31.07.26;08.06.26;07.07.26;30 д;;;6;;1578;5289;1551НН+14 д;"1776;1777";НД;Устройство монолитной плиты перекрытия 170мм по смонтированному профлисту бетоном В25 (вкл. температурно-усадочный и деформационные швы, монолитный армированный пояс);;;5;
;0%;0 д;01.03.26;31.07.26;22.06.26;20.08.26;60 д;;;5;;1579;5247;;;НД;ПРОМЫШЛЕННЫЕ ПОЛЫ;;;4;
;0%;0 д;01.03.26;31.07.26;22.06.26;20.08.26;60 д;;;6;;1580;5248;1550НН+14 д;"1597НН+30 д;1771;1538;1537;1777";НД;Работы по устройству монолитной железобетонной плиты пола проектной толщиной 200мм, с армированием (нижний пояс) стержневой арматурой класса А500 O10 с ячейкой 200х200мм, из бетона класса В25, с нанесением упрочняющего покрытия, с устройством температурно;;;5;
e3da9b2c-4dea-11f0-a555-005056026d24;0%;0 д;01.05.26;31.07.26;02.07.26;30.08.26;60 д;;;4;;1581;5249;;;НД;ДЕКОР ФАСАДОВ;Лот №32. Временное отопление;;4;
;0%;0 д;01.05.26;31.07.26;02.07.26;30.08.26;60 д;;;5;;1582;5250;1550ОН-21 д;"1771;1777";НД;Монтаж ламелей вертикальных, горизонтальных;;;5;
;0%;0 д;01.01.26;31.07.26;19.05.26;22.01.27;249 д;;;4;;1583;5251;;;НД;ВНУТРЕННИЕ СЕТИ;;;4;
;0%;0 д;01.01.26;31.07.26;26.05.26;07.12.26;196 д;;;5;;1584;5252;;;НД;ВНУТРЕННИЕ СЕТИ: ВОДОСНАБЖЕНИЕ, ВОДОТВЕДЕНИЕ, ОТОПЛЕНИЕ, ВЕНТИЛЯЦИЯ;;;4;
;0%;0 д;01.01.26;31.07.26;26.05.26;21.11.26;180 д;;;6;;1585;5253;1542НН+14 д;"1595ОН-14 д;1771;1777";НД;Хозяйственно-бытовой водопровод (холодное и горячее водоснабжение) А+;;;5;
;0%;0 д;01.01.26;31.07.26;11.06.26;07.12.26;180 д;;;6;;1586;5254;1542НН+30 д;"1595ОН-14 д;1771;1777";НД;Система хоз-бытовой и фекальной канализации;;;5;
;0%;0 д;01.01.26;31.07.26;11.06.26;07.12.26;180 д;;;6;;1587;5255;1542НН+30 д;"1595ОН-14 д;1771;1777";НД;Вентиляция;;;5;
;0%;0 д;01.01.26;31.07.26;11.06.26;07.12.26;180 д;;;6;;1588;5256;1542НН+30 д;"1595ОН-14 д;1771;1777";НД;Отопление и теплоснабжение;;;5;
81e66355-570e-11f0-a555-005056026d24;0%;0 д;01.01.26;31.07.26;26.06.26;22.12.26;180 д;;;5;;1589;5257;;;НД;ВНУТРЕННИЕ СЕТИ: ЭЛЕТРОСНАБЖЕНИЕ;Лот №08. Коробка, кровля, стены;;4;
;0%;0 д;01.01.26;31.07.26;26.06.26;22.12.26;180 д;;;6;;1590;5258;1542НН+45 д;"1595ОН-14 д;1591НН+60 д;1771;1777";НД;Электроснабжение (ЭОМ) А+;;;5;
;0%;0 д;01.01.26;31.07.26;25.08.26;23.10.26;60 д;;;6;;1591;5259;1590НН+60 д;"1595ОН-14 д;1771;1777";НД;Светильники А+;;;5;
57d09122-4dc9-11f0-a555-005056026d24;0%;0 д;01.01.26;31.07.26;19.05.26;22.01.27;249 д;;;5;;1592;5260;;;НД;ВНУТРЕННИЕ СЕТИ: ПОЖАРНЫЕ;8.2. Фундаменты монолитные;;4;
;0%;0 д;01.01.26;31.07.26;19.05.26;15.10.26;150 д;;;6;;1593;5261;1542НН+7 д;"1595ОН-14 д;1771;1777";НД;Спринклерная система пожаротушения АУПТ А+;;;5;
;0%;0 д;01.01.26;31.07.26;11.07.26;06.01.27;180 д;;;6;;1594;5262;1542НН+60 д;"1595ОН-14 д;1771;1777";НД;Система управления оповещением и эвакуацией СОУЭ Автоматическая пожарная сигнализация АПС Комплексная автоматизация;;;5;
;0%;0 д;НД;НД;24.12.26;22.01.27;30 д;;;6;;1595;5263;"1585ОН-14 д;1586ОН-14 д;1587ОН-14 д;1588ОН-14 д;1590ОН-14 д;1591ОН-14 д;1593ОН-14 д;1594ОН-14 д";"1771;1777";НД;ПНР;;;5;
89d4a1fd-4dc9-11f0-a555-005056026d24;0%;0 д;01.01.26;31.07.26;22.06.26;28.12.26;190 д;;;4;;1596;5264;;;НД;ОТДЕЛОЧНЫЕ РАБОТЫ;8.5. Металлические конструкции;;4;
;0%;0 д;01.01.26;31.07.26;22.07.26;18.12.26;150 д;;;5;;1597;5265;1580НН+30 д;"1599НН+45 д;1784;1771;1777";НД;"Отделочные работы (потолок - окраска, сан.узел - грильято; стены - штукатурка под бетон, сан.узел - керамогранит/окраска; полы - ламинат; перегородки - ГКЛВ/ГКЛВО). Двери, окна, лестница -НЕ ВХОДЯТ В СТОИМОСТЬ.";;;5;
;0%;0 д;01.01.26;31.07.26;22.06.26;28.12.26;190 д;;;5;;1598;5294;1576НН+14 д;"1784;1776;1777;1610ОН-7 д";НД;"Отделочные работы АБК 9,3*6м-2эт. (потолок - окраска, сан.узел - грильято; стены - штукатурка под бетон, сан.узел - керамогранит/окраска; полы - ламинат/керамогранит; перегородки - ГКЛВ/ГКЛВО). Двери, окна, лестница -НЕ ВХОДЯТ В СТОИМОСТЬ.";;;5;
;0%;0 д;01.01.26;31.07.26;05.09.26;04.10.26;30 д;;;5;;1599;5266;1597НН+45 д;"1771;1777";НД;Внутренние двери деревянные размером 970*2080мм;;;5;
;0%;0 д;01.05.26;31.07.26;02.07.26;30.08.26;60 д;;;4;;1600;5267;;;НД;РЕКЛАМА;;;4;
;0%;0 д;01.05.26;31.07.26;02.07.26;30.08.26;60 д;;;5;;1601;5268;1550ОН-21 д;"1771;1777";НД;Номерация h=1,8 м (1 цифра);;;5;
;0%;0 д;01.05.26;31.07.26;02.07.26;30.08.26;60 д;;;5;;1602;5269;1550ОН-21 д;"1771;1777";НД;Номерация h=1,8 м (1 световая цифра);;;5;
;0%;0 д;01.05.26;31.07.26;02.07.26;30.08.26;60 д;;;5;;1603;5270;1550ОН-21 д;"1771;1777";НД;Буквенное обозначение h=1м (например, BLOCK А);;;5;
;0%;0 д;01.05.26;31.07.26;02.07.26;30.08.26;60 д;;;5;;1604;5271;1550ОН-21 д;"1771;1777";НД;Буквенное обозначение h=1м (например, BLOCK А - световая);;;5;
;0%;0 д;01.05.26;31.07.26;02.07.26;30.08.26;60 д;;;5;;1605;5272;1550ОН-21 д;"1771;1777";НД;Логотип на стене (световые буквы h=1 м) INDASTRIAL CITY;;;5;
;0%;0 д;01.05.26;31.07.26;02.07.26;30.08.26;60 д;;;5;;1606;5273;1550ОН-21 д;"1771;1777";НД;Логотип на стене (световые буквы h=3 м) INDASTRIAL CITY;;;5;
;0%;0 д;01.05.26;31.07.26;02.07.26;30.08.26;60 д;;;5;;1607;5274;1550ОН-21 д;"1771;1777";НД;Логотип на кровле 21х21 м из ПВХ мембраны INDASTRIAL CITY;;;5;
;0%;0 д;01.05.26;31.07.26;02.07.26;30.08.26;60 д;;;5;;1608;5275;1550ОН-21 д;"1771;1777";НД;Художественная покраска стен;;;5;
29911e79-4dca-11f0-a555-005056026d24;0%;0 д;01.05.26;31.07.26;22.12.26;20.01.27;30 д;;;4;;1609;5276;;;НД;КЛИНИНГ;8.6. Профилированный лист;;4;
;0%;0 д;01.05.26;31.07.26;22.12.26;20.01.27;30 д;;;5;;1610;5277;1598ОН-7 д;"1771;1777";НД;Клининг;;;5;
1fb58214-4dc9-11f0-a555-005056026d24;0%;0 д;01.01.26;31.07.26;23.07.26;05.09.26;45 д;;;4;;1611;5278;1550;"1771;1777";14.04.26;Временное отопление;8.7. Ограждающие конструкции;;5;
;0%;0 д;НД;НД;27.06.26;27.06.26;1 д;;;4;;1612;5279;1550НН+19 д;"1783;1777";НД;Готовность технических помещений блока G;;;;
d85d6bcd-4dc8-11f0-a555-005056026d24;0%;0 д;01.05.26;31.07.26;02.05.26;16.11.26;199 д;;Нет прогресса;3;;1613;3864;;;НД;КПП 1, 2 (30 м2);8.8. Кровля;;3;
bc870b25-4de6-11f0-a555-005056026d24;0%;0 д;01.10.25;31.04.26;02.05.26;26.07.26;86 д;;;4;;1614;4821;;;НД;КОРОБКА, КРОВЛЯ, СТЕНЫ;Лот №12. Окна;;4;
;0%;0 д;01.10.25;31.03.26;02.05.26;31.05.26;30 д;;;5;;1615;4823;;;НД;Железобетонные колонны;;;4;
;0%;0 д;01.10.25;31.03.26;02.05.26;31.05.26;30 д;;;6;;1616;4824;571ОН+5 д;"1618ОН-20 д;1778";20.01.26;Монолитная плита;;;5;
fcc34f08-4dcb-11f0-a555-005056026d24;0%;0 д;01.10.25;31.07.26;12.05.26;19.07.26;69 д;;;5;;1617;4827;;;НД;Металлические конструкции;12.1. Наружные оконные блоки;;4;
;0%;0 д;01.10.25;31.07.26;12.05.26;10.06.26;30 д;;;6;;1618;4828;1616ОН-20 д;"1622НН+7 д;1623НН+7 д;1619НН+20 д;1778";01.02.26;Монтаж балок перекрытий, колонн, опор под оборудование;;;5;
;0%;0 д;01.10.25;31.07.26;01.06.26;21.06.26;21 д;;;6;;1619;4829;1618НН+20 д;"1631НН+14 д;1620ОН+7 д;1778";01.02.26;Монтаж наружного фахверка;;;5;
;0%;0 д;01.10.25;31.07.26;29.06.26;19.07.26;21 д;;;6;;1620;4830;1619ОН+7 д;"1632НН+14 д;1778";01.02.26;Монтаж внутреннего фахверк;;;5;
b291b2d8-5733-11f0-a555-005056026d24;0%;0 д;01.10.25;30.04.26;19.05.26;08.06.26;21 д;;;5;;1621;4833;;;НД;Профилированный лист;Лот № 14. Двери, распашные ворота;;4;
;0%;0 д;01.10.25;30.04.26;19.05.26;08.06.26;21 д;;;6;;1622;4834;1618НН+7 д;"832НН+20 д;1778";НД;Монтаж перекрытий из профилированного листа Н114-750-0.7, в т.ч. метизы;;;5;
;0%;0 д;01.10.25;30.04.26;19.05.26;08.06.26;21 д;;;6;;1623;4835;1618НН+7 д;"1625НН+10 д;1626НН+10 д;1627НН+10 д;1628НН+10 д;1629НН+10 д;1657НН+14 д;1658НН+30 д;1659НН+30 д;1660НН+30 д;1662НН+45 д;1665НН+60 д;1778";НД;Монтаж покрытия из профилированного листа Н114-750-1.0, в т.ч. метизы;;;5;
5eedf1b9-5733-11f0-a555-005056026d24;0%;0 д;01.10.25;31.05.26;29.05.26;12.07.26;45 д;;;5;;1624;4836;;;НД;Кровля;14.1. Наружные;;4;
;0%;0 д;01.10.25;31.05.26;29.05.26;12.07.26;45 д;;;6;;1625;4837;1623НН+10 д;1778;НД;Устройство пароизоляции;;;5;
;0%;0 д;01.10.25;31.05.26;29.05.26;12.07.26;45 д;;;6;;1626;4838;1623НН+10 д;1778;НД;Утепление покрытий PIR 60 мм;;;5;
;0%;0 д;01.10.25;31.05.26;29.05.26;12.07.26;45 д;;;6;;1627;4839;1623НН+10 д;1778;НД;Утепление покрытий плитами из минеральной ваты 50 мм;;;5;
;0%;0 д;01.10.25;31.05.26;29.05.26;12.07.26;45 д;;;6;;1628;4840;1623НН+10 д;1778;НД;Устройство плоских однослойных кровель из пвх мембран ecoplast v-rp (1,2 мм) (со сваркой полотен) с укладкой разделительного слоя по утеплителю, с устройством примыканий;;;5;
;0%;0 д;01.10.25;31.05.26;29.05.26;12.07.26;45 д;;;6;;1629;4841;1623НН+10 д;1778;НД;Система дождевой канализации (сифонно-вакуумная система внутреннего водостока) с врезкой в колодец;;;5;
0c7688b7-4de8-11f0-a555-005056026d24;0%;0 д;01.10.25;30.04.26;15.06.26;26.07.26;42 д;;;5;;1630;4842;;;НД;Ограждающие конструкции;Лот №19. Внутренние сети;;4;
;0%;0 д;01.10.25;30.04.26;15.06.26;14.07.26;30 д;;;6;;1631;4843;1619НН+14 д;"1635НН+30 д;1637НН+30 д;1640НН+30 д;1641НН+30 д;1642НН+30 д;1643НН+30 д;1646НН+30 д;1647НН+30 д;1649НН+30 д;1651;1652НН+21 д;1654ОН-21 д;1671ОН-21 д;1672ОН-21 д;1673ОН-21 д;1674ОН-21 д;1675ОН-21 д;1678;1778";30.04.26;Монтаж сэндвич-панелей внешних;;;5;
;0%;0 д;01.10.25;30.04.26;13.07.26;26.07.26;14 д;;;6;;1632;4844;1620НН+14 д;1778;30.04.26;Монтаж сэндвич-панелей внутренних;;;5;
ffa94a42-4de7-11f0-a555-005056026d24;0%;0 д;01.03.26;31.07.26;15.07.26;04.08.26;21 д;;;4;;1633;4846;;;НД;ОКНА;19.1. Внутренние сети: Водоснабжение, водоотведение, отопление, вентиляция;;4;
22f65793-4de8-11f0-a555-005056026d24;0%;0 д;01.03.26;31.07.26;15.07.26;04.08.26;21 д;;;5;;1634;4847;;;НД;Наружные;19.2. Внутренние сети: Электроснабжение;;4;
;0%;0 д;01.03.26;31.07.26;15.07.26;04.08.26;21 д;;;6;;1635;4848;1631НН+30 д;"638НН-2 д;1668;1778";НД;Наружные оконные блоки с ламинацией;;;5;
b9e45c24-4dea-11f0-a555-005056026d24;0%;0 д;01.03.26;31.07.26;15.07.26;04.08.26;21 д;;;5;;1636;4849;;;НД;Внутренние;Лот №30. Клининг;;4;
;0%;0 д;01.03.26;31.07.26;15.07.26;04.08.26;21 д;;;6;;1637;4850;1631НН+30 д;"638НН-2 д;1778";НД;Внутренние двери металлические размером 2080*970 мм;;;5;
4d33fc43-4dcc-11f0-a555-005056026d24;0%;0 д;01.03.26;31.07.26;15.07.26;04.08.26;21 д;;;4;;1638;4851;;;НД;ВИТРАЖИ;Лот №13. Витражи;;4;
;0%;0 д;01.03.26;31.07.26;15.07.26;04.08.26;21 д;;;5;;1639;4852;;;НД;Наружные;;;4;
;0%;0 д;01.03.26;31.07.26;15.07.26;04.08.26;21 д;;;6;;1640;4853;1631НН+30 д;"637НН-2 д;1778";НД;Наружные витражи;;;5;
;0%;0 д;01.03.26;31.07.26;15.07.26;04.08.26;21 д;;;6;;1641;4854;1631НН+30 д;"637НН-2 д;1778";НД;Наружные двери алюминевые 1200*2100мм;;;5;
;0%;0 д;01.03.26;31.07.26;15.07.26;04.08.26;21 д;;;6;;1642;4855;1631НН+30 д;"637НН-2 д;1778";НД;Наружный витраж с дверью на АБК 2100*2500мм (входные двери на Base);;;5;
;0%;0 д;01.03.26;31.07.26;15.07.26;04.08.26;21 д;;;5;;1643;4856;1631НН+30 д;;НД;Внутренние;;;4;
b291b2d8-5733-11f0-a555-005056026d24;0%;0 д;01.03.26;31.07.26;15.07.26;04.08.26;21 д;;;4;;1644;4857;;;НД;ДВЕРИ, РАСПАШНЫЕ ВОРОТА;Лот № 14. Двери, распашные ворота;;4;
;0%;0 д;01.03.26;31.07.26;15.07.26;04.08.26;21 д;;;5;;1645;4858;;;НД;Наружные;;;4;
;0%;0 д;01.03.26;31.07.26;15.07.26;04.08.26;21 д;;;6;;1646;4859;1631НН+30 д;"639НН-2 д;1778";НД;Наружные двери металлические утепленные 2080*1670мм;;;5;
;0%;0 д;01.03.26;31.07.26;15.07.26;04.08.26;21 д;;;6;;1647;4860;1631НН+30 д;"639НН-2 д;1778";НД;Наружные двери металлические утепленные 2080*1260мм;;;5;
;0%;0 д;01.03.26;31.07.26;15.07.26;04.08.26;21 д;;;5;;1648;4861;;;НД;Внутренние;;;4;
;0%;0 д;01.03.26;31.07.26;15.07.26;04.08.26;21 д;;;6;;1649;4862;1631НН+30 д;"639НН-2 д;1778";НД;Внутренние противопожарные двери металлические 2080*970мм;;;5;
418d5553-4de7-11f0-a555-005056026d24;0%;0 д;01.03.26;31.07.26;15.07.26;04.08.26;21 д;;;4;;1650;4863;;;НД;КОЗЫРЬКИ;Лот №15. Козырьки;;4;
;0%;0 д;01.03.26;31.07.26;15.07.26;04.08.26;21 д;;;5;;1651;4864;1631;1778;НД;Стеклянный козырек 2х1,2 м (две тяги, тонированное стекло триплекс 8+8);;;5;
78e47229-4de7-11f0-a555-005056026d24;0%;0 д;01.03.26;31.07.26;06.07.26;19.07.26;14 д;;;4;;1652;4865;1631НН+21 д;1778;НД;ОГНЕЗАЩИТА;Лот №16. Огнезащита;;4;
e24a56ea-4de7-11f0-a555-005056026d24;0%;0 д;01.05.26;31.07.26;24.06.26;02.08.26;40 д;;;4;;1653;4869;;;НД;ДЕКОР ФАСАДОВ;Лот №18. Декор фасадов;;4;
;0%;0 д;01.05.26;31.07.26;24.06.26;02.08.26;40 д;;;5;;1654;4870;1631ОН-21 д;1778;НД;Монтаж LED панелей;;;5;
0c7688b7-4de8-11f0-a555-005056026d24;0%;0 д;01.01.26;31.07.26;02.06.26;16.10.26;137 д;;;4;;1655;4871;;;НД;ВНУТРЕННИЕ СЕТИ;Лот №19. Внутренние сети;;4;
ffa94a42-4de7-11f0-a555-005056026d24;0%;0 д;01.01.26;31.07.26;02.06.26;15.09.26;106 д;;;5;;1656;4872;;;НД;ВНУТРЕННИЕ СЕТИ: ВОДОСНАБЖЕНИЕ, ВОДОТВЕДЕНИЕ, ОТОПЛЕНИЕ, ВЕНТИЛЯЦИЯ;19.1. Внутренние сети: Водоснабжение, водоотведение, отопление, вентиляция;;4;
;0%;0 д;01.01.26;31.07.26;02.06.26;30.08.26;90 д;;;6;;1657;4873;1623НН+14 д;"1666ОН-14 д;1778";НД;Хозяйственно-бытовой водопровод (холодное и горячее водоснабжение) А+;;;5;
;0%;0 д;01.01.26;31.07.26;18.06.26;15.09.26;90 д;;;6;;1658;4874;1623НН+30 д;"1666ОН-14 д;1778";НД;Система хоз-бытовой и фекальной канализации;;;5;
;0%;0 д;01.01.26;31.07.26;18.06.26;15.09.26;90 д;;;6;;1659;4875;1623НН+30 д;"1666ОН-14 д;1778";НД;Вентиляция;;;5;
;0%;0 д;01.01.26;31.07.26;18.06.26;15.09.26;90 д;;;6;;1660;4876;1623НН+30 д;"1666ОН-14 д;1778";НД;Отопление и теплоснабжение;;;5;
22f65793-4de8-11f0-a555-005056026d24;0%;0 д;01.01.26;31.07.26;03.07.26;30.09.26;90 д;;;5;;1661;4877;;;НД;ВНУТРЕННИЕ СЕТИ: ЭЛЕТРОСНАБЖЕНИЕ;19.2. Внутренние сети: Электроснабжение;;4;
;0%;0 д;01.01.26;31.07.26;03.07.26;30.09.26;90 д;;;6;;1662;4878;1623НН+45 д;"1666ОН-14 д;1663НН+60 д;1778";НД;Электроснабжение (ЭОМ) А+;;;5;
;0%;0 д;01.01.26;31.07.26;01.09.26;30.09.26;30 д;;;6;;1663;4879;1662НН+60 д;"1666ОН-14 д;1778";НД;Светильники А+;;;5;
50c2d911-4de8-11f0-a555-005056026d24;0%;0 д;01.01.26;31.07.26;18.07.26;16.10.26;91 д;;;5;;1664;4880;;;НД;ВНУТРЕННИЕ СЕТИ: ПОЖАРНЫЕ;19.3. Внутренние сети: Пожарные;;4;
;0%;0 д;01.01.26;31.07.26;18.07.26;15.09.26;60 д;;;6;;1665;4882;1623НН+60 д;"1666ОН-14 д;1778";НД;Система управления оповещением и эвакуацией СОУЭ Автоматическая пожарная сигнализация АПС Комплексная автоматизация;;;5;
;0%;0 д;НД;НД;17.09.26;16.10.26;30 д;;;6;;1666;4883;"1657ОН-14 д;1658ОН-14 д;1659ОН-14 д;1660ОН-14 д;1662ОН-14 д;1663ОН-14 д;1665ОН-14 д";1778;НД;ПНР;;;5;
6bd41379-4de8-11f0-a555-005056026d24;0%;0 д;01.01.26;31.07.26;05.08.26;02.11.26;90 д;;;4;;1667;4884;;;НД;ОТДЕЛОЧНЫЕ РАБОТЫ;Лот №20. Отделочные работы;;4;
;0%;0 д;01.01.26;31.07.26;05.08.26;02.11.26;90 д;;;5;;1668;4885;1635;"1669НН+45 д;1784;1677;1778";НД;"Отделочные работы (потолок - окраска, сан.узел - грильято; стены - штукатурка под бетон, сан.узел - керамогранит/окраска; полы - ламинат; перегородки - ГКЛВ/ГКЛВО). Двери, окна, лестница -НЕ ВХОДЯТ В СТОИМОСТЬ.";;;5;
;0%;0 д;01.01.26;31.07.26;19.09.26;02.10.26;14 д;;;5;;1669;4886;1668НН+45 д;1778;НД;Внутренние двери деревянные размером 970*2080мм;;;5;
;0%;0 д;01.05.26;31.07.26;24.06.26;23.07.26;30 д;;;4;;1670;4887;;;НД;РЕКЛАМА;;;4;
;0%;0 д;01.05.26;31.07.26;24.06.26;23.07.26;30 д;;;5;;1671;4888;1631ОН-21 д;1778;НД;Номерация h=1,8 м (1 цифра);;;5;
;0%;0 д;01.05.26;31.07.26;24.06.26;23.07.26;30 д;;;5;;1672;4889;1631ОН-21 д;1778;НД;Номерация h=1,8 м (1 световая цифра);;;5;
;0%;0 д;01.05.26;31.07.26;24.06.26;23.07.26;30 д;;;5;;1673;4890;1631ОН-21 д;1778;НД;Буквенное обозначение h=1м (например, BLOCK А);;;5;
;0%;0 д;01.05.26;31.07.26;24.06.26;23.07.26;30 д;;;5;;1674;4891;1631ОН-21 д;1778;НД;Буквенное обозначение h=1м (например, BLOCK А - световая);;;5;
;0%;0 д;01.05.26;31.07.26;24.06.26;23.07.26;30 д;;;5;;1675;4894;1631ОН-21 д;1778;НД;Логотип на кровле 21х21 м из ПВХ мембраны INDASTRIAL CITY;;;5;
b9e45c24-4dea-11f0-a555-005056026d24;0%;0 д;01.05.26;31.07.26;03.11.26;16.11.26;14 д;;;4;;1676;4896;;;НД;КЛИНИНГ;Лот №30. Клининг;;4;
;0%;0 д;01.05.26;31.07.26;03.11.26;16.11.26;14 д;;;5;;1677;4897;1668;1778;НД;Клининг;;;5;
e3da9b2c-4dea-11f0-a555-005056026d24;0%;0 д;01.01.26;31.07.26;15.07.26;28.08.26;45 д;;;4;;1678;4898;1631;1778;14.04.26;Временное отопление;Лот №32. Временное отопление;;5;
;0%;881 д;30.11.26;30.11.26;23.03.24;17.05.27;1151 д;;;2;ЗИО;1679;3974;;;НД;ЗИО;;;2;
3706eae4-5751-11f0-a555-005056026d24;0%;120 д;30.10.26;30.10.26;19.03.27;17.05.27;60 д;;;3;ЗИО;1680;3975;;;НД;Право 1. ГКУ и ПРАВО СТРОЕНИЯ И СООРУЖЕНИЯ;55.12. ГКУ и право;;4;
;0%;30 д;30.10.26;30.10.26;19.03.27;02.04.27;15 д;;;4;СМР;1681;3976;1768;"1684;1801;1698;1703НН;1692;1694ОН-15 д;1802";НД;Право 1. Постановка Строений на ГКУ и регистрация права собственности;;;5;
;0%;28 д;30.10.26;30.10.26;18.04.27;17.05.27;30 д;;;4;СМР;1682;3977;1768ОН+30 д;;НД;Постановка вспомогательных зданий на ГКУ и регистрация права собственности;;;5;
;100%;92 д;23.03.24;23.03.24;23.03.24;23.03.24;0 д;;;3;ЗИО;1683;3978;;;НД;Этап .  ВЫКУП ЗЕМЕЛЬНОГО УЧАСТКА;;;4;
;100%;31 д;23.03.24;23.03.24;23.03.24;23.03.24;0 д;;;4;СМР;1684;3979;1681;1685;НД;Подготовка протокола одобрения крупной сделки/Распоряжение о выкупе ЗУ;;;5;
;100%;31 д;23.03.24;23.03.24;23.03.24;23.03.24;0 д;;;4;СМР;1685;3980;1684;1686;НД;Заключение ДКП на выкуп земельного участка;;;5;
;100%;31 д;23.03.24;23.03.24;23.03.24;23.03.24;0 д;;;4;СМР;1686;3981;1685;1687;НД;Оплата по ДКП - окончательный расчет;;;5;
;100%;31 д;23.03.24;23.03.24;23.03.24;23.03.24;0 д;;;4;СМР;1687;3982;1686;1688;НД;Подписание Акта-приема-передачи З/У;;;5;
;100%;31 д;23.03.24;23.03.24;23.03.24;23.03.24;0 д;;;4;СМР;1688;3983;1687;1689;НД;Оплата государственной пошлины;;;5;
;100%;31 д;23.03.24;23.03.24;23.03.24;23.03.24;0 д;;;4;СМР;1689;3984;1688;;НД;Регистрация ДКП (совместно с КРМО, собственником ЗУ);;;5;
;0%;0 д;30.11.26;30.11.26;19.03.27;17.04.27;30 д;;;3;;1690;3985;;;НД;Право 2 . ЗУ И ПОМЕЩЕНИЯ;;;4;
;0%;120 д;30.11.26;30.11.26;19.03.27;17.04.27;30 д;;;4;ЗИО;1691;3986;;;НД;Этап .  ПОСТАНОВКА ПОМЕЩЕНИЙ НА КАДАСТРОВЫЙ УЧЕТ;;;4;
;0%;31 д;30.11.26;30.11.26;03.04.27;12.04.27;10 д;;;5;СМР;1692;3987;1681;1693;НД;Ходатайство в Банк о согласии на раздел зданий и получение согласия;;;5;
;0%;61 д;30.11.26;30.11.26;13.04.27;17.04.27;5 д;;;5;СМР;1693;3988;1692;;НД;Получение согласия Собственника ЗУ на раздел зданий;;;5;
;0%;31 д;30.11.26;30.11.26;19.03.27;23.03.27;5 д;;;5;СМР;1694;3989;1681ОН-15 д;1695ОН-5 д;НД;Разработка технического плана на помещения в зданиях;;;5;
;0%;31 д;30.11.26;30.11.26;19.03.27;21.03.27;3 д;;;5;СМР;1695;3990;1694ОН-5 д;1696;НД;Оплата госпошлин за регистрацию прав на помещения;;;5;
;0%;28 д;30.11.26;30.11.26;22.03.27;24.03.27;3 д;;;5;СМР;1696;3991;1695;1803;НД;Постановка на ГКУ и регистрация прав на помещения (Право2 помещения);;;5;
;0%;90 д;30.11.26;30.11.26;19.03.27;17.04.27;30 д;;;4;ЗИО;1697;3992;;;НД;Этап .  МЕЖЕВАНИЕ ЗУ ПОД ОБЪЕКТАМИ НЕДВИЖИМОСТИ;;;4;
;0%;28 д;30.11.26;30.11.26;03.04.27;12.04.27;10 д;;;5;СМР;1698;3993;1681;"1699;1700;1701;1702";НД;Ходатайство в Банк о согласии на межевание з/у и получение согласия;;;5;
;0%;59 д;30.11.26;30.11.26;13.04.27;17.04.27;5 д;;;5;СМР;1699;3994;1698;;НД;Получение согласия Собственника ЗУ на межевание земельного участка;;;5;
;0%;90 д;30.11.26;30.11.26;13.04.27;17.04.27;5 д;;;5;СМР;1700;3995;1698;;НД;Подготовка и подписание Протокола обеспечения доступа к образуемому з/у от имени КРМО, Собственника ЗУ;;;5;
;0%;31 д;30.11.26;30.11.26;13.04.27;17.04.27;5 д;;;5;СМР;1701;3996;1698;;НД;Подготовка и подписание Протокола обеспечения доступа к образуемым з/у от имени;;;5;
;0%;31 д;30.11.26;30.11.26;13.04.27;17.04.27;5 д;;;5;СМР;1702;3997;1698;;НД;Подготовка Протокола раздела земельного участками схемы раздела з/у;;;5;
;0%;31 д;30.11.26;30.11.26;19.03.27;13.04.27;26 д;;;5;СМР;1703;3998;1681НН;1704ОН-5 д;НД;Разработка межевого плана по разделу земельного участка под объектами недвижимости;;;5;
;0%;31 д;30.11.26;30.11.26;09.04.27;13.04.27;5 д;;;5;СМР;1704;3999;1703ОН-5 д;1705;НД;Оплата госпошлин для гос. регистрации права на образованные в результате раздела з.у.;;;5;
;0%;28 д;30.11.26;30.11.26;14.04.27;16.04.27;3 д;;;5;СМР;1705;4000;1704;1803;НД;Постановка на ГКУ и регистрация права на образованные в результате раздела з.у. (Право2 ЗУ);;;5;
35f260ea-5751-11f0-a555-005056026d24;0%;518 д;30.04.26;30.04.26;01.11.24;11.04.27;892 д;;;2;СМР;1706;4008;;;НД;ВНУТРЕННЯЯ ПРИЕМКА ОБЪЕКТА УК;55.11. Разрешение на ввод бъекта в эксплуатацию;;2;
;0%;30 д;30.04.26;30.04.26;11.02.27;20.02.27;10 д;;;3;СМР;1707;4009;"1780;1781;1779;1782;1783";;НД;Приказ о внутренней приемке объекта . Состав участников: Строит. Управление, Сл Тех Надзора, Сл. Экспл, Сл. Заказчика, УК, представитель ЧОО;;;5;
;0%;60 д;30.04.26;30.04.26;11.02.27;12.03.27;30 д;;;3;СМР;1708;4010;"1780;1781;1779;1782;1783";;НД;Проверка документации на соответствие построенному объекту: ИРД, ПД, РД, ИД, Справки о выполнении ТУ (журналы, паспорта, сертификаты и т.д.);;;5;
;0%;60 д;30.04.26;30.04.26;11.02.27;12.03.27;30 д;;;3;СМР;1709;4011;"1780;1781;1779;1782;1783";1710;НД;Локальные проведения испытаний по каждой системе;;;5;
;0%;60 д;30.04.26;30.04.26;13.03.27;17.03.27;5 д;;;3;СМР;1710;4012;1709;1711;НД;Акт о проведении локальных испытаний по каждой системе в отдельности;;;5;
;0%;60 д;30.04.26;30.04.26;18.03.27;27.03.27;10 д;;;3;СМР;1711;4013;1710;;НД;Программа проведения комплексных испытаний, согласованная всеми участниками;;;5;
;0%;60 д;30.04.26;30.04.26;01.11.24;30.11.24;30 д;;;3;СМР;1712;4014;;"1763;1713";НД;Проведение комплексных испытаний (НВК, ВК, ЭОМ, ЭС, Газ и т. Д.);;;5;
;0%;60 д;30.04.26;30.04.26;01.12.24;05.12.24;5 д;;;3;СМР;1713;4015;1712;;НД;Акт о проведении комплексных испытаний;;;5;
;0%;60 д;30.04.26;30.04.26;11.02.27;12.03.27;30 д;;;3;СМР;1714;4016;"1780;1781;1779;1782;1783;1784";;НД;Проверка журналов по должной осмотрительности;;;5;
;0%;60 д;30.04.26;30.04.26;11.02.27;12.03.27;30 д;;;3;СМР;1715;4017;"1780;1781;1779;1782;1783;1784";;НД;Подготовка актов//протоколов// дефектовочной ведомости по результатам проведения работ графика;;;5;
;0%;60 д;30.04.26;30.04.26;11.02.27;12.03.27;30 д;;;3;СМР;1716;4018;"1780;1781;1779;1782;1783;1784";1717;НД;акт о приемке в гарантийную эксплуатацию сроком 2 года на смр и 1 год на инженерное оборудование с ДАТЫ получения Разрешения на ВВОД и даты устранения последнего замечания по дефектовочной ведомости;;;5;
;0%;91 д;30.04.26;30.04.26;13.03.27;11.04.27;30 д;;;3;СМР;1717;4019;1716;;НД;Сформированная документация для передачи Резиденту : ИРД, ПД, РД, ИД . ПРИМЕЧАНИЕ: (в случае не единого складского комплекса, а разделенного по боксам), ВСЯ ДОКУМЕНТАЦИЯ формируется на каждый бокс, в части инженерных сетей, систем, оборудования, вкл. все ;;;5;
;0%;91 д;30.04.26;30.04.26;27.01.27;25.02.27;30 д;;;3;СМР;1718;4020;"1780ОН-15 д;1781ОН-15 д;1779ОН-15 д;1782ОН-15 д;1783ОН-15 д";;НД;* Исполнительная съемка с фактическим метражом по каждой сети, с учетом балансового разграничения между балансом Резидента и УК;;;5;
;0%;61 д;30.04.26;30.04.26;11.02.27;15.02.27;5 д;;;3;СМР;1719;4021;"1780;1781;1779;1782;1783;1784";;НД;* Акт показаний приборов учета после выхода СУ с объекта;;;5;
;0%;0 д;НД;НД;09.08.26;19.02.27;194 д;;;2;;1720;4480;;;НД;ПУСК ГАЗА И ЭЛЕКТРИЧЕСТВА;;;2;
35f260ea-5751-11f0-a555-005056026d24;0%;306 д;30.04.26;30.04.26;23.12.26;21.01.27;30 д;;;3;СМР;1721;4022;;;НД;Сдача сети НВК:;55.11. Разрешение на ввод бъекта в эксплуатацию;;4;
;0%;242 д;30.04.26;30.04.26;23.12.26;21.01.27;30 д;;;4;СМР;1722;4023;1779;1763;НД;Получение от сетевой организацией  Акта ТП и заключение единого договора водоснабжения и водоотведения;;;5;
35f260ea-5751-11f0-a555-005056026d24;0%;59 д;30.04.26;30.04.26;08.09.26;27.11.26;80 д;;;3;СМР;1723;4024;;;НД;Сдача сети электроснабжения:;55.11. Разрешение на ввод бъекта в эксплуатацию;;4;
;0%;59 д;30.04.26;30.04.26;08.09.26;18.09.26;10 д;;;4;СМР;1724;4025;1780;1725;НД;Проведение РЭС проверки о выполнении ТУ;;;5;
;0%;59 д;30.04.26;30.04.26;18.09.26;23.09.26;5 д;;;4;СМР;1725;4026;1724;1726ОН-10 д;НД;Получение в РЭС акта осмотра электроустановки;;;5;
;0%;59 д;30.04.26;30.04.26;13.09.26;03.10.26;20 д;;;4;СМР;1726;4027;1725ОН-10 д;1727;НД;Формирование и подача пакета документов в Ростехнадзор для сдачи ТП в эксплуатацию;;;5;
;0%;59 д;30.04.26;30.04.26;03.10.26;18.10.26;15 д;;;4;СМР;1727;4028;1726;"1728;1729";НД;Получение Акта осмотра ТП и разрешения на допуск в эксплуатацию электроустановки в Ростехнадзоре;;;5;
;0%;59 д;30.04.26;30.04.26;18.10.26;28.10.26;10 д;;;4;СМР;1728;4029;1727;1763;НД;Получение  акта о выполнении ТУ и акта ТП от сетевой организации;;;5;
;0%;59 д;30.04.26;30.04.26;18.10.26;28.10.26;10 д;;;4;СМР;1729;4030;1727;1730;НД;Получение  актов о допуске в эксплуатацию приборов учета ;;;5;
;0%;59 д;30.04.26;30.04.26;28.10.26;27.11.26;30 д;;;4;СМР;1730;4031;1729;1796;НД;Заключение со сбытовой организаций йдоговора энергоснабжения объекта. Пуск по постоянной схеме;;;5;
35f260ea-5751-11f0-a555-005056026d24;0%;306 д;30.04.26;30.04.26;09.08.26;11.12.26;124 д;;;3;СМР;1731;4032;;;НД;Сдача сети газоснабжения:;55.11. Разрешение на ввод бъекта в эксплуатацию;;4;
;0%;242 д;30.04.26;30.04.26;01.11.24;01.11.24;0 д;;Привязать к началу СМР сети по газу;4;СМР;1732;4033;;;НД;Заключение Договора на осуществление строительного контроля, либо Приказ на строительный контроль  (тех.надзор РЭС);;;5;
;0%;30 д;30.04.26;30.04.26;08.09.26;18.09.26;10 д;;;4;СМР;1733;4034;1781;1734;НД;Заключение договора на выполнение работ по монтажу, прохождению метрологической экспертизы УУГ и сдаче в эксплуатацию коммерческого узла учета газа, включая разработку технического решения, в т.ч.:;;;5;
;0%;31 д;30.04.26;30.04.26;18.09.26;08.10.26;20 д;;;4;СМР;1734;4035;1733;1743;НД;"Вызов представителя Службы режимов газоснабжения филиала ГУП МО ""Мособлгаз"" на приемку УУГ в эксплуатацию. Приемка УУГ в экспл.";;;5;
;0%;62 д;30.04.26;30.04.26;09.08.26;18.09.26;40 д;;;4;СМР;1735;4036;1781ОН-30 д;"1746;1741ОН-20 д";НД;Подготовка и формирование исполнительно-технической документации по газоснабжению объекта (ГСВ, ГСН, УУГ);;;5;
;0%;62 д;30.04.26;30.04.26;08.09.26;18.09.26;10 д;;;4;СМР;1736;4037;1781;;НД;"Проведение замеров сигнализатора загазованности филиалом ГУП МО ""Мособлгаз"" , получение Акта проверки работы сигнализатора загазованности";;;5;
;0%;62 д;30.04.26;30.04.26;08.09.26;18.09.26;10 д;;;4;СМР;1737;4038;1781;;НД;"Проверка филиалом ГУП МО ""Мособлгаз"" изолир. Фланца , Получение справки о проверке изолирующих соединений";;;5;
;0%;62 д;30.04.26;30.04.26;08.09.26;18.09.26;10 д;;;4;СМР;1738;4039;1781;;НД;Акт ВДПО (акт осмотра дымовых каналов);;;5;
;0%;62 д;30.04.26;30.04.26;08.09.26;18.09.26;10 д;;;4;СМР;1739;4040;1781;;НД;Акт/Протокол на Заземление газоиспользующего оборудования;;;5;
;0%;62 д;30.04.26;30.04.26;08.09.26;18.09.26;10 д;;;4;СМР;1740;4041;1781;;НД;Получение справки о принадлежности ГРС;;;5;
;0%;61 д;30.04.26;30.04.26;29.08.26;18.09.26;20 д;;;4;СМР;1741;4042;1735ОН-20 д;;НД;План ликвидаций аварийных ситуаций ПЛАС;;;5;
;0%;31 д;30.04.26;30.04.26;08.09.26;18.09.26;10 д;;;4;СМР;1742;4043;1781;;НД;"Заключение Договора на ТО шкафа Аксон с филиалом ГУП МО ""Мособлгаз""";;;5;
;0%;31 д;30.04.26;30.04.26;08.10.26;18.10.26;10 д;;;4;СМР;1743;4044;1734;1746;НД;Заключение Договора на техническое (сервисное) обслуживание газового оборудования, узла учета газа при приемке узла учета газа;;;5;
;0%;31 д;30.04.26;30.04.26;08.09.26;18.09.26;10 д;;;4;СМР;1744;4045;1781;1746;НД;Заключение Договора на техническое обслуживание построенного газопровода;;;5;
;0%;31 д;30.04.26;30.04.26;08.09.26;18.09.26;10 д;;;4;СМР;1745;4046;1781;1746;НД;Заключение Договора на эксплуатацию котельных;;;5;
;0%;31 д;30.04.26;30.04.26;18.10.26;28.10.26;10 д;;;4;СМР;1746;4047;"1735;1743;1744;1745";"1747;1748";НД;"Согласование исполнительно-технической документации в филиале ГУП МО ""Мособлгаз"" (ГСВ, ГСН, УУГ)";;;5;
;0%;62 д;30.04.26;30.04.26;28.10.26;04.11.26;7 д;;;4;СМР;1747;4048;1746;1749;НД;Подписание Формы 13А (Акт проверки измерительного комплекса природного газа на соответствие нормативной, технической и проектной документации) и Формы 13Б (Акт приемки измерительного комплекса в качестве коммерческого узла учета газа) по результатам прием;;;5;
;0%;62 д;30.04.26;30.04.26;28.10.26;04.11.26;7 д;;;4;СМР;1748;4049;1746;1749;НД;Подписание Акта приемки законченного строительством объекта газораспределительной системы (Форма 2) по результатам выполнения СМР.;;;5;
;0%;62 д;30.04.26;30.04.26;04.11.26;11.11.26;7 д;;;4;СМР;1749;4050;"1747;1748";1750;НД;Подписание ИТД у Ростехнадзора (РТН) - Форма 2 (газопровод ТП) - Форма 2 (газопровод КЧ наружный) - Форма 6 (ГРП) - Форма 13 (котельная, газоиспользующее оборудование);;;5;
;0%;31 д;30.04.26;30.04.26;11.11.26;21.11.26;10 д;;;4;СМР;1750;4051;1749;1751;НД;"Заключение Договора на поставку газа с ООО ""Мособлгазпоставка""";;;5;
;0%;31 д;30.04.26;30.04.26;21.11.26;26.11.26;5 д;;;4;СМР;1751;4052;1750;1752;НД;"Заключение Договора на транспортировку газа (технического соглашения о порядке учета газа) с филиалом ГУП МО ""Мособлгаз""";;;5;
;0%;274 д;30.04.26;30.04.26;26.11.26;01.12.26;5 д;;;4;СМР;1752;4053;1751;"1753;1797";НД;Пуск газа;;;4;
;0%;32 д;30.04.26;30.04.26;01.12.26;11.12.26;10 д;;;4;СМР;1753;4054;1752;"1763;1755";НД;"Подготовка филиалом ГУП МО ""Мособлгаз"" и подписание Акта ТП и  разграничения балансовой принадлежности на построенный газопровод";;;5;
;0%;0 д;30.04.26;30.04.26;11.12.26;19.02.27;70 д;;;3;;1754;4055;;;НД;ПНР газового оборудования;;;4;
;0%;61 д;30.04.26;30.04.26;11.12.26;09.02.27;60 д;;;4;СМР;1755;4056;1753;1756;НД;Пуско-наладочные работы (по газу);;;5;
;0%;61 д;30.04.26;30.04.26;09.02.27;19.02.27;10 д;;;4;СМР;1756;4057;1755;;НД;Подписание Акта сдачи-приемки пусконаладочных работ (Форма 14а) , подписание документов с Ростехнадзором;;;5;
35f260ea-5751-11f0-a555-005056026d24;0%;153 д;30.09.26;30.09.26;12.01.27;18.03.27;66 д;;;2;СМР;1757;4058;;;НД;РАБОТЫ ВЫПОЛНЯЕМЫЕ ПО ОКОНЧАНИЮ СТРОИТЕЛЬНО-МОНТАЖНЫХ РАБОТ;55.11. Разрешение на ввод бъекта в эксплуатацию;;2;
;0%;62 д;30.08.26;30.08.26;10.02.27;10.02.27;0 д;;без отдел. Финишных работ;3;СМР;1758;4059;1782;"1761НН-30 д;1762НН-30 д;1759ОН-30 д;1760НН;1763";НД;Строительная готовность объекта для ЗОС;;;5;
;0%;62 д;30.08.26;30.08.26;12.01.27;14.03.27;62 д;;;3;СМР;1759;4060;1758ОН-30 д;;НД;Лабораторные исследование (тепловизия, энергетический паспорт, радон, воздух, земля, кратность воздухообмена и т.д.) 4 строения;;;5;
;0%;62 д;30.08.26;30.08.26;11.02.27;12.03.27;30 д;;;3;СМР;1760;4061;1758НН;;НД;Проверка ИТД (договор ИВ);;;5;
;0%;92 д;30.08.26;30.08.26;12.01.27;12.03.27;60 д;;;3;СМР;1761;4062;1758НН-30 д;;НД;Подготовка технического плана ;;;5;
;0%;92 д;30.08.26;30.08.26;12.01.27;12.03.27;60 д;;;3;СМР;1762;4063;1758НН-30 д;;НД;Подготовка технического плана на вспомогательные здания (при необходимости);;;5;
;0%;62 д;30.08.26;30.08.26;11.02.27;25.02.27;15 д;;;3;СМР;1763;4064;"1712;1722;1728;1753;1758";1764;НД;Проведение итоговой проверки ГАСН;;;5;
;0%;30 д;30.08.26;30.08.26;26.02.27;02.03.27;5 д;;;3;СМР;1764;4065;1763;1765;НД;Получение акта итоговой проверки ГАСН;;;5;
;0%;30 д;30.08.26;30.08.26;03.03.27;07.03.27;5 д;;;3;СМР;1765;4066;1764;"1799;1766;1767";НД;Получение Заключения о соответствии построенного объекта капитального строительства требованиям технических регламентов и проектной документации (ЗОС);;;5;
;0%;61 д;30.09.26;30.09.26;08.03.27;12.03.27;5 д;;;3;СМР;1766;4067;1765;;НД;Присвоение адреса объектам недвижимости (Строение 4 шт, КПП 1шт);;;5;
;0%;31 д;30.09.26;30.09.26;08.03.27;12.03.27;5 д;;;3;СМР;1767;4068;1765;1768;НД;Оплата государственной пошлины;;;5;
35f260ea-5751-11f0-a555-005056026d24;0%;30 д;30.09.26;30.09.26;13.03.27;18.03.27;6 д;;;3;СМР;1768;4069;1767;"1681;1682ОН+30 д;1800";НД;РАЗРЕШЕНИЕ НА ВВОД ОБЪЕКТА В ЭКСПЛУАТАЦИЮ;55.11. Разрешение на ввод бъекта в эксплуатацию;;5;
;0%;1277 д;31.09.26;31.09.26;15.07.26;10.02.27;210 д;;;2;СМР;1769;4001;;;НД;ВЕХИ СМР;;;2;
;0%;0 д;31.07.26;31.07.26;10.02.27;10.02.27;0 д;;;3;;1770;2298;"853;854;855;856;857;858;859;862;871;864;865;866;867;868;873;881;882;883;884;887;888;890;899;902;904;905;906;911;912;913;914;916;917;919;920;921;936;927;928;929;930;931;932;933;934;923;924;925;908;898;876;878;892;893;894;895;896;872;870;861;847;849;851;...";1782;НД;Завершение СМР по блоку А до ЗОС;;;5;
;0%;0 д;31.07.26;31.07.26;22.01.27;22.01.27;0 д;;;3;;1771;3965;"941;942;944;946;948;950;951;952;953;954;956;957;959;960;961;962;963;965;966;967;970;972;975;976;977;978;981;982;984;986;987;990;992;995;996;997;998;1000;1001;1003;1004;1005;1007;1008;1010;1011;1012;1013;1014;1015;1016;1017;1019;1020;1520;1521;1523;1525...";1782;НД;Завершение СМР по блоку Асц до ЗОС;;;5;
;0%;0 д;31.07.26;31.07.26;22.01.27;22.01.27;0 д;;;3;;1772;2297;1102;1782;НД;Завершение СМР по блоку B до ЗОС;;;5;
;0%;0 д;31.07.26;31.07.26;22.01.27;22.01.27;0 д;;;3;;1773;2296;"1122;1123;1125;1127;1129;1131;1133;1134;1135;1136;1137;1138;1139;1141;1142;1144;1145;1146;1147;1148;1150;1151;1152;1153;1156;1158;1161;1162;1163;1164;1167;1168;1170;1172;1173;1174;1175;1176;1178;1179;1182;1184;1185;1186;1188;1191;1192;1193;1194;1196;11...";1782;НД;Завершение СМР по блоку C до ЗОС;;;5;
;0%;0 д;31.07.26;31.07.26;21.01.27;21.01.27;0 д;;;3;;1774;2295;"1230;1232;1234;1236;1238;1240;1242;1243;1245;1246;1247;1248;1251;1253;1254;1257;1259;1262;1265;1271;1273;1276;1277;1279;1281;1282;1283;1284;1285;1287;1288;1293;1294;1295;1297;1300;1301;1302;1221;1222;1224;1226;1228;1233;1235;1237;1239;1249;1252;1263;12...";1782;НД;Завершение СМР по блоку D до ЗОС;;;5;
;0%;0 д;31.07.26;31.07.26;29.01.27;29.01.27;0 д;;;3;;1775;2294;"1322;1323;1325;1327;1329;1331;1333;1334;1335;1336;1337;1338;1339;1341;1342;1344;1345;1346;1347;1348;1350;1351;1352;1353;1356;1358;1361;1362;1363;1364;1367;1368;1370;1372;1373;1374;1375;1376;1378;1379;1382;1384;1385;1386;1388;1391;1392;1393;1394;1396;13...";1782;НД;Завершение СМР по блоку E до ЗОС;;;5;
;0%;0 д;31.07.26;31.07.26;20.01.27;20.01.27;0 д;;;3;;1776;2293;"1421;1422;1423;1425;1427;1429;1431;1433;1434;1435;1436;1437;1438;1439;1441;1442;1444;1445;1446;1447;1448;1450;1451;1452;1453;1456;1458;1461;1462;1463;1464;1467;1468;1470;1472;1473;1474;1475;1476;1478;1479;1482;1484;1485;1486;1488;1491;1492;1493;1494;14...";1782;НД;Завершение СМР по блоку F до ЗОС;;;5;
;0%;0 д;31.07.26;31.07.26;22.01.27;22.01.27;0 д;;;3;;1777;3015;"1520;1521;1523;1525;1527;1529;1531;1532;1533;1534;1535;1536;1537;1538;1539;1541;1542;1544;1545;1546;1547;1548;1550;1551;1552;1553;1556;1558;1561;1562;1563;1564;1567;1568;1570;1572;1576;1577;1578;1580;1582;1585;1586;1587;1588;1590;1591;1593;1594;1595;15...";1782;НД;Завершение СМР по блоку G до ЗОС;;;5;
;0%;0 д;31.07.26;31.07.26;16.11.26;16.11.26;0 д;;;3;;1778;2292;"1616;1618;1619;1620;1622;1623;1625;1626;1627;1628;1629;1631;1632;1635;1637;1640;1641;1642;1646;1647;1649;1651;1652;1654;1657;1658;1659;1660;1662;1663;1665;1666;1668;1669;1671;1672;1673;1674;1675;1677;1678";1782;НД;Завершение СМР по блоку КПП 1,2 до ЗОС;;;5;
;0%;0 д;31.07.26;31.07.26;22.12.26;22.12.26;0 д;;;3;;1779;4004;"770;771;772;773;774;775;776;777;779;780;781";"1722;1709;1707;1708;1714;1715;1716;1718ОН-15 д;1719";01.06.26;Завершение работ по НВК и оборудование;;;5;
;0%;0 д;31.07.26;31.07.26;08.09.26;08.09.26;0 д;;;3;;1780;4002;"784;785;786;787;788;789;790;791;792;793;794;795;796;797;798;799;800;801;802;803;804;805;806;807;808;809;811;812;813;814";"1724;1709;1707;1708;1714;1715;1716;1718ОН-15 д;1719";01.06.26;Завершение работ по эл.сетям + оборудование;;;5;
;0%;0 д;31.07.26;31.07.26;08.09.26;08.09.26;0 д;;;3;;1781;4003;"2;818;819;820;821;822;823;824;825";"1709;1707;1708;1714;1715;1716;1718ОН-15 д;1719;1733;1742;1745;1744;1740;1739;1738;1735ОН-30 д;1736;1737";01.06.26;Завершение работ по газовым сетям + оборудование;;;5;
;0%;1 д;31.07.26;31.07.26;10.02.27;10.02.27;0 д;;;3;СМР;1782;4005;"1770;1771;1772;1773;1774;1775;1776;1777;1778";"1758;1798;1709;1707;1708;1714;1715;1716;1718ОН-15 д;1719";01.06.26;Завершение СМР по блокам;;;5;
;0%;0 д;31.07.26;31.07.26;15.07.26;15.07.26;0 д;;;3;;1783;4006;"938;1119;1319;1218;1418;1612";"1798;1709;1707;1708;1714;1715;1716;1718ОН-15 д;1719";01.06.26;Завершение СМР по техническим помещениям;;;5;
;0%;0 д;31.09.26;31.09.26;04.02.27;04.02.27;0 д;;;3;;1784;4007;"923;924;1104;1105;1304;1305;1007;1668;1203;1204;1403;1404;1503;1504;1597;1598";"1714;1715;1716;1719";01.12.26;Завершение работ по отделке;;;5;
;0%;819 д;30.11.26;30.11.26;24.03.24;16.04.27;1119 д;;;2;Ковенанты;1785;4070;;;НД;КОВЕНАНТЫ;;;2;
;0%;0 д;30.06.24;30.06.24;31.01.25;31.01.25;0 д;;;3;;1786;962;71;;НД;ГПЗУ ;;;5;
;0%;0 д;31.03.25;31.03.25;28.02.25;28.02.25;0 д;;;3;;1787;963;"181;182;183;184;185;186;187;188;189;190;191;192;193;194;195;196;197;198;199";;НД;Стадия П;;;5;
;0%;0 д;30.06.26;30.06.26;30.06.26;30.06.26;0 д;;;3;;1788;964;"201;202;203;204;205;206;207;208;209;210;211;212;213;214;215;216;217;218;219";;НД;Корректировка стадии П;;;5;
;0%;0 д;30.04.25;30.04.25;30.04.25;30.04.25;0 д;;;3;;1789;965;"159;160;161;162;163;164;165;555;556;557;558;559;560";;НД;стадия РД;;;5;
;0%;0 д;30.04.25;30.04.25;28.02.25;28.02.25;0 д;;;3;;1790;966;;;28.02.25;СЗЗ;;;5;
;0%;0 д;30.05.25;30.05.25;31.05.25;31.05.25;0 д;;;3;;1791;967;231;;НД;Экспертиза;;;5;
;0%;0 д;30.04.26;30.04.26;01.12.24;01.12.24;0 д;;;3;;1792;968;237ОН-31 д;;НД;Корректировка экспертизы;;;5;
;0%;0 д;28.02.25;28.02.25;31.05.25;31.05.25;0 д;;;3;;1793;969;232;;НД;Разрешение РС;;;5;
;0%;0 д;01.08.24;01.08.24;01.12.24;01.12.24;0 д;;;3;;1794;970;55;;НД;КОД, ОТКР. ФИНАНС. (начало финансирования);;;5;
;0%;0 д;30.06.26;30.06.26;31.12.24;31.12.24;0 д;;;3;;1795;974;237;;НД;Корректировка РС;;;5;
;0%;0 д;30.04.26;30.04.26;27.11.26;27.11.26;0 д;;;3;Ковенанты;1796;4072;1730;;НД;Пуск электричества;;;5;
;0%;0 д;30.04.26;30.04.26;01.12.26;01.12.26;0 д;;;3;Ковенанты;1797;4073;1752;;НД;Пуск газа;;;5;
;0%;0 д;31.07.26;31.07.26;10.02.27;10.02.27;0 д;Недостаточно трудоресурсов;;3;Ковенанты;1798;4071;"1782;1783";;НД;Завершение СМР;;;5;
;0%;0 д;30.08.26;30.08.26;07.03.27;07.03.27;0 д;;;3;Ковенанты;1799;4074;1765;;НД;ЗОС;;;5;
;0%;0 д;30.09.26;30.09.26;18.03.27;18.03.27;0 д;;;3;Ковенанты;1800;4075;1768;;НД;РВ;;;5;
;0%;0 д;30.10.26;30.10.26;02.04.27;02.04.27;0 д;;;3;Ковенанты;1801;4076;1681;;НД;Право 1;;;5;
;100%;0 д;24.03.24;24.03.24;24.03.24;24.03.24;0 д;;;3;Ковенанты;1802;4077;1681;;НД;ВЫКУП ЗУ;;;5;
;0%;0 д;30.11.26;30.11.26;16.04.27;16.04.27;0 д;;;3;Ковенанты;1803;4078;"1696;1705";;НД;Право 2 ;;;5;
