ЛОТ_ID;Процент_завершения;Базовая_длительность;Базовое_начало;Базовое_окончание;Начало;Окончание;Длительность;Причины_отклонений;Заметки;Уровень_структуры;БЛОК;Ид;Уникальный_идентификатор;Предшественники;Последователи;Дата_ограничения;Название;ЛОТ;ID_проекта;Уровень;Шифр_ПД_и_РД
;10%;1218 д?;01.10.24;31.01.28;01.10.24;31.01.28;1218 д;;;0;;0;0;;;НД;Дмитровский 1;;0feb8a44-a0f4-11ef-af7f-0050560209d5;1;
;0%;244 д;01.10.24;01.06.25;01.10.24;01.06.25;244 д;;;1;Продукт;1;2037;;;НД;ПРОДУКТ;;;2;
;0%;183 д;01.10.24;01.04.25;01.10.24;01.04.25;183 д;;;2;Продукт;2;2038;;;НД;Этап ГОТОВЫЙ ПРОДУКТ;;;4;
;0%;183 д;01.10.24;01.04.25;01.10.24;01.04.25;183 д;;;3;Продукт;3;2039;;4НН;НД;Предварительные планировочные решения ,;;;5;
;0%;30 д;01.10.24;30.10.24;01.10.24;30.10.24;30 д;;;3;Продукт;4;2040;3НН;5НН;НД;Предварительный расчёт нагрузок;;;5;
;0%;62 д;01.10.24;01.12.24;01.10.24;01.12.24;62 д;;;3;Продукт;5;2041;4НН;"6НН+31 д;24;18;19;20;21";НД;Due diligence. Юридический анализ правового статуса земельного участка (при необходимости);;;5;
;0%;60 д;01.11.24;30.12.24;01.11.24;30.12.24;60 д;;;3;Продукт;6;2042;5НН+31 д;7;НД;Эскизный проект , корректировка эскизного проекта;;;5;
;0%;31 д;31.12.24;30.01.25;31.12.24;30.01.25;31 д;;;3;Продукт;7;2043;6;8НН;НД;Структура безопасности объекта и техническое задание на проектирование;;;5;
;0%;61 д;31.12.24;01.03.25;31.12.24;01.03.25;61 д;;;3;Продукт;8;2044;7НН;9НН+31 д;НД;Эскизный проект ( ГП, АР) + таблица КО;;;5;
;0%;30 д;31.01.25;01.03.25;31.01.25;01.03.25;30 д;;;3;Продукт;9;2045;8НН+31 д;10НН;НД;Предварительный расчёт нагрузок (уточнённый);;;5;
;0%;30 д;31.01.25;01.03.25;31.01.25;01.03.25;30 д;;;3;Продукт;10;2046;9НН;11НН;НД;Входной контроль ЭП и передача в работу на УСР;;;5;
;0%;30 д;31.01.25;01.03.25;31.01.25;01.03.25;30 д;;;3;Продукт;11;2047;10НН;12НН;НД;Приказ о наименовании объекта;;;5;
;0%;61 д;31.01.25;01.04.25;31.01.25;01.04.25;61 д;;;3;Продукт;12;2048;11НН;"13НН+30 д;16НН";НД;Технические задания на строения , Техническое задание на общую инфраструктуру;;;5;
;0%;31 д;02.03.25;01.04.25;02.03.25;01.04.25;31 д;;;3;Продукт;13;2049;12НН+30 д;14НН;НД;Укрупнённый сметный расчёт;;;5;
;0%;31 д;02.03.25;01.04.25;02.03.25;01.04.25;31 д;;;3;Продукт;14;2050;13НН;;НД;График прямых затрат (СМР, ИРД);;;5;
;0%;31 д;01.03.25;31.03.25;01.10.24;31.10.24;31 д;;;3;Продукт;15;2051;;;НД;Перерасчет графика прямых затрат за 2 месяца до получения Р/С;;;5;
;0%;30 д;31.01.25;01.03.25;31.01.25;01.03.25;30 д;;;3;Продукт;16;2052;12НН;17НН;НД;Технические описания на помещения (Боксы);;;5;
;0%;30 д;31.01.25;01.03.25;31.01.25;01.03.25;30 д;;;3;Продукт;17;2053;16НН;;НД;Согласование ГП с УК;;;5;
;0%;31 д;02.12.24;01.01.25;02.12.24;01.01.25;31 д;;;3;Продукт;18;2054;5;;НД;План продаж;;;5;
;0%;31 д;02.12.24;01.01.25;02.12.24;01.01.25;31 д;;;3;Продукт;19;2055;5;;НД;Операционные затраты/расходы (OPEX);;;5;
;0%;31 д;02.12.24;01.01.25;02.12.24;01.01.25;31 д;;;3;Продукт;20;2056;5;;НД;Маркетинговый план;;;5;
;0%;60 д;02.12.24;30.01.25;02.12.24;30.01.25;60 д;;;3;Продукт;21;2057;5;"22ОН+30 д;23ОН+30 д;25ОН+30 д;26ОН+30 д;27ОН+30 д";НД;Рендеры;;;5;
;0%;31 д;02.03.25;01.04.25;02.03.25;01.04.25;31 д;;;3;Продукт;22;2058;21ОН+30 д;;НД;Балансовое разграничение внутриплощадочных инженерных сетей;;;5;
;0%;31 д;02.03.25;01.04.25;02.03.25;01.04.25;31 д;;;3;Продукт;23;2059;21ОН+30 д;;НД;Таблица-тарифы, налоги;;;5;
;0%;60 д;02.12.24;30.01.25;02.12.24;30.01.25;60 д;;;3;Продукт;24;2060;5;;НД;Ресурсные карты на персонал;;;5;
;0%;31 д;02.03.25;01.04.25;02.03.25;01.04.25;31 д;;;3;Продукт;25;2061;21ОН+30 д;;НД;Лист согласования;;;5;
;0%;31 д;02.03.25;01.04.25;02.03.25;01.04.25;31 д;;;3;Продукт;26;2062;21ОН+30 д;;НД;Распоряжение;;;5;
;0%;31 д;02.03.25;01.04.25;02.03.25;01.04.25;31 д;;;3;Продукт;27;2063;21ОН+30 д;"29;30;31;32";НД;Рассмотрение и утверждение на инвестиционном комитете;;;5;
;0%;61 д;02.04.25;01.06.25;02.04.25;01.06.25;61 д;;;2;Продукт;28;2064;;;НД;Этап ИНВЕСТИЦИОННАЯ ФАЗА;;;4;
;0%;30 д;02.04.25;01.05.25;02.04.25;01.05.25;30 д;;;3;Продукт;29;2065;27;;НД;Подготовка сквозного бюджета;;;5;
;0%;30 д;02.04.25;01.05.25;02.04.25;01.05.25;30 д;;;3;Продукт;30;2066;27;;НД;Финансовая модель для банка;;;5;
;0%;30 д;02.04.25;01.05.25;02.04.25;01.05.25;30 д;;;3;Продукт;31;2067;27;"38;39";НД;Согласование финансовой модели на инвестиционном комитете;;;5;
;0%;30 д;02.04.25;01.05.25;02.04.25;01.05.25;30 д;;;3;Продукт;32;2068;27;"33;34;35";НД;"Презентация и обоснование схемы проекта ""Пирог"".";;;5;
;0%;31 д;02.05.25;01.06.25;02.05.25;01.06.25;31 д;;;3;Продукт;33;2069;32;;НД;Утверждение юридической схемы;;;5;
;0%;31 д;02.05.25;01.06.25;02.05.25;01.06.25;31 д;;;3;Продукт;34;2070;32;;НД;Реестр и бюджет инвестиций;;;5;
;0%;31 д;02.05.25;01.06.25;02.05.25;01.06.25;31 д;;;3;Продукт;35;2071;32;;НД;Распоряжение Руководителя Холдинга об утверждении готового продукта, фин.модели, выдача в производство работ;;;5;
;0%;305 д;01.10.24;01.08.25;01.10.24;01.08.25;305 д;;;1;Финансы;36;2072;;;НД;ФИНАНСЫ;;;2;
;0%;61 д;02.05.25;01.07.25;01.10.24;01.06.25;244 д;;;2;Финансы;37;2073;;;НД;Этап БЮДЖЕТ ПРОЕКТА;;;4;
;0%;31 д;02.05.25;01.06.25;02.05.25;01.06.25;31 д;;;3;Финансы;38;2074;31;46;НД;Формирование бюджета прямых затрат (ИРД, ПРОЕКТ, ЗЕМЛЯ, в т.ч. формирование графика выборки и графика закрытия), предварительный смр;;;5;
;0%;31 д;02.05.25;01.06.25;02.05.25;01.06.25;31 д;;;3;Финансы;39;2075;31;46;НД;Утверждение бюджета на инвесткомитете ИРД;;;5;
;0%;29 д;03.05.25;31.05.25;01.10.24;29.10.24;29 д;;;3;Финансы;40;2076;;;НД;Пересчет бюджета;;;5;
;0%;29 д;03.05.25;31.05.25;01.10.24;29.10.24;29 д;;;3;Финансы;41;2077;;;НД;Формирование бюджета СМР, ВВОД ( накладных расходов по проекту);;;5;
;0%;29 д;03.05.25;31.05.25;01.10.24;29.10.24;29 д;;;3;Финансы;42;2078;;;НД;Бюджет по ГУ, Бюджет резервного фонда;;;5;
;0%;29 д;03.05.25;31.05.25;01.10.24;29.10.24;29 д;;;3;Финансы;43;2079;;;НД;Бюджет УК (прогноз),Бюджет активов (прогноз);;;5;
;0%;60 д;03.05.25;01.07.25;01.10.24;29.11.24;60 д;;;3;Финансы;44;2080;;;НД;Утверждение бюджета на инвесткомитете СМР;;;5;
3272df30-5751-11f0-a555-005056026d24;0%;305 д;01.10.24;01.08.25;01.10.24;01.08.25;305 д;;;2;Финансы;45;2081;;;НД;РАБОТА С БАНКОМ;55.8. Работа с банком;;4;
;0%;1 д;02.06.25;02.06.25;02.06.25;02.06.25;1 д;;;3;Финансы;46;2082;"38;39";;НД;Запрос в банках пакета документов и взаимодействие с банками по кредитованию;;;5;
;0%;1 д;01.10.24;01.10.24;01.10.24;01.10.24;1 д;;;3;Финансы;47;2083;;;НД;Оформление страховки;;;5;
;0%;1 д;01.10.24;01.10.24;01.10.24;01.10.24;1 д;;;3;Финансы;48;2084;;;НД;Подача заявки на кредитование;;;5;
;0%;1 д;01.10.24;01.10.24;01.10.24;01.10.24;1 д;;;3;Финансы;49;2085;;;НД;Предоставление информации в банк (анкеты, справки, выписки, расшифровки, фин,модель и т.д.);;;5;
;0%;1 д;01.10.24;01.10.24;01.10.24;01.10.24;1 д;;;3;Финансы;50;2086;;;НД;Заключение служб банка;;;5;
;0%;1 д;01.10.24;01.10.24;01.10.24;01.10.24;1 д;;;3;Финансы;51;2087;;;НД;Проведение КК;;;5;
;0%;1 д;01.10.24;01.10.24;01.10.24;01.10.24;1 д;;;3;Финансы;52;2088;;;НД;Выписка из Решения;;;5;
;0%;1 д;01.10.24;01.10.24;01.10.24;01.10.24;1 д;;;3;Финансы;53;2089;;;НД;Подписание КОД и ДЗ;;;5;
;0%;1 д;01.08.25;01.08.25;01.08.25;01.08.25;1 д;;;3;Финансы;54;2090;;;01.08.25;Получение денежных средств по кредитной линии;;;5;
;0%;1 д;01.10.24;01.10.24;01.10.24;01.10.24;1 д;;;3;Финансы;55;2091;;;НД;Оформление залогов;;;5;
;0%;1 д;01.10.24;01.10.24;01.10.24;01.10.24;1 д;;;3;Финансы;56;2092;;;НД;Выполнение отлагательных условий для доступа к выборке;;;5;
;0%;1 д;01.10.24;01.10.24;01.10.24;01.10.24;1 д;;;3;Финансы;57;2093;;;НД;Выборка ковенант из КОД и презентация службам Холдинга;;;5;
;0%;1218 д;01.10.24;31.01.28;01.10.24;31.01.28;1218 д;;;1;ИРД;58;2094;;;НД;ИРД;;;2;
34e8a866-5751-11f0-a555-005056026d24;0%;1 д;01.10.24;01.10.24;01.10.24;01.10.24;1 д;;;2;ИРД;59;2095;;;НД;ПОДГОТОВИТЕЛЬНЫЕ РАБОТЫ ИРД;55.10. Подготовительные работы ИРД;;4;
295be680-5751-11f0-a555-005056026d24;0%;1218 д;01.10.24;31.01.28;01.10.24;31.01.28;1218 д;;;2;ИРД;60;2096;;;НД;ЗЕМЛЯ;55.1. Земля;;4;
;0%;59 д;01.01.25;28.02.25;01.01.25;28.02.25;59 д;;;3;ИРД;61;2097;70;62ОН-29 д;НД;Подписание соглашения о сотрудничестве;;;5;
;0%;29 д;31.01.25;28.02.25;31.01.25;28.02.25;29 д;;;3;ИРД;62;2098;61ОН-29 д;;НД;Подписание инвестиционного соглашения;;;5;
;0%;151 д;01.10.24;28.02.25;01.10.24;28.02.25;151 д;;;3;ИРД;63;2099;;"64ОН-30 д;65ОН-30 д;66ОН-30 д";НД;Постановка на кадастровый учет з/у;;;5;
;0%;30 д;30.01.25;28.02.25;30.01.25;28.02.25;30 д;;;3;ИРД;64;2100;63ОН-30 д;;НД;Подписание договора субаренды ЗУ с получением согласия собственника ЗУ;;;5;
;0%;30 д;30.01.25;28.02.25;30.01.25;28.02.25;30 д;;;3;ИРД;65;2101;63ОН-30 д;;НД;Передача земельного участка;;;5;
;0%;30 д;30.01.25;28.02.25;30.01.25;28.02.25;30 д;;;3;ИРД;66;2102;63ОН-30 д;"70НН-60 д;67";НД;Регистрация договора субаренды;;;5;
;0%;1036 д;01.03.25;31.12.27;01.03.25;31.12.27;1036 д;;;3;ИРД;67;2103;66;68;НД;Оплата арендных платежей;;;5;
;0%;31 д;01.01.28;31.01.28;01.01.28;31.01.28;31 д;;;3;ИРД;68;2104;67;;НД;Выкуп земельного участка с получением согласия собственника ЗУ;;;5;
;0%;31 д;01.12.24;31.12.24;01.12.24;31.12.24;31 д;;;2;ИРД;69;2105;;;НД;ЭТАП. ПОЛУЧЕНИЕ ГПЗУ;;;4;
;0%;31 д;01.12.24;31.12.24;01.12.24;31.12.24;31 д;;;3;ИРД;70;2106;66НН-60 д;"61;125;129;130;131;132;137;142ОН-31 д";НД;Получение ГПЗУ;;;5;
295be6ef-5751-11f0-a555-005056026d24;0%;1 д;01.10.24;01.10.24;01.10.24;01.10.24;1 д;;;2;ИРД;71;2107;;;НД;Этап . ТЕХНИЧЕСКИЕ УСЛОВИЯ ЛИМИТЫ ;55.4. Технические условия, лимиты;;4;
;0%;1 д;01.10.24;01.10.24;01.10.24;01.10.24;1 д;;;3;ИРД;72;2108;;;НД;Расчет нагрузок на каждую сеть;;;5;
;0%;1 д;01.10.24;01.10.24;01.10.24;01.10.24;1 д;;;3;ИРД;73;2109;;;НД;Опросный лист ( температурный режим, распределение по точкам, давление системы);;;5;
;0%;1 д;01.10.24;01.10.24;01.10.24;01.10.24;1 д;;;3;ИРД;74;2110;;;НД;Стоимость лимита по электроэнергии _________кВт , газа___м3, хвс м3/сут, хоз.быт ___ м3/сут;;;5;
;0%;1 д;01.10.24;01.10.24;01.10.24;01.10.24;1 д;;;3;ИРД;75;2111;;;НД;Электроснабжение:;;;4;
;0%;1 д;01.10.24;01.10.24;01.10.24;01.10.24;1 д;;;4;ИРД;76;2112;;;НД;Получение технических условий на технологическое присоединение____ кВт, НА ПЕРИОД СТРОИТЕЛЬСТВА ____кВт;;;5;
;0%;1 д;01.10.24;01.10.24;01.10.24;01.10.24;1 д;;;4;ИРД;77;2113;;;НД;Покупка лимитов на технологическое присоединение ______ кВт (включено в инвест.соглашение);;;5;
;0%;1 д;01.10.24;01.10.24;01.10.24;01.10.24;1 д;;;4;ИРД;78;2114;;;НД;Покупка лимитов на технологическое присоединение;;;5;
;0%;1 д;01.10.24;01.10.24;01.10.24;01.10.24;1 д;;;3;ИРД;79;2115;;;НД;Газоснабжение:;;;4;
;0%;1 д;01.10.24;01.10.24;01.10.24;01.10.24;1 д;;;4;ИРД;80;2116;;;НД;Получение технических условий на технологическое присоединение __ м3/час;;;5;
;0%;1 д;01.10.24;01.10.24;01.10.24;01.10.24;1 д;;;4;ИРД;81;2117;;;НД;Покупка дополнительных лимитов на технологическое присоединение;;;5;
;0%;1 д;01.10.24;01.10.24;01.10.24;01.10.24;1 д;;;3;ИРД;82;2118;;;НД;Водоснабжение:;;;4;
;0%;1 д;01.10.24;01.10.24;01.10.24;01.10.24;1 д;;;4;ИРД;83;2119;;;НД;Получение технических условий на технологическое присоединение ___ м3/сутки, НА ПЕРИОД СТРОИТЕЛЬСТВА ____ м3/сут;;;5;
;0%;1 д;01.10.24;01.10.24;01.10.24;01.10.24;1 д;;;4;ИРД;84;2120;;;НД;Покупка лимитов на технологическое присоединение;;;5;
;0%;1 д;01.10.24;01.10.24;01.10.24;01.10.24;1 д;;;3;ИРД;85;2121;;;НД;Водоотведение ливневых стоков;;;4;
;0%;1 д;01.10.24;01.10.24;01.10.24;01.10.24;1 д;;;4;ИРД;86;2122;;;НД;Получение технических условий на технологическое присоединение;;;5;
;0%;1 д;01.10.24;01.10.24;01.10.24;01.10.24;1 д;;;4;ИРД;87;2123;;;НД;Покупка лимитов на технологическое присоединение;;;5;
;0%;1 д;01.10.24;01.10.24;01.10.24;01.10.24;1 д;;;3;ИРД;88;2124;;;НД;Водоотведение хоз.-бытовых стоков;;;4;
;0%;1 д;01.10.24;01.10.24;01.10.24;01.10.24;1 д;;;4;ИРД;89;2125;;;НД;Получение технических условий на технологическое присоединение ____ м3/сутки, НА ПЕРИОД СТРОИТЕЛЬСТВА ___ м3/сут;;;5;
;0%;1 д;01.10.24;01.10.24;01.10.24;01.10.24;1 д;;;4;ИРД;90;2126;;;НД;Покупка лимитов на технологическое присоединение;;;5;
;0%;1 д;01.10.24;01.10.24;01.10.24;01.10.24;1 д;;;3;ИРД;91;2127;;;НД;Сети передачи данных и телефонизация:;;;4;
;0%;1 д;01.10.24;01.10.24;01.10.24;01.10.24;1 д;;;4;ИРД;92;2128;;;НД;"Технические условия на присоединение к сетям передачи данных АО ""Мастертел"" и телефонизацию объекта нового строительства";;;5;
;0%;1 д;01.10.24;01.10.24;01.10.24;01.10.24;1 д;;;3;ИРД;93;2129;;;НД;Примыкания к УДС:;;;4;
;0%;1 д;01.10.24;01.10.24;01.10.24;01.10.24;1 д;;;4;ИРД;94;2130;;;НД;ТЕХНИЧЕСКИЕ УСЛОВИЯ АО КРМО на присоединение объекта к автомобильной дороге МЕСТНОГО значения;;;5;
;0%;1 д;01.10.24;01.10.24;01.10.24;01.10.24;1 д;;;4;ИРД;95;2131;;;НД;СОГЛАСИЕ, СОДЕРЖАЩЕЕ ТЕХНИЧЕСКИЕ ТРЕБОВАНИЯ И УСЛОВИЯ ГБУ МО «Мосавтодор» на присоединение объекта к автомобильной дороге ___________;;;5;
;0%;1 д;01.10.24;01.10.24;01.10.24;01.10.24;1 д;;;4;ИРД;96;2132;;;НД;СОГЛАСИЕ, СОДЕРЖАЩЕЕ ТЕХНИЧЕСКИЕ ТРЕБОВАНИЯ И УСЛОВИЯ ГБУ МО «Мосавтодор» на строительство (размещение) производственно-складского комплекса у автомобильной дороги __________;;;5;
;0%;1 д;01.10.24;01.10.24;01.10.24;01.10.24;1 д;;;4;ИРД;97;2133;;;НД;СОГЛАСИЕ, СОДЕРЖАЩЕЕ ТЕХНИЧЕСКИЕ ТРЕБОВАНИЯ И УСЛОВИЯ ГБУ МО «Мосавтодор» - Согласование устройства инженерных коммуникаций (водоснабжение, сети связи, электроснабжение);;;5;
295be714-5751-11f0-a555-005056026d24;0%;1 д;01.10.24;01.10.24;01.10.24;01.10.24;1 д;;;2;ИРД;98;2134;;;НД;ИНЖЕНЕРНЫЕ ИЗЫСКАНИЯ;55.5. Инженерные изыскания;;4;
;0%;1 д;01.10.24;01.10.24;01.10.24;01.10.24;1 д;;;3;ИРД;99;2135;;;НД;Подеревныцй план, перечетная ведомость ( при необходиомтси);;;5;
;0%;1 д;01.10.24;01.10.24;01.10.24;01.10.24;1 д;;;3;ИРД;100;2136;;;НД;Получение разрешения на вырубку зеленых насаждений (при необходимости);;;5;
;0%;1 д;01.10.24;01.10.24;01.10.24;01.10.24;1 д;;;3;ИРД;101;2137;;;НД;Вырубка и утилизация насаждений (при необходимости);;;5;
;0%;1 д;01.10.24;01.10.24;01.10.24;01.10.24;1 д;;;3;ИРД;102;2138;;;НД;Компенсационый платеж;;;5;
;0%;1 д;01.10.24;01.10.24;01.10.24;01.10.24;1 д;;;3;ИРД;103;2139;;;НД;Разработка и Утверждение Технического задания инженерно-геодезические изыскания;;;5;
;0%;1 д;01.10.24;01.10.24;01.10.24;01.10.24;1 д;;;3;ИРД;104;2140;;;НД;Инженерно-геодезические изыскания;;;5;
;0%;1 д;01.10.24;01.10.24;01.10.24;01.10.24;1 д;;;3;ИРД;105;2141;;;НД;Согласование топографической съёмки: МОЭСК, Мосавтодор, КМО, Мособлгаз;;;5;
;0%;1 д;01.10.24;01.10.24;01.10.24;01.10.24;1 д;;;3;ИРД;106;2142;;;НД;Разработка и Утверждение Технического задания инженерно-геологические изыскания;;;5;
;0%;1 д;01.10.24;01.10.24;01.10.24;01.10.24;1 д;;;3;ИРД;107;2143;;;НД;Предварительные инженерно-геологические изыскания;;;5;
;0%;1 д;01.10.24;01.10.24;01.10.24;01.10.24;1 д;;;3;ИРД;108;2144;;;НД;Инженерно-геологические изыскания;;;5;
;0%;1 д;01.10.24;01.10.24;01.10.24;01.10.24;1 д;;;3;ИРД;109;2145;;;НД;Разработка и Утверждение Технического задания инженерно-экологические изыскания;;;5;
;0%;1 д;01.10.24;01.10.24;01.10.24;01.10.24;1 д;;;3;ИРД;110;2146;;;НД;Инженерно-экологические изыскания;;;5;
;0%;1 д;01.10.24;01.10.24;01.10.24;01.10.24;1 д;;;3;ИРД;111;2147;;;НД;Разработка и Утверждение Технического задания гидрогеологические изыскания;;;5;
;0%;1 д;01.10.24;01.10.24;01.10.24;01.10.24;1 д;;;3;ИРД;112;2148;;;НД;Инженерно-гидрогеологические изыскания;;;5;
295be6a5-5751-11f0-a555-005056026d24;0%;1 д;01.10.24;01.10.24;01.10.24;01.10.24;1 д;;;2;ИРД;113;2149;;;НД;СПРАВКИ/ЗАКЛЮЧЕНИЯ;55.2. Справки, заключения;;4;
;0%;1 д;01.10.24;01.10.24;01.10.24;01.10.24;1 д;;;3;ИРД;114;2150;;;НД;Заключение об отсутствии полезных ископаемых;;;5;
;0%;1 д;01.10.24;01.10.24;01.10.24;01.10.24;1 д;;;3;ИРД;115;2151;;;НД;Мосводоканал письмо ЗСО;;;5;
;0%;1 д;01.10.24;01.10.24;01.10.24;01.10.24;1 д;;;3;ИРД;116;2152;;;НД;Справка о краткой климатической хар-ке;;;5;
;0%;1 д;01.10.24;01.10.24;01.10.24;01.10.24;1 д;;;3;ИРД;117;2153;;;НД;Справка о фоновых концентрациях загр.веществ;;;5;
;0%;1 д;01.10.24;01.10.24;01.10.24;01.10.24;1 д;;;3;ИРД;118;2154;;;НД;Справка об отсутствии сведений о местах обитания (произрастания) видов растений и животных, занесенных в Красную книгу Московской области;;;5;
;0%;1 д;01.10.24;01.10.24;01.10.24;01.10.24;1 д;;;3;ИРД;119;2155;;;НД;Справка об отсутствии в границах земельного участка особо охраняемых природных территорий регионального значения и их охранных зон в соответствии со Схемой развития и размещения особо охраняемых природных территорий в Московской области;;;5;
;0%;1 д;01.10.24;01.10.24;01.10.24;01.10.24;1 д;;;3;ИРД;120;2156;;;НД;Согласование размещения объекта в непосредственной близости от подземных  источников питьевого водоснабжения (Зона санитарной охраны источников водоснабжения и водопроводов питьевого назначения III пояс);;;5;
;0%;1 д;01.10.24;01.10.24;01.10.24;01.10.24;1 д;;;3;ИРД;121;2157;;;НД;Согласование размещения объекта на территории Государственного Лесного реестра ;;;5;
;0%;1 д;01.10.24;01.10.24;01.10.24;01.10.24;1 д;;;3;ИРД;122;2158;;;НД;Получение РАЗРЕШЕНИЯ на перемещение отходов строительства, сноса зданий и сооружений, в том числе грунтов;;;5;
295be6ca-5751-11f0-a555-005056026d24;0%;121 д;01.12.24;31.03.25;01.12.24;31.03.25;121 д;;;2;ИРД;123;2159;;;НД;СОГЛАСОВАНИЯ;55.3. Согласования;;4;
;0%;59 д;01.01.25;28.02.25;01.01.25;28.02.25;59 д;;;3;ИРД;124;2160;;;НД;Этап . АРХИТЕКТУРНО-ГРАДОСТРОИТЕЛЬНЫЙ ОБЛИК (АГО);;;4;
;0%;31 д;01.01.25;31.01.25;01.01.25;31.01.25;31 д;;;4;ИРД;125;2161;70;"126;127";НД;"Предоставление Раздел 2 ""Схема планировочной организации земельного участка"" ,Раздел 3 ""Архитектурные решения""";;;5;
;0%;28 д;01.02.25;28.02.25;01.02.25;28.02.25;28 д;;;4;ИРД;126;2162;125;;НД;Подготовка материалов для согласвания в Мособлархитектуре;;;5;
;0%;28 д;01.02.25;28.02.25;01.02.25;28.02.25;28 д;;;4;ИРД;127;2163;125;;НД;Получение свидетельства об утверждении АГО, либо Решение об отсутствии необходимости разработки АГО;;;5;
;0%;90 д;01.01.25;31.03.25;01.01.25;31.03.25;90 д;;;3;ИРД;128;2164;;;НД;Этап . АЭРОПОРТЫ;;;4;
;0%;31 д;01.01.25;31.01.25;01.01.25;31.01.25;31 д;;;4;ИРД;129;2165;70;;НД;Приаэродромная территория ;;;5;
;0%;59 д;01.01.25;28.02.25;01.01.25;28.02.25;59 д;;;4;ИРД;130;2166;70;;НД;Оценка влияния Объекта на работу радиотехических средств и навигации аэродрома;;;5;
;0%;31 д;01.01.25;31.01.25;01.01.25;31.01.25;31 д;;;4;ИРД;131;2167;70;;НД;Предоставление исходных данных: Высота объекта относительно уровня земли, Абсолютная / относительная отметка наивысшей точки объекта, Абсолютная высота поверхности земли в месте планируемого размещения объекта, координаты объекта в системе координат ПЗ-90;;;5;
;0%;31 д;01.01.25;31.01.25;01.01.25;31.01.25;31 д;;;4;ИРД;132;2168;70;"133;134;135";НД;Подготовка протоколов по оценке влияния источников неблагоприятного воздействия оборудования аэродромов и полетов воздушных судов Московского узлового диспетчерского района по фактору авиационный шум;;;5;
;0%;28 д;01.02.25;28.02.25;01.02.25;28.02.25;28 д;;;4;ИРД;133;2169;132;;НД;Экспертное заключение во ФБУЗ «Центр гигиены и эпидемиологии по Московской области»;;;5;
;0%;59 д;01.02.25;31.03.25;01.02.25;31.03.25;59 д;;;4;ИРД;134;2170;132;;НД;Санитарно-эпидемиологическое заключение ТУ Роспотребнадзора по Московской области;;;5;
;0%;59 д;01.02.25;31.03.25;01.02.25;31.03.25;59 д;;;4;ИРД;135;2171;132;;НД;Согласование с аэропортом МТУ ФАВТ;;;5;
;0%;59 д;01.01.25;28.02.25;01.01.25;28.02.25;59 д;;;3;ИРД;136;2172;;;НД;Этап . Заключение Главного управления культурного наследия Московской области;;;4;
;0%;31 д;01.01.25;31.01.25;01.01.25;31.01.25;31 д;;;4;ИРД;137;2173;70;"138;139;140";НД;Заключение Главного управления культурного наследия Московской области о необходимости/отсутствии необходимости проведении экспертизы;;;5;
;0%;28 д;01.02.25;28.02.25;01.02.25;28.02.25;28 д;;;4;ИРД;138;2174;137;;НД;Разведка, государственная историко-культурная экспертиза земельных участков;;;5;
;0%;28 д;01.02.25;28.02.25;01.02.25;28.02.25;28 д;;;4;ИРД;139;2175;137;;НД;Акт государственной историко-культурной экспертизы;;;5;
;0%;28 д;01.02.25;28.02.25;01.02.25;28.02.25;28 д;;;4;ИРД;140;2176;137;;НД;Заключение Главного управления культурного наследия Московской области;;;5;
;0%;90 д;01.12.24;28.02.25;01.12.24;28.02.25;90 д;;;3;ИРД;141;2177;;;НД;Этап .  САНИТАРНО-ЗАЩИТНАЯ ЗОНА;;;4;
;0%;31 д;01.12.24;31.12.24;01.12.24;31.12.24;31 д;;;4;ИРД;142;2178;70ОН-31 д;143;НД;"Предоставление Раздел 2 ""Схема планировочной организации земельного участка"" ,Раздел 3 ""Архитектурные решения ""Раздел 5 ""Сведения об инженерном оборудовании, о сетях инженерно-технического обеспечения, перечень инженерно-технических мероприятий, содержани";;;5;
;0%;59 д;01.01.25;28.02.25;01.01.25;28.02.25;59 д;;;4;ИРД;143;2179;142;"144ОО;145ОО;146ОО";НД;Разработка проекта санитарно-защитной зоны;;;5;
;0%;28 д;01.02.25;28.02.25;01.02.25;28.02.25;28 д;;;4;ИРД;144;2180;143ОО;;НД;Согласование Проекта санитарно-защитной зоны (СЗЗ) в ФБУЗ ЦГиЭ МО;;;5;
;0%;28 д;01.02.25;28.02.25;01.02.25;28.02.25;28 д;;;4;ИРД;145;2181;143ОО;;НД;Оплата согласования проекта СЗЗ (офиц. платеж);;;5;
;0%;28 д;01.02.25;28.02.25;01.02.25;28.02.25;28 д;;;4;ИРД;146;2182;143ОО;;НД;Согласование Проекта санитарно-защитной зоны (СЗЗ) в Управлении Роспотребнадзора МО;;;5;
2fbf3769-5751-11f0-a555-005056026d24;0%;942 д;01.10.24;30.04.27;01.10.24;28.12.26;819 д;;;1;ПД и РД;147;410;;;НД;ПРОЕКТНЫЕ РАБОТЫ;55.6. Проектные работы;;2;
;0%;92 д;01.03.25;31.05.25;30.12.24;31.03.25;92 д;;;2;ПД и РД;148;411;;;НД;Этап. ПРОЕКТНАЯ И РАБОЧАЯ ДОКУМЕНТАЦИЯ ПО ГАЗОСНАБЖЕНИЮ;;;4;
;0%;92 д;01.03.25;31.05.25;30.12.24;31.03.25;92 д;;;3;ПД и РД;149;412;170ОН-31 д;1274;НД;Проектная документация ГСН (внеплощадочная сеть) ТП ЧАСТЬ;;;5;ГСН ТП
;0%;92 д;01.03.25;31.05.25;30.12.24;31.03.25;92 д;;;3;ПД и РД;150;413;170ОН-31 д;1274;НД;Проектная документация ГСН (наружная сеть) КОММЕРЧЕСКАЯ ЧАСТЬ и УЗЕЛ УЧЕТА ГАЗА;;;5;ГСН КЧ УУГ
;0%;92 д;01.03.25;31.05.25;30.12.24;31.03.25;92 д;;;3;ПД и РД;151;414;170ОН-31 д;1274;НД;Согласование с ЦА Мособлгаз;;;5;
;0%;92 д;01.03.25;31.05.25;30.12.24;31.03.25;92 д;;;3;ПД и РД;152;415;170ОН-31 д;1274;НД;Согласование проекта МОЭСК, КРМО, Мосавтодор;;;5;
;0%;92 д;01.03.25;31.05.25;30.12.24;31.03.25;92 д;;;3;ПД и РД;153;416;170ОН-31 д;1274;НД;Получение ордера на производства работ;;;5;
;0%;92 д;01.03.25;31.05.25;30.12.24;31.03.25;92 д;;;3;ПД и РД;154;417;170ОН-31 д;1274;НД;"Разработка проектной и рабочей документации ГСВ (котельные), паспорта на 4 котельных, в том числе Раздел 5.6. ""Система газоснабжения"" (ИОС6)";;;5;ГСВ (котельная)
;0%;92 д;01.03.25;31.05.25;30.12.24;31.03.25;92 д;;;3;ПД и РД;155;418;170ОН-31 д;1274;НД;Согласование и экспертиза проекта с Мособлгаз;;;5;
;0%;700 д;01.10.24;31.08.26;01.10.24;31.08.26;700 д;;;2;ПД и РД;156;419;;;НД;Этап. ПРИМЫКАНИЕ К УЛИЧНО-ДОРОЖНОЙ СЕТИ ;;;4;
;0%;31 д;30.12.24;29.01.25;30.10.24;29.11.24;31 д;;;3;РД;157;420;183ОН-92 д;158;НД;Получение ТУ на примыкание;;;5;
;0%;30 д;30.01.25;28.02.25;30.11.24;29.12.24;30 д;;;3;РД;158;421;157;159;НД;Получение требований по защите коммуникаций от балансодержателей (МОЭСК, КРМО, СВЯЗЬ, наружное освещение);;;5;
;0%;62 д;01.03.25;01.05.25;30.12.24;01.03.25;62 д;;;3;РД;159;422;158;"160ОО;161ОО;163ОН-31 д";НД;Проект примыкания к улично-дорожной сети на период строительства и эксплуатации;;;5;
;0%;31 д;01.04.25;01.05.25;30.01.25;01.03.25;31 д;;;3;РД;160;423;159ОО;;НД;Разработка схемы внутреннего движения с расстановкой дорожных знаков и разметки;;;5;
;0%;31 д;01.04.25;01.05.25;30.01.25;01.03.25;31 д;;;3;РД;161;424;159ОО;165;НД;Разработка проектных решений по усилению коммуникаций и переносу опор освещения;;;5;
;0%;1 д;01.10.24;01.10.24;01.10.24;01.10.24;1 д;;;3;РД;162;425;;;НД;Согласование проекта организации дорожного движения Мосавтодор;;;5;
;0%;59 д;01.04.25;29.05.25;30.01.25;29.03.25;59 д;;;3;РД;163;426;159ОН-31 д;;НД;Согласование проекта МОЭСК, Мособлгаз, КРМО, УК;;;5;
;0%;610 д;01.10.24;02.06.26;01.10.24;02.06.26;610 д;;;3;РД;164;427;;167ОН-31 д;НД;Оформление соглашения об установлении сервитута (Договор аренды);;;5;
;0%;28 д;02.05.25;29.05.25;02.03.25;29.03.25;28 д;;;3;РД;165;428;161;;НД;разработка схем на КПТ;;;5;
;0%;1 д;01.10.24;01.10.24;01.10.24;01.10.24;1 д;;;3;РД;166;429;;;НД;согласование схем в КРМО и Мосавтодор;;;5;
;0%;31 д;03.05.26;02.06.26;03.05.26;02.06.26;31 д;;;3;РД;167;430;164ОН-31 д;168;НД;разработка межевых планов;;;5;
;0%;90 д;03.06.26;31.08.26;03.06.26;31.08.26;90 д;;;3;РД;168;431;167;;НД;заключение соглашения об установлении сервитута с Мосавтодор и КРМО (2 примыкания);;;5;
2fbf3769-5751-11f0-a555-005056026d24;0%;121 д;01.12.24;31.03.25;01.10.24;29.01.25;121 д;;;2;ПД;169;432;;;НД;Этап . Проектная документация;55.6. Проектные работы;;4;
;0%;121 д;01.12.24;31.03.25;01.10.24;29.01.25;121 д;;;3;ПД;170;433;;"191ОН+365 д;192ОН+365 д;193ОН+365 д;194ОН+365 д;195ОН+365 д;196ОН+365 д;197ОН+365 д;198ОН+365 д;199ОН+365 д;200ОН+365 д;201ОН+365 д;202ОН+365 д;203ОН+365 д;204ОН+365 д;205ОН+365 д;206ОН+365 д;207ОН+365 д;208ОН+365 д;209ОН+365 д;149ОН-31 д;150ОН-31 д;15...";НД;Стоимость выполнения проектных работ стадии П;;;5;
;0%;121 д;01.12.24;31.03.25;01.10.24;29.01.25;121 д;;;3;ПД;171;434;;1272;НД;ЗАДАНИЕ НА ПРОЕКТИРОВАНИЕ;;;5;ТЗ
;0%;121 д;01.12.24;31.03.25;01.10.24;29.01.25;121 д;;;3;ПД;172;435;;1272;НД;"Раздел 1 ""Пояснительная записка""";;;5;ПЗ
;0%;121 д;01.12.24;31.03.25;01.10.24;29.01.25;121 д;;;3;ПД;173;436;;1272;НД;"Раздел 2 ""Схема планировочной организации земельного участка""";;;5;СПОЗУ
;0%;121 д;01.12.24;31.03.25;01.10.24;29.01.25;121 д;;;3;ПД;174;437;;1272;НД;"Раздел 3 ""Архитектурные решения""";;;5;АР
;0%;121 д;01.12.24;31.03.25;01.10.24;29.01.25;121 д;;;3;ПД;175;438;;1272;НД;"Раздел 4 ""Конструктивные и объемно-планировочные решения""";;;5;КР
;0%;121 д;01.12.24;31.03.25;01.10.24;29.01.25;121 д;;;3;ПД;176;439;;"1272;441;445;449";НД;"Раздел 5 ""Сведения об инженерном оборудовании, о сетях инженерно-технического обеспечения, перечень инженерно-технических мероприятий, содержание технологических решений""";;;5;ИОС
;0%;121 д;01.12.24;31.03.25;01.10.24;29.01.25;121 д;;;3;ПД;177;440;;1272;НД;"Раздел 5.1. ""Система электроснабжение"" (внутреннее, в т.ч. молниезащита и заземление, наружное освещение, наружное электроснабжение, ДГУ )";;;5;ЭС
;0%;121 д;01.12.24;31.03.25;01.10.24;29.01.25;121 д;;;3;ПД;178;441;;1272;НД;"Раздел 5.2. ""Система водоснабжения""";;;5;ВС
;0%;121 д;01.12.24;31.03.25;01.10.24;29.01.25;121 д;;;3;ПД;179;442;;"1272;407ОН-31 д;408ОН-31 д;409ОН-31 д;410ОН-31 д;411ОН-31 д;412ОН-31 д;413ОН-31 д;415ОН-31 д;416ОН-31 д";НД;"Раздел 5.3. ""Система водоотведения""";;;5;ВВ
;0%;121 д;01.12.24;31.03.25;01.10.24;29.01.25;121 д;;;3;ПД;180;443;;1272;НД;"Раздел 5.4. ""Отопление, вентиляция и кондиционирование воздуха""";;;5;ОВК
;0%;121 д;01.12.24;31.03.25;01.10.24;29.01.25;121 д;;;3;ПД;181;444;;1272;НД;"Раздел 5.5. ""Сети связи""";;;5;СС
;0%;121 д;01.12.24;31.03.25;01.10.24;29.01.25;121 д;;;3;ПД;182;445;;1272;НД;"Раздел 5.7. ""Технологические решения""";;;5;ТХ
;0%;121 д;01.12.24;31.03.25;01.10.24;29.01.25;121 д;;;3;ПД;183;446;;"157ОН-92 д;1272";НД;"Раздел 6. ""Проект организации строительства""";;;5;ПОС
;0%;121 д;01.12.24;31.03.25;01.10.24;29.01.25;121 д;;;3;ПД;184;447;;1272;НД;"Раздел 8 ""Перечень мероприятий по охране окружающей среды""";;;5;ООС
;0%;121 д;01.12.24;31.03.25;01.10.24;29.01.25;121 д;;;3;ПД;185;448;;1272;НД;"Раздел 9 ""Мероприятия по обеспечению пожарной безопасности""";;;5;ПБ
;0%;121 д;01.12.24;31.03.25;01.10.24;29.01.25;121 д;;;3;ПД;186;449;;1272;НД;"Раздел ""Мероприятия по обеспечению доступа инвалидов""";;;5;ОДИ, МОДИ
;0%;121 д;01.12.24;31.03.25;01.10.24;29.01.25;121 д;;;3;ПД;187;450;;1272;НД;"Раздел ""Мероприятия по обеспечению соблюдения требований энергетической эффективности и требований оснащенности зданий""";;;5;ЭЭ
;0%;121 д;01.12.24;31.03.25;01.10.24;29.01.25;121 д;;;3;ПД;188;451;;1272;НД;"Проект ""Требования к обеспечению безопасной эксплуатации объекта капитального строительства""";;;5;ТБЭ
;0%;121 д;01.12.24;31.03.25;01.10.24;29.01.25;121 д;;;3;ПД;189;452;;1272;НД;"Раздел 5.6. ""Система газоснабжения""";;;5;ГС
;0%;91 д;01.04.26;30.06.26;30.01.26;30.04.26;91 д;;;2;ПД;190;453;;;НД;Этап . КОРРЕКТИРОВКА ПРОЕКТНЫХ РАБОТ СТАДИИ П ;;;4;
;0%;91 д;01.04.26;30.06.26;30.01.26;30.04.26;91 д;;;3;ПД;191;454;170ОН+365 д;"1273;224ОН-30 д";НД;Стоимость корректировки проектной документации (для внесения изм. в РнС);;;5;
;0%;91 д;01.04.26;30.06.26;30.01.26;30.04.26;91 д;;;3;ПД;192;455;170ОН+365 д;"1273;224ОН-30 д";НД;"Раздел 1 ""Пояснительная записка""";;;5;ПЗ
;0%;91 д;01.04.26;30.06.26;30.01.26;30.04.26;91 д;;;3;ПД;193;456;170ОН+365 д;"1273;224ОН-30 д";НД;"Раздел 2 ""Схема планировочной организации земельного участка""";;;5;СПОЗУ
;0%;91 д;01.04.26;30.06.26;30.01.26;30.04.26;91 д;;;3;ПД;194;457;170ОН+365 д;"1273;224ОН-30 д";НД;"Раздел 3 ""Архитектурные решения""";;;5;АР
;0%;91 д;01.04.26;30.06.26;30.01.26;30.04.26;91 д;;;3;ПД;195;458;170ОН+365 д;"1273;224ОН-30 д";НД;"Раздел 4 ""Конструктивные и объемно-планировочные решения""";;;5;КР
;0%;91 д;01.04.26;30.06.26;30.01.26;30.04.26;91 д;;;3;ПД;196;459;170ОН+365 д;"1273;224ОН-30 д";НД;"Раздел 5 ""Сведения об инженерном оборудовании, о сетях инженерно-технического обеспечения, перечень инженерно-технических мероприятий, содержание технологических решений""";;;5;ИОС
;0%;91 д;01.04.26;30.06.26;30.01.26;30.04.26;91 д;;;3;ПД;197;460;170ОН+365 д;"1273;224ОН-30 д";НД;"Раздел 5.1. ""Система электроснабжение"" (внутреннее, в т.ч. молниезащита и заземление, наружное освещение, наружное электроснабжение, ДГУ )";;;5;ЭС
;0%;91 д;01.04.26;30.06.26;30.01.26;30.04.26;91 д;;;3;ПД;198;461;170ОН+365 д;"1273;224ОН-30 д";НД;"Раздел 5.2. ""Система водоснабжения""";;;5;ВС
;0%;91 д;01.04.26;30.06.26;30.01.26;30.04.26;91 д;;;3;ПД;199;462;170ОН+365 д;"1273;224ОН-30 д";НД;"Раздел 5.3. ""Система водоотведения""";;;5;ВВ
;0%;91 д;01.04.26;30.06.26;30.01.26;30.04.26;91 д;;;3;ПД;200;463;170ОН+365 д;"1273;224ОН-30 д";НД;"Раздел 5.4. ""Отопление, вентиляция и кондиционирование воздуха""";;;5;ОВК
;0%;91 д;01.04.26;30.06.26;30.01.26;30.04.26;91 д;;;3;ПД;201;464;170ОН+365 д;"1273;224ОН-30 д";НД;"Раздел 5.5. ""Сети связи""";;;5;СС
;0%;91 д;01.04.26;30.06.26;30.01.26;30.04.26;91 д;;;3;ПД;202;465;170ОН+365 д;"1273;224ОН-30 д";НД;"Раздел 5.7. ""Технологические решения""";;;5;ТХ
;0%;91 д;01.04.26;30.06.26;30.01.26;30.04.26;91 д;;;3;ПД;203;466;170ОН+365 д;"1273;224ОН-30 д";НД;"Раздел 6. ""Проект организации строительства""";;;5;ПОС
;0%;91 д;01.04.26;30.06.26;30.01.26;30.04.26;91 д;;;3;ПД;204;467;170ОН+365 д;"1273;224ОН-30 д";НД;"Раздел 8 ""Перечень мероприятий по охране окружающей среды""";;;5;ООС
;0%;91 д;01.04.26;30.06.26;30.01.26;30.04.26;91 д;;;3;ПД;205;468;170ОН+365 д;"1273;224ОН-30 д";НД;"Раздел 9 ""Мероприятия по обеспечению пожарной безопасности""";;;5;ПБ
;0%;91 д;01.04.26;30.06.26;30.01.26;30.04.26;91 д;;;3;ПД;206;469;170ОН+365 д;"1273;224ОН-30 д";НД;"Раздел ""Мероприятия по обеспечению доступа инвалидов""";;;5;ОДИ, МОДИ
;0%;91 д;01.04.26;30.06.26;30.01.26;30.04.26;91 д;;;3;ПД;207;470;170ОН+365 д;"1273;224ОН-30 д";НД;"Раздел ""Мероприятия по обеспечению соблюдения требований энергетической эффективности и требований оснащенности зданий""";;;5;ЭЭ
;0%;91 д;01.04.26;30.06.26;30.01.26;30.04.26;91 д;;;3;ПД;208;471;170ОН+365 д;"1273;224ОН-30 д";НД;"Проект ""Требования к обеспечению безопасной эксплуатации объекта капитального строительства""";;;5;ТБЭ
;0%;91 д;01.04.26;30.06.26;30.01.26;30.04.26;91 д;;;3;ПД;209;472;170ОН+365 д;"1273;224ОН-30 д";НД;"Раздел 5.6. ""Система газоснабжения""";;;5;ГС
;0%;120 д;01.02.25;31.05.25;02.12.24;31.03.25;120 д;;;2;ПД;210;473;;;НД;Этап . СОГЛАСОВАНИЕ ДОКУМЕНТАЦИИ;;;4;
;0%;89 д;01.02.25;30.04.25;02.12.24;28.02.25;89 д;;;3;ПД;211;474;170ОН-59 д;220ОН-30 д;НД;Согласование решения по вертикальной посадке объекта (план земляных масс);;;5;
;0%;89 д;01.02.25;30.04.25;02.12.24;28.02.25;89 д;;;3;ПД;212;475;170ОН-59 д;220ОН-30 д;НД;Согласование принципиальных решений по генеральному плану.;;;5;
;0%;89 д;01.02.25;30.04.25;02.12.24;28.02.25;89 д;;;3;ПД;213;476;170ОН-59 д;220ОН-30 д;НД;Согласование принципиальных решений по сводному плану сетей.;;;5;
;0%;89 д;01.02.25;30.04.25;02.12.24;28.02.25;89 д;;;3;ПД;214;477;170ОН-59 д;220ОН-30 д;НД;Согласование принципиальных решений по транспортной схеме.;;;5;
;0%;89 д;01.02.25;30.04.25;02.12.24;28.02.25;89 д;;;3;ПД;215;478;170ОН-59 д;220ОН-30 д;НД;Согласование поэтажных планов;;;5;
;0%;89 д;01.02.25;30.04.25;02.12.24;28.02.25;89 д;;;3;ПД;216;479;170ОН-59 д;220ОН-30 д;НД;Согласование решений по фасадам;;;5;
;0%;89 д;01.02.25;30.04.25;02.12.24;28.02.25;89 д;;;3;ПД;217;480;170ОН-59 д;"220ОН-30 д;218НН+28 д";НД;"Согласование ""Проект организации строительства"" со службой безопасности, ИС КЛИНИНГ";;;5;
;0%;92 д;01.03.25;31.05.25;30.12.24;31.03.25;92 д;;;3;ПД;218;481;217НН+28 д;;НД;Согласование ПЗУ, ПОС, ПОДД с КРМО, МОЭСК, Мособлгаз, Мосавтодор;;;5;
;0%;243 д;01.10.24;31.05.25;01.10.24;31.03.25;182 д;;;2;ПД;219;482;;;НД;Этап . ОБЩЕСТРОИТЕЛЬНАЯ ЭКСПЕРТИЗА ПРОЕКТНОЙ ДОКУМЕНТАЦИИ, ПОЛУЧЕНИЕ РАЗРЕШЕНИЯ НА СТРОИТЕЛЬСТВО;;;4;
;0%;30 д;01.04.25;30.04.25;30.01.25;28.02.25;30 д;;;3;ПД;220;483;"211ОН-30 д;212ОН-30 д;213ОН-30 д;214ОН-30 д;215ОН-30 д;216ОН-30 д;217ОН-30 д";"222;558ОН+31 д;1276;429НН-31 д;433;437";НД;Общестроительная экспертиза;;;5;
;0%;30 д;01.10.24;30.10.24;01.10.24;30.10.24;30 д;;;3;ПД;221;484;;222;НД;Регистрация в ИСОГД проектной документации и заключения экспертизы проектной документации для получения разрешения на строительство;;;5;
2fbf5b46-5751-11f0-a555-005056026d24;0%;31 д;01.05.25;31.05.25;01.03.25;31.03.25;31 д;;;3;ПД;222;485;"221;220";"598ОН-30 д;1278;666ОН+61 д;669ОН+61 д;667ОН+61 д;668ОН+61 д;670ОН+61 д;671ОН+61 д;672ОН+61 д;673ОН+61 д;674ОН+61 д;675ОН+61 д;676ОН+61 д;677ОН+61 д;678ОН+61 д;682ОН+61 д;683;684;685;599ОН+61 д;600ОН+61 д;601ОН+61 д;602ОН+61 д;603ОН+61 д;604ОН+61 д;679О...";НД;РАЗРЕШЕНИЕ НА СТРОИТЕЛЬСТВО;55.7. Разрешение на строительство;;5;
;0%;92 д;01.06.26;31.08.26;01.04.26;03.10.26;186 д;;;2;ПД;223;486;;;НД;Этап. КОРРЕКТИРОВКА. ОБЩЕСТРОИТЕЛЬНАЯ ЭКСПЕРТИЗА ПРОЕКТНОЙ ДОКУМЕНТАЦИИ, ПОЛУЧЕНИЕ РАЗРЕШЕНИЯ НА СТРОИТЕЛЬСТВО;;;4;
;0%;61 д;01.06.26;31.07.26;01.04.26;31.05.26;61 д;;;3;ПД;224;487;"191ОН-30 д;192ОН-30 д;193ОН-30 д;194ОН-30 д;195ОН-30 д;196ОН-30 д;197ОН-30 д;198ОН-30 д;199ОН-30 д;200ОН-30 д;201ОН-30 д;202ОН-30 д;203ОН-30 д;204ОН-30 д;205ОН-30 д;206ОН-30 д;207ОН-30 д;208ОН-30 д;209ОН-30 д";"1277;227";НД;Общестроительная экспертиза;;;5;
;0%;61 д;01.06.26;31.07.26;04.07.26;02.09.26;61 д;;;3;ПД;225;488;"1005ОН-153 д;1142ОН-153 д;1155ОН-153 д";;НД;Корректировка АГО;;;5;
;0%;61 д;01.06.26;31.07.26;04.07.26;02.09.26;61 д;;;3;ПД;226;489;"1005ОН-153 д;1142ОН-153 д;1155ОН-153 д";227;НД;Регистрация в ИСОГД проектной документации и заключения экспертизы проектной документации для получения разрешения на строительство;;;5;
;0%;31 д;01.08.26;31.08.26;03.09.26;03.10.26;31 д;;;3;ПД;227;490;"226;224";1281;НД;Корректировка разрешения на строительство;;;5;
2fbf3769-5751-11f0-a555-005056026d24;11%;122 д;01.03.25;30.06.25;01.10.24;29.06.26;637 д;;;2;РД;228;491;;;НД;Этап.Рабочая документация;55.6. Проектные работы;;4;
;0%;0 д;01.03.25;30.06.25;01.10.24;01.10.24;1 д;;;3;;229;1784;;;НД;Блок А;;;3;
;0%;0 д;01.03.25;30.06.25;01.10.24;01.10.24;1 д;;;4;;230;1739;;;НД;Генеральный план;;;5;ГП
;0%;0 д;01.03.25;30.06.25;01.10.24;01.10.24;1 д;;;4;;231;1740;;;НД;Общие архитектурные решения;;;5;АС
;0%;0 д;01.03.25;30.06.25;01.10.24;01.10.24;1 д;;;4;;232;1741;;;НД;Стеновые и кровельные ограждающие конструкции;;;5;АС
;0%;0 д;01.03.25;30.06.25;01.10.24;01.10.24;1 д;;;4;;233;1742;;;НД;Внутренние перегородки из сэндвич-панелей;;;5;АС
;0%;0 д;01.03.25;30.06.25;01.10.24;01.10.24;1 д;;;4;;234;1743;;;НД;Архитектурно-строительные решения пристроек;;;5;АС
;0%;0 д;01.03.25;30.06.25;01.10.24;01.10.24;1 д;;;4;;235;1744;;;НД;Фундаменты;;;5;КЖ
;0%;0 д;01.03.25;30.06.25;01.10.24;01.10.24;1 д;;;4;;236;1745;;;НД;Фундаменты. Изделия;;;5;КЖ.И
;0%;0 д;01.03.25;30.06.25;01.10.24;01.10.24;1 д;;;4;;237;1746;;;НД;Цоколь;;;5;КЖ
;0%;0 д;01.03.25;30.06.25;01.10.24;01.10.24;1 д;;;4;;238;1747;;;НД;Цоколь. Изделия;;;5;КЖ.И
;0%;0 д;01.03.25;30.06.25;01.10.24;01.10.24;1 д;;;4;;239;1748;;;НД;Доки;;;5;КЖ
;0%;0 д;01.03.25;30.06.25;01.10.24;01.10.24;1 д;;;4;;240;1749;;;НД;Доки. Изделия;;;5;КЖ.И
;0%;0 д;01.03.25;30.06.25;01.10.24;01.10.24;1 д;;;4;;241;1750;;;НД;Колонны;;;5;КЖ
;0%;0 д;01.03.25;30.06.25;01.10.24;01.10.24;1 д;;;4;;242;1751;;;НД;Колонны. Изделия;;;5;КЖ.И
;0%;0 д;01.03.25;30.06.25;01.10.24;01.10.24;1 д;;;4;;243;1752;;;НД;Полы;;;5;КЖ
;0%;0 д;01.03.25;30.06.25;01.10.24;01.10.24;1 д;;;4;;244;1753;;;НД;Плиты перекрытий;;;5;КЖ
;0%;0 д;01.03.25;30.06.25;01.10.24;01.10.24;1 д;;;4;;245;1754;;;НД;Покрытие;;;5;КМ
;0%;0 д;01.03.25;30.06.25;01.10.24;01.10.24;1 д;;;4;;246;1755;;;НД;Конструкции АБК;;;5;КМ
;0%;0 д;01.03.25;30.06.25;01.10.24;01.10.24;1 д;;;4;;247;1756;;;НД;Наружный фахверк;;;5;КМ
;0%;0 д;01.03.25;30.06.25;01.10.24;01.10.24;1 д;;;4;;248;1757;;;НД;Внутренний фахверк;;;5;КМ
;0%;0 д;01.03.25;30.06.25;01.10.24;01.10.24;1 д;;;4;;249;1758;;;НД;Наружные лестницы;;;5;КМ
;0%;0 д;01.03.25;30.06.25;01.10.24;01.10.24;1 д;;;4;;250;1759;;;НД;Электроснабжение;;;5;ЭС
;0%;0 д;01.03.25;30.06.25;01.10.24;01.10.24;1 д;;;4;;251;1760;;;НД;Наружные сети водоснабжения и водоотведения;;;5;НВК
;0%;0 д;01.03.25;30.06.25;01.10.24;01.10.24;1 д;;;4;;252;1761;;;НД;Наружные сети связи;;;5;НСС
;0%;0 д;01.03.25;30.06.25;01.10.24;01.10.24;1 д;;;4;;253;1762;;;НД;Освещение и электрооборудование;;;5;ЭОМ
;0%;0 д;01.03.25;30.06.25;01.10.24;01.10.24;1 д;;;4;;254;1763;;;НД;Внутренние системы водоснабжения;;;5;ВК
;0%;0 д;01.03.25;30.06.25;01.10.24;01.10.24;1 д;;;4;;255;1764;;;НД;Отопление Вент Конд;;;5;ОВ
;0%;0 д;01.03.25;30.06.25;01.10.24;01.10.24;1 д;;;4;;256;1765;;;НД;Пожарная сигнализация;;;5;ПС
;0%;0 д;01.03.25;30.06.25;01.10.24;01.10.24;1 д;;;4;;257;1766;;;НД;Автоматизация комплексная;;;5;АК
;0%;0 д;01.03.25;30.06.25;01.10.24;01.10.24;1 д;;;4;;258;1767;;;НД;Автоматическое пожаротушение;;;5;АПТ
;0%;0 д;01.03.25;30.06.25;01.10.24;01.10.24;1 д;;;4;;259;1782;;;НД;Видеонаблюдение, Система контроля удаленного доступа;;;5;ВН,СКУД
;0%;0 д;01.03.25;30.06.25;01.10.24;01.10.24;1 д;;;4;;260;1783;;;НД;Огнезащита металлоконструкций;;;5;ОГН
;0%;0 д;01.03.25;30.06.25;01.10.24;01.10.24;1 д;;;4;;261;1709;;;НД;Насосная станция пожаротушения;;;5;НСП
;0%;0 д;01.03.25;30.06.25;01.10.24;01.10.24;1 д;;;4;;262;1710;;;НД;Конструктивные решения пристроек;;;5;АС
;0%;0 д;01.03.25;30.06.25;01.10.24;01.10.24;1 д;;;4;;263;1711;;;НД;Система видеонаблюдения;;;5;ВН
;0%;0 д;01.03.25;30.06.25;01.10.24;01.10.24;1 д;;;3;;264;1785;;;НД;Блок U1U2;;;3;
;0%;0 д;01.03.25;30.06.25;01.10.24;01.10.24;1 д;;;4;;265;1786;;;НД;Генеральный план;;;5;ГП
;0%;0 д;01.03.25;30.06.25;01.10.24;01.10.24;1 д;;;4;;266;1787;;;НД;Общие архитектурные решения;;;5;АС
;0%;0 д;01.03.25;30.06.25;01.10.24;01.10.24;1 д;;;4;;267;1788;;;НД;Стеновые и кровельные ограждающие конструкции;;;5;АС
;0%;0 д;01.03.25;30.06.25;01.10.24;01.10.24;1 д;;;4;;268;1789;;;НД;Внутренние перегородки из сэндвич-панелей;;;5;АС
;0%;0 д;01.03.25;30.06.25;01.10.24;01.10.24;1 д;;;4;;269;1790;;;НД;Архитектурно-строительные решения пристроек;;;5;АС
;0%;0 д;01.03.25;30.06.25;01.10.24;01.10.24;1 д;;;4;;270;1791;;;НД;Фундаменты;;;5;КЖ
;0%;0 д;01.03.25;30.06.25;01.10.24;01.10.24;1 д;;;4;;271;1792;;;НД;Фундаменты. Изделия;;;5;КЖ.И
;0%;0 д;01.03.25;30.06.25;01.10.24;01.10.24;1 д;;;4;;272;1793;;;НД;Цоколь;;;5;КЖ
;0%;0 д;01.03.25;30.06.25;01.10.24;01.10.24;1 д;;;4;;273;1794;;;НД;Цоколь. Изделия;;;5;КЖ.И
;0%;0 д;01.03.25;30.06.25;01.10.24;01.10.24;1 д;;;4;;274;1795;;;НД;Доки;;;5;КЖ
;0%;0 д;01.03.25;30.06.25;01.10.24;01.10.24;1 д;;;4;;275;1796;;;НД;Доки. Изделия;;;5;КЖ.И
;0%;0 д;01.03.25;30.06.25;01.10.24;01.10.24;1 д;;;4;;276;1797;;;НД;Колонны;;;5;КЖ
;0%;0 д;01.03.25;30.06.25;01.10.24;01.10.24;1 д;;;4;;277;1798;;;НД;Колонны. Изделия;;;5;КЖ.И
;0%;0 д;01.03.25;30.06.25;01.10.24;01.10.24;1 д;;;4;;278;1799;;;НД;Полы;;;5;КЖ
;0%;0 д;01.03.25;30.06.25;01.10.24;01.10.24;1 д;;;4;;279;1800;;;НД;Плиты перекрытий;;;5;КЖ
;0%;0 д;01.03.25;30.06.25;01.10.24;01.10.24;1 д;;;4;;280;1801;;;НД;Покрытие;;;5;КМ
;0%;0 д;01.03.25;30.06.25;01.10.24;01.10.24;1 д;;;4;;281;1802;;;НД;Конструкции АБК;;;5;КМ
;0%;0 д;01.03.25;30.06.25;01.10.24;01.10.24;1 д;;;4;;282;1803;;;НД;Наружный фахверк;;;5;КМ
;0%;0 д;01.03.25;30.06.25;01.10.24;01.10.24;1 д;;;4;;283;1804;;;НД;Внутренний фахверк;;;5;КМ
;0%;0 д;01.03.25;30.06.25;01.10.24;01.10.24;1 д;;;4;;284;1805;;;НД;Наружные лестницы;;;5;КМ
;0%;0 д;01.03.25;30.06.25;01.10.24;01.10.24;1 д;;;4;;285;1806;;;НД;Электроснабжение;;;5;ЭС
;0%;0 д;01.03.25;30.06.25;01.10.24;01.10.24;1 д;;;4;;286;1807;;;НД;Наружные сети водоснабжения и водоотведения;;;5;НВК
;0%;0 д;01.03.25;30.06.25;01.10.24;01.10.24;1 д;;;4;;287;1808;;;НД;Наружные сети связи;;;5;НСС
;0%;0 д;01.03.25;30.06.25;01.10.24;01.10.24;1 д;;;4;;288;1809;;;НД;Освещение и электрооборудование;;;5;ЭОМ
;0%;0 д;01.03.25;30.06.25;01.10.24;01.10.24;1 д;;;4;;289;1810;;;НД;Внутренние системы водоснабжения;;;5;ВК
;0%;0 д;01.03.25;30.06.25;01.10.24;01.10.24;1 д;;;4;;290;1811;;;НД;Отопление Вент Конд;;;5;ОВ
;0%;0 д;01.03.25;30.06.25;01.10.24;01.10.24;1 д;;;4;;291;1812;;;НД;Пожарная сигнализация;;;5;ПС
;0%;0 д;01.03.25;30.06.25;01.10.24;01.10.24;1 д;;;4;;292;1813;;;НД;Автоматизация комплексная;;;5;АК
;0%;0 д;01.03.25;30.06.25;01.10.24;01.10.24;1 д;;;4;;293;1814;;;НД;Автоматическое пожаротушение;;;5;АПТ
;0%;0 д;01.03.25;30.06.25;01.10.24;01.10.24;1 д;;;4;;294;1815;;;НД;Видеонаблюдение, Система контроля удаленного доступа;;;5;ВН,СКУД
;0%;0 д;01.03.25;30.06.25;01.10.24;01.10.24;1 д;;;4;;295;1816;;;НД;Огнезащита металлоконструкций;;;5;ОГН
;0%;0 д;01.03.25;30.06.25;01.10.24;01.10.24;1 д;;;4;;296;1817;;;НД;Насосная станция пожаротушения;;;5;НСП
;0%;0 д;01.03.25;30.06.25;01.10.24;01.10.24;1 д;;;4;;297;1818;;;НД;Конструктивные решения пристроек;;;5;АС
;0%;0 д;01.03.25;30.06.25;01.10.24;01.10.24;1 д;;;4;;298;1819;;;НД;Система видеонаблюдения;;;5;ВН
;0%;0 д;01.03.25;30.06.25;01.10.24;01.10.24;1 д;;;3;;299;1820;;;НД;Блок U3U4;;;3;
;0%;0 д;01.03.25;30.06.25;01.10.24;01.10.24;1 д;;;4;;300;1821;;;НД;Генеральный план;;;5;ГП
;0%;0 д;01.03.25;30.06.25;01.10.24;01.10.24;1 д;;;4;;301;1822;;;НД;Общие архитектурные решения;;;5;АС
;0%;0 д;01.03.25;30.06.25;01.10.24;01.10.24;1 д;;;4;;302;1823;;;НД;Стеновые и кровельные ограждающие конструкции;;;5;АС
;0%;0 д;01.03.25;30.06.25;01.10.24;01.10.24;1 д;;;4;;303;1824;;;НД;Внутренние перегородки из сэндвич-панелей;;;5;АС
;0%;0 д;01.03.25;30.06.25;01.10.24;01.10.24;1 д;;;4;;304;1825;;;НД;Архитектурно-строительные решения пристроек;;;5;АС
;0%;0 д;01.03.25;30.06.25;01.10.24;01.10.24;1 д;;;4;;305;1826;;;НД;Фундаменты;;;5;КЖ
;0%;0 д;01.03.25;30.06.25;01.10.24;01.10.24;1 д;;;4;;306;1827;;;НД;Фундаменты. Изделия;;;5;КЖ.И
;0%;0 д;01.03.25;30.06.25;01.10.24;01.10.24;1 д;;;4;;307;1828;;;НД;Цоколь;;;5;КЖ
;0%;0 д;01.03.25;30.06.25;01.10.24;01.10.24;1 д;;;4;;308;1829;;;НД;Цоколь. Изделия;;;5;КЖ.И
;0%;0 д;01.03.25;30.06.25;01.10.24;01.10.24;1 д;;;4;;309;1830;;;НД;Доки;;;5;КЖ
;0%;0 д;01.03.25;30.06.25;01.10.24;01.10.24;1 д;;;4;;310;1831;;;НД;Доки. Изделия;;;5;КЖ.И
;0%;0 д;01.03.25;30.06.25;01.10.24;01.10.24;1 д;;;4;;311;1832;;;НД;Колонны;;;5;КЖ
;0%;0 д;01.03.25;30.06.25;01.10.24;01.10.24;1 д;;;4;;312;1833;;;НД;Колонны. Изделия;;;5;КЖ.И
;0%;0 д;01.03.25;30.06.25;01.10.24;01.10.24;1 д;;;4;;313;1834;;;НД;Полы;;;5;КЖ
;0%;0 д;01.03.25;30.06.25;01.10.24;01.10.24;1 д;;;4;;314;1835;;;НД;Плиты перекрытий;;;5;КЖ
;0%;0 д;01.03.25;30.06.25;01.10.24;01.10.24;1 д;;;4;;315;1836;;;НД;Покрытие;;;5;КМ
;0%;0 д;01.03.25;30.06.25;01.10.24;01.10.24;1 д;;;4;;316;1837;;;НД;Конструкции АБК;;;5;КМ
;0%;0 д;01.03.25;30.06.25;01.10.24;01.10.24;1 д;;;4;;317;1838;;;НД;Наружный фахверк;;;5;КМ
;0%;0 д;01.03.25;30.06.25;01.10.24;01.10.24;1 д;;;4;;318;1839;;;НД;Внутренний фахверк;;;5;КМ
;0%;0 д;01.03.25;30.06.25;01.10.24;01.10.24;1 д;;;4;;319;1840;;;НД;Наружные лестницы;;;5;КМ
;0%;0 д;01.03.25;30.06.25;01.10.24;01.10.24;1 д;;;4;;320;1841;;;НД;Электроснабжение;;;5;ЭС
;0%;0 д;01.03.25;30.06.25;01.10.24;01.10.24;1 д;;;4;;321;1842;;;НД;Наружные сети водоснабжения и водоотведения;;;5;НВК
;0%;0 д;01.03.25;30.06.25;01.10.24;01.10.24;1 д;;;4;;322;1843;;;НД;Наружные сети связи;;;5;НСС
;0%;0 д;01.03.25;30.06.25;01.10.24;01.10.24;1 д;;;4;;323;1844;;;НД;Освещение и электрооборудование;;;5;ЭОМ
;0%;0 д;01.03.25;30.06.25;01.10.24;01.10.24;1 д;;;4;;324;1845;;;НД;Внутренние системы водоснабжения;;;5;ВК
;0%;0 д;01.03.25;30.06.25;01.10.24;01.10.24;1 д;;;4;;325;1846;;;НД;Отопление Вент Конд;;;5;ОВ
;0%;0 д;01.03.25;30.06.25;01.10.24;01.10.24;1 д;;;4;;326;1847;;;НД;Пожарная сигнализация;;;5;ПС
;0%;0 д;01.03.25;30.06.25;01.10.24;01.10.24;1 д;;;4;;327;1848;;;НД;Автоматизация комплексная;;;5;АК
;0%;0 д;01.03.25;30.06.25;01.10.24;01.10.24;1 д;;;4;;328;1849;;;НД;Автоматическое пожаротушение;;;5;АПТ
;0%;0 д;01.03.25;30.06.25;01.10.24;01.10.24;1 д;;;4;;329;1850;;;НД;Видеонаблюдение, Система контроля удаленного доступа;;;5;ВН,СКУД
;0%;0 д;01.03.25;30.06.25;01.10.24;01.10.24;1 д;;;4;;330;1851;;;НД;Огнезащита металлоконструкций;;;5;ОГН
;0%;0 д;01.03.25;30.06.25;01.10.24;01.10.24;1 д;;;4;;331;1852;;;НД;Насосная станция пожаротушения;;;5;НСП
;0%;0 д;01.03.25;30.06.25;01.10.24;01.10.24;1 д;;;4;;332;1853;;;НД;Конструктивные решения пристроек;;;5;АС
;0%;0 д;01.03.25;30.06.25;01.10.24;01.10.24;1 д;;;4;;333;1854;;;НД;Система видеонаблюдения;;;5;ВН
;20%;0 д;01.03.25;30.06.25;01.10.24;29.06.26;637 д;;;3;;334;1855;;;НД;Блок Завод;;;3;
;0%;0 д;01.03.25;30.06.25;01.10.24;01.10.24;1 д;;;4;;335;1856;;;НД;Генеральный план;;;5;ГП
;0%;0 д;01.03.25;30.06.25;01.10.24;01.10.24;1 д;;;4;;336;1857;;;НД;Общие архитектурные решения;;;5;АС
;0%;0 д;01.03.25;30.06.25;01.10.24;01.10.24;1 д;;;4;;337;1858;;;НД;Стеновые и кровельные ограждающие конструкции;;;5;АС
;0%;0 д;01.03.25;30.06.25;01.10.24;01.10.24;1 д;;;4;;338;1859;;;НД;Внутренние перегородки из сэндвич-панелей;;;5;АС
;0%;0 д;01.03.25;30.06.25;01.10.24;01.10.24;1 д;;;4;;339;1860;;;НД;Архитектурно-строительные решения пристроек;;;5;АС
;0%;0 д;01.03.25;30.06.25;01.10.24;01.10.24;1 д;;;4;;340;1861;;;НД;Фундаменты;;;5;КЖ
;0%;0 д;01.03.25;30.06.25;01.10.24;01.10.24;1 д;;;4;;341;1862;;;НД;Фундаменты. Изделия;;;5;КЖ.И
;0%;0 д;01.03.25;30.06.25;01.10.24;01.10.24;1 д;;;4;;342;1863;;;НД;Цоколь;;;5;КЖ
;0%;0 д;01.03.25;30.06.25;01.10.24;01.10.24;1 д;;;4;;343;1864;;;НД;Цоколь. Изделия;;;5;КЖ.И
;0%;0 д;01.03.25;30.06.25;01.10.24;01.10.24;1 д;;;4;;344;1865;;;НД;Доки;;;5;КЖ
;0%;0 д;01.03.25;30.06.25;01.10.24;01.10.24;1 д;;;4;;345;1866;;;НД;Доки. Изделия;;;5;КЖ.И
;0%;0 д;01.03.25;30.06.25;01.10.24;01.10.24;1 д;;;4;;346;1867;;;НД;Колонны;;;5;КЖ
;0%;0 д;01.03.25;30.06.25;01.10.24;01.10.24;1 д;;;4;;347;1868;;;НД;Колонны. Изделия;;;5;КЖ.И
;0%;0 д;01.03.25;30.06.25;01.10.24;01.10.24;1 д;;;4;;348;1869;;;НД;Полы;;;5;КЖ
;0%;0 д;01.03.25;30.06.25;01.10.24;01.10.24;1 д;;;4;;349;1870;;;НД;Плиты перекрытий;;;5;КЖ
;0%;0 д;01.03.25;30.06.25;01.10.24;01.10.24;1 д;;;4;;350;1871;;;НД;Покрытие;;;5;КМ
;0%;0 д;01.03.25;30.06.25;01.10.24;01.10.24;1 д;;;4;;351;1872;;;НД;Конструкции АБК;;;5;КМ
;0%;0 д;01.03.25;30.06.25;01.10.24;01.10.24;1 д;;;4;;352;1873;;;НД;Наружный фахверк;;;5;КМ
;0%;0 д;01.03.25;30.06.25;01.10.24;01.10.24;1 д;;;4;;353;1874;;;НД;Внутренний фахверк;;;5;КМ
;0%;0 д;01.03.25;30.06.25;01.10.24;01.10.24;1 д;;;4;;354;1875;;;НД;Наружные лестницы;;;5;КМ
;0%;0 д;01.03.25;30.06.25;01.10.24;01.10.24;1 д;;;4;;355;1876;;;НД;Электроснабжение;;;5;ЭС
;0%;0 д;01.03.25;30.06.25;01.10.24;01.10.24;1 д;;;4;;356;1877;;;НД;Наружные сети водоснабжения и водоотведения;;;5;НВК
;0%;0 д;01.03.25;30.06.25;01.10.24;01.10.24;1 д;;;4;;357;1878;;;НД;Наружные сети связи;;;5;НСС
;0%;0 д;01.03.25;30.06.25;01.10.24;01.10.24;1 д;;;4;;358;1879;;;НД;Освещение и электрооборудование;;;5;ЭОМ
;0%;0 д;01.03.25;30.06.25;01.10.24;01.10.24;1 д;;;4;;359;1880;;;НД;Внутренние системы водоснабжения;;;5;ВК
;0%;0 д;01.03.25;30.06.25;01.10.24;01.10.24;1 д;;;4;;360;1881;;;НД;Отопление Вент Конд;;;5;ОВ
;0%;0 д;01.03.25;30.06.25;01.10.24;01.10.24;1 д;;;4;;361;1882;;;НД;Пожарная сигнализация;;;5;ПС
;0%;0 д;01.03.25;30.06.25;01.10.24;01.10.24;1 д;;;4;;362;1883;;;НД;Автоматизация комплексная;;;5;АК
;0%;0 д;01.03.25;30.06.25;01.10.24;01.10.24;1 д;;;4;;363;1884;;;НД;Автоматическое пожаротушение;;;5;АПТ
;0%;0 д;01.03.25;30.06.25;01.10.24;01.10.24;1 д;;;4;;364;1885;;;НД;Видеонаблюдение, Система контроля удаленного доступа;;;5;ВН,СКУД
;0%;0 д;01.03.25;30.06.25;01.10.24;01.10.24;1 д;;;4;;365;1886;;;НД;Огнезащита металлоконструкций;;;5;ОГН
;0%;0 д;01.03.25;30.06.25;01.10.24;01.10.24;1 д;;;4;;366;1887;;;НД;Насосная станция пожаротушения;;;5;НСП
;0%;0 д;01.03.25;30.06.25;01.10.24;01.10.24;1 д;;;4;;367;1888;;;НД;Конструктивные решения пристроек;;;5;АС
;0%;0 д;01.03.25;30.06.25;01.10.24;01.10.24;1 д;;;4;;368;1889;;;НД;Система видеонаблюдения;;;5;ВН
;55%;0 д;01.03.25;30.06.25;01.04.26;25.05.26;55 д;;;4;;369;1445;;"370НН+30 д;477";НД;Рабочая документация разделов ГП, АР, КЖ, КМ по зданию ZaVod (при условии выдачи распоряжения ПИГ до 27.03.2026);;;5;
;0%;0 д;01.03.25;30.06.25;01.05.26;29.06.26;60 д;;;4;;370;1446;369НН+30 д;;НД;Рабочая документация разделов внутренних ИС по зданию ZaVod;;;5;
;0%;0 д;01.03.25;30.06.25;01.10.24;01.10.24;1 д;;;3;;371;1925;;;НД;Блок КПП;;;3;
;0%;0 д;01.03.25;30.06.25;01.10.24;01.10.24;1 д;;;4;;372;1926;;;НД;Генеральный план;;;5;ГП
;0%;0 д;01.03.25;30.06.25;01.10.24;01.10.24;1 д;;;4;;373;1927;;;НД;Общие архитектурные решения;;;5;АС
;0%;0 д;01.03.25;30.06.25;01.10.24;01.10.24;1 д;;;4;;374;1928;;;НД;Стеновые и кровельные ограждающие конструкции;;;5;АС
;0%;0 д;01.03.25;30.06.25;01.10.24;01.10.24;1 д;;;4;;375;1929;;;НД;Внутренние перегородки из сэндвич-панелей;;;5;АС
;0%;0 д;01.03.25;30.06.25;01.10.24;01.10.24;1 д;;;4;;376;1930;;;НД;Архитектурно-строительные решения пристроек;;;5;АС
;0%;0 д;01.03.25;30.06.25;01.10.24;01.10.24;1 д;;;4;;377;1931;;;НД;Фундаменты;;;5;КЖ
;0%;0 д;01.03.25;30.06.25;01.10.24;01.10.24;1 д;;;4;;378;1932;;;НД;Фундаменты. Изделия;;;5;КЖ.И
;0%;0 д;01.03.25;30.06.25;01.10.24;01.10.24;1 д;;;4;;379;1933;;;НД;Цоколь;;;5;КЖ
;0%;0 д;01.03.25;30.06.25;01.10.24;01.10.24;1 д;;;4;;380;1934;;;НД;Цоколь. Изделия;;;5;КЖ.И
;0%;0 д;01.03.25;30.06.25;01.10.24;01.10.24;1 д;;;4;;381;1935;;;НД;Доки;;;5;КЖ
;0%;0 д;01.03.25;30.06.25;01.10.24;01.10.24;1 д;;;4;;382;1936;;;НД;Доки. Изделия;;;5;КЖ.И
;0%;0 д;01.03.25;30.06.25;01.10.24;01.10.24;1 д;;;4;;383;1937;;;НД;Колонны;;;5;КЖ
;0%;0 д;01.03.25;30.06.25;01.10.24;01.10.24;1 д;;;4;;384;1938;;;НД;Колонны. Изделия;;;5;КЖ.И
;0%;0 д;01.03.25;30.06.25;01.10.24;01.10.24;1 д;;;4;;385;1939;;;НД;Полы;;;5;КЖ
;0%;0 д;01.03.25;30.06.25;01.10.24;01.10.24;1 д;;;4;;386;1940;;;НД;Плиты перекрытий;;;5;КЖ
;0%;0 д;01.03.25;30.06.25;01.10.24;01.10.24;1 д;;;4;;387;1941;;;НД;Покрытие;;;5;КМ
;0%;0 д;01.03.25;30.06.25;01.10.24;01.10.24;1 д;;;4;;388;1942;;;НД;Конструкции АБК;;;5;КМ
;0%;0 д;01.03.25;30.06.25;01.10.24;01.10.24;1 д;;;4;;389;1943;;;НД;Наружный фахверк;;;5;КМ
;0%;0 д;01.03.25;30.06.25;01.10.24;01.10.24;1 д;;;4;;390;1944;;;НД;Внутренний фахверк;;;5;КМ
;0%;0 д;01.03.25;30.06.25;01.10.24;01.10.24;1 д;;;4;;391;1945;;;НД;Наружные лестницы;;;5;КМ
;0%;0 д;01.03.25;30.06.25;01.10.24;01.10.24;1 д;;;4;;392;1946;;;НД;Электроснабжение;;;5;ЭС
;0%;0 д;01.03.25;30.06.25;01.10.24;01.10.24;1 д;;;4;;393;1947;;;НД;Наружные сети водоснабжения и водоотведения;;;5;НВК
;0%;0 д;01.03.25;30.06.25;01.10.24;01.10.24;1 д;;;4;;394;1948;;;НД;Наружные сети связи;;;5;НСС
;0%;0 д;01.03.25;30.06.25;01.10.24;01.10.24;1 д;;;4;;395;1949;;;НД;Освещение и электрооборудование;;;5;ЭОМ
;0%;0 д;01.03.25;30.06.25;01.10.24;01.10.24;1 д;;;4;;396;1950;;;НД;Внутренние системы водоснабжения;;;5;ВК
;0%;0 д;01.03.25;30.06.25;01.10.24;01.10.24;1 д;;;4;;397;1951;;;НД;Отопление Вент Конд;;;5;ОВ
;0%;0 д;01.03.25;30.06.25;01.10.24;01.10.24;1 д;;;4;;398;1952;;;НД;Пожарная сигнализация;;;5;ПС
;0%;0 д;01.03.25;30.06.25;01.10.24;01.10.24;1 д;;;4;;399;1953;;;НД;Автоматизация комплексная;;;5;АК
;0%;0 д;01.03.25;30.06.25;01.10.24;01.10.24;1 д;;;4;;400;1954;;;НД;Автоматическое пожаротушение;;;5;АПТ
;0%;0 д;01.03.25;30.06.25;01.10.24;01.10.24;1 д;;;4;;401;1955;;;НД;Видеонаблюдение, Система контроля удаленного доступа;;;5;ВН,СКУД
;0%;0 д;01.03.25;30.06.25;01.10.24;01.10.24;1 д;;;4;;402;1956;;;НД;Огнезащита металлоконструкций;;;5;ОГН
;0%;0 д;01.03.25;30.06.25;01.10.24;01.10.24;1 д;;;4;;403;1957;;;НД;Насосная станция пожаротушения;;;5;НСП
;0%;0 д;01.03.25;30.06.25;01.10.24;01.10.24;1 д;;;4;;404;1958;;;НД;Конструктивные решения пристроек;;;5;АС
;0%;0 д;01.03.25;30.06.25;01.10.24;01.10.24;1 д;;;4;;405;1959;;;НД;Система видеонаблюдения;;;5;ВН
;0%;122 д;01.03.25;30.06.25;30.12.24;30.04.25;122 д;;;2;РД;406;507;;;НД;Этап. РАБОЧАЯ ДОКУМЕНТАЦИЯ - НАРУЖНАЯ (ВНЕПЛОЩАДОЧНАЯ) СЕТЬ ВОДОСНАБЖЕНИЯ И КАНАЛИЗАЦИИ, ЛИВНЕВЫХ СТОКОВ;;;4;
;0%;122 д;01.03.25;30.06.25;30.12.24;30.04.25;122 д;;;3;РД;407;508;179ОН-31 д;1274;НД;"Разработка проекта ""Наружная сеть хоз.-бытовой канализации"", в т.ч. с отражением проколов";;;5;НВК
;0%;122 д;01.03.25;30.06.25;30.12.24;30.04.25;122 д;;;3;РД;408;509;179ОН-31 д;1274;НД;Согласование проекта с КМО, МОЭСК, Мособлгаз, Мосавтодор;;;5;
;0%;122 д;01.03.25;30.06.25;30.12.24;30.04.25;122 д;;;3;РД;409;510;179ОН-31 д;1274;НД;Получение технических условий и требований в ГБУ Мосавтодор;;;5;
;0%;122 д;01.03.25;30.06.25;30.12.24;30.04.25;122 д;;;3;РД;410;511;179ОН-31 д;1274;НД;Обращение за установлением сервитута в Минимущества и Заключение соглашения на установление публичного сервитута (при необходимости);;;5;
;0%;122 д;01.03.25;30.06.25;30.12.24;30.04.25;122 д;;;3;РД;411;512;179ОН-31 д;1274;НД;Заключение договора на право прокладки коммуникаций в полосе отвода ГУ МО Мосавтодор (при необходимости);;;5;
;0%;122 д;01.03.25;30.06.25;30.12.24;30.04.25;122 д;;;3;РД;412;513;179ОН-31 д;1274;НД;Получение разрешения на строительство (при необходимости);;;5;
;0%;122 д;01.03.25;30.06.25;30.12.24;30.04.25;122 д;;;3;РД;413;514;179ОН-31 д;;НД;Получение ордера на производство работ, при необходимости (ХБС, ХВС, ПСВ);;;5;
;0%;184 д;01.03.25;31.08.25;30.12.24;01.07.25;184 д;;;2;РД;414;515;;;НД;Этап. РАБОЧАЯ ДОКУМЕНТАЦИЯ - СЕТЬ ЭЛЕКТРОСНАБЖЕНИЯ;;;4;
;0%;122 д;01.03.25;30.06.25;30.12.24;30.04.25;122 д;;;3;РД;415;516;179ОН-31 д;;НД;"Разработка проекта ""Наружная сеть электроснабжения"" (высокая сторона до БКРП + РТП на площадке)";;;5;НЭС
;0%;122 д;01.03.25;30.06.25;30.12.24;30.04.25;122 д;;;3;РД;416;517;179ОН-31 д;417ОН+31 д;НД;"Согласование рабочего проекта электроснабжения в ОАО ""МОЭСК"" (внутриплощадочная сеть, наружная сеть)";;;5;
;0%;31 д;01.08.25;31.08.25;01.06.25;01.07.25;31 д;;;3;РД;417;518;416ОН+31 д;;НД;Получение ордера на производство работ в Администрации го Жуковский;;;5;
;0%;819 д;01.02.25;30.04.27;01.10.24;28.12.26;819 д;;;2;РД;418;519;;;НД;Этап. ПОЖАРНАЯ БЕЗОПАСНОСТЬ;;;4;
;0%;59 д;01.02.25;31.03.25;01.10.24;28.11.24;59 д;;;3;РД;419;520;;;НД;Разработка спец ТУ с согласованием в МЧС (при необходимости);;;5;
;0%;59 д;01.02.25;31.03.25;01.10.24;28.11.24;59 д;;;3;РД;420;521;;421ОН+699 д;НД;"Раздел ""Расчет пожарных рисков""";;;5;
;0%;61 д;01.03.27;30.04.27;29.10.26;28.12.26;61 д;;;3;РД;421;522;420ОН+699 д;;НД;Пожарная декларация на Объекты недвижимости;;;5;
;0%;608 д;01.10.24;31.05.26;01.10.24;11.06.26;619 д;;;1;Тендер;422;1636;;;НД;ТЕНДЕРЫ;;;2;
;0%;1 д;01.10.24;01.10.24;01.10.24;01.10.24;1 д;;;2;Тендер;423;1637;;;НД;Этап ЗАКЛЮЧЕНИЕ ДОГОВОРОВ;;;4;
;0%;1 д;01.10.24;01.10.24;01.10.24;01.10.24;1 д;;;3;Тендер;424;1638;;;НД;Подготовка договоров, необходимых для формирования исходно-разрешительной документации (в т.ч. инвестиционные соглашения с ХСА);;;5;
;0%;1 д;01.10.24;01.10.24;01.10.24;01.10.24;1 д;;;3;Тендер;425;1639;;;НД;Подготовка договоров, необходимых для строительства объекта;;;5;
;0%;1 д;01.10.24;01.10.24;01.10.24;01.10.24;1 д;;;3;Тендер;426;1640;;;НД;Подготовка данных для нулевого отчета проекта (цели кредитования);;;5;
;0%;457 д;01.03.25;31.05.26;01.10.24;11.06.26;619 д;;;2;Тендер;427;1641;;;НД;Этап. ВОРы ТЕНДЕР ДОГОВОРы;;;4;
;0%;122 д;01.03.25;30.06.25;30.12.24;30.06.25;183 д;;;3;Тендер;428;1642;;;НД;ГП;;;4;
;0%;61 д;01.03.25;30.04.25;30.12.24;28.02.25;61 д;;;4;Тендер;429;1643;220НН-31 д;"430ОН-30 д;431";НД;Проверка и корректировка РД;;;5;
;0%;61 д;01.04.25;31.05.25;30.01.25;31.03.25;61 д;;;4;Тендер;430;1644;429ОН-30 д;;НД;Подготовка ВОР по готовой РД;;;5;
;0%;0 д;01.05.25;30.06.25;01.05.25;30.06.25;61 д;;;4;;431;1645;429;"598ОН-30 д;599;600;601;602;603;604";НД;Проведение тендеров и заключение договоров;;;5;
;0%;153 д;01.05.25;30.09.25;01.03.25;31.07.25;153 д;;;3;Тендер;432;1646;;;НД;Благоустройство;;;4;
;0%;61 д;01.05.25;30.06.25;01.03.25;30.04.25;61 д;;;4;Тендер;433;1647;220;434;НД;Проверка и корректировка РД;;;5;
;0%;31 д;01.07.25;31.07.25;01.05.25;31.05.25;31 д;;;4;Тендер;434;1648;433;435;НД;Подготовка ВОР по готовой РД;;;5;
;0%;61 д;01.08.25;30.09.25;01.06.25;31.07.25;61 д;;;4;Тендер;435;1649;434;"606ОН+201 д;607ОН+201 д;608ОН+201 д;609ОН+201 д;555ОН+200 д;556ОН+200 д;554ОН+200 д";НД;Проведение тендеров и заключение договоров;;;5;
;0%;214 д;01.05.25;30.11.25;01.03.25;30.09.25;214 д;;;3;Тендер;436;1650;;;НД;Общие архитектурные решения, КЖ, КМ, стеновые кровельные панели, внутренние перегородки;;;4;
;0%;61 д;01.05.25;30.06.25;01.03.25;30.04.25;61 д;;;4;Тендер;437;1651;220;438НН+31 д;НД;Проверка и корректировка РД;;;5;
;0%;30 д;01.06.25;30.06.25;01.04.25;30.04.25;30 д;;;4;Тендер;438;1652;437НН+31 д;439НН+30 д;НД;Подготовка ВОР по готовой РД;;;5;
;0%;153 д;01.07.25;30.11.25;01.05.25;30.09.25;153 д;;;4;Тендер;439;1653;438НН+30 д;483;НД;Проведение тендеров и заключение договоров;;;5;
;0%;122 д;01.04.25;31.07.25;30.01.25;31.05.25;122 д;;;3;Тендер;440;1654;;;НД;Наружные сети, НВК;;;4;
;0%;61 д;01.04.25;31.05.25;30.01.25;31.03.25;61 д;;;4;Тендер;441;1655;176;442ОН-31 д;НД;Проверка и корректировка РД;;;5;
;0%;31 д;01.05.25;31.05.25;01.03.25;31.03.25;31 д;;;4;Тендер;442;1656;441ОН-31 д;"666;667;668;669;670;671;672;673;674;675;676;677;678;682ОН+31 д;443;679;680";НД;Подготовка ВОР по готовой РД;;;5;
;0%;61 д;01.06.25;31.07.25;01.04.25;31.05.25;61 д;;;4;Тендер;443;1657;442;;НД;Проведение тендеров и заключение договоров;;;5;
;0%;153 д;01.04.25;31.08.25;30.01.25;01.07.25;153 д;;;3;Тендер;444;1658;;;НД;Наружные сети, ЭОМ;;;4;
;0%;61 д;01.04.25;31.05.25;30.01.25;31.03.25;61 д;;;4;Тендер;445;1659;176;446ОН-31 д;НД;Проверка и корректировка РД;;;5;
;0%;61 д;01.05.25;30.06.25;01.03.25;30.04.25;61 д;;;4;Тендер;446;1660;445ОН-31 д;447ОН-30 д;НД;Подготовка ВОР по готовой РД;;;5;
;0%;92 д;01.06.25;31.08.25;01.04.25;01.07.25;92 д;;;4;Тендер;447;1661;446ОН-30 д;;НД;Проведение тендеров и заключение договоров;;;5;
;0%;153 д;01.04.25;31.08.25;30.01.25;01.07.25;153 д;;;3;Тендер;448;1662;;;НД;Наружные сети, сети связи, газ;;;4;
;0%;61 д;01.04.25;31.05.25;30.01.25;31.03.25;61 д;;;4;Тендер;449;1663;176;"450НН+30 д;451";НД;Проверка и корректировка РД;;;5;
;0%;61 д;01.05.25;30.06.25;01.03.25;30.04.25;61 д;;;4;Тендер;450;1664;449НН+30 д;451НН;НД;Подготовка ВОР по готовой РД;;;5;
;0%;92 д;01.06.25;31.08.25;01.04.25;01.07.25;92 д;;;4;Тендер;451;1665;"449;450НН";"709ОН+91 д;710ОН+91 д;711ОН+91 д";НД;Проведение тендеров и заключение договоров;;;5;
;0%;274 д;01.07.25;31.03.26;01.10.24;01.07.25;274 д;;;3;Тендер;452;1666;;;НД;Основание под полы, полы, перекрытия;;;4;
;0%;62 д;01.07.25;31.08.25;01.10.24;01.12.24;62 д;;;4;Тендер;453;1667;;454ОН-31 д;НД;Проверка и корректировка РД;;;5;
;0%;31 д;01.08.25;31.08.25;01.11.24;01.12.24;31 д;;;4;Тендер;454;1668;453ОН-31 д;455ОН+122 д;НД;Подготовка ВОР по готовой РД;;;5;
;0%;90 д;01.01.26;31.03.26;03.04.25;01.07.25;90 д;;;4;Тендер;455;1669;454ОН+122 д;;НД;Проведение тендеров изаключение договоров;;;5;
;0%;245 д;01.06.25;31.01.26;01.10.24;02.06.25;245 д;;;3;Тендер;456;1670;;;НД;Заполнение проемов;;;4;
;0%;60 д;01.06.25;30.07.25;01.10.24;29.11.24;60 д;;;4;Тендер;457;1671;;458ОН-30 д;НД;Проверка и корректировка РД;;;5;
;0%;31 д;01.07.25;31.07.25;31.10.24;30.11.24;31 д;;;4;Тендер;458;1672;457ОН-30 д;459;НД;Подготовка ВОР по готовой РД;;;5;
;0%;184 д;01.08.25;31.01.26;01.12.24;02.06.25;184 д;;;4;Тендер;459;1673;458;;НД;Проведение тендеров и заключение договоров;;;5;
;0%;184 д;01.07.25;31.12.25;01.10.24;02.04.25;184 д;;;3;Тендер;460;1674;;;НД;Внутренние сети, ЭОМ, ЭС, слаботочные сети, АПС, АК;;;4;
;0%;62 д;01.07.25;31.08.25;01.10.24;01.12.24;62 д;;;4;Тендер;461;1675;;462ОН-31 д;НД;Проверка и корректировка РД;;;5;
;0%;31 д;01.08.25;31.08.25;01.11.24;01.12.24;31 д;;;4;Тендер;462;1676;461ОН-31 д;463ОН+30 д;НД;Подготовка ВОР по готовой РД;;;5;
;0%;92 д;01.10.25;31.12.25;01.01.25;02.04.25;92 д;;;4;Тендер;463;1677;462ОН+30 д;;НД;Проведение тендеров и заключение договоров;;;5;
;0%;184 д;01.07.25;31.12.25;01.10.24;02.04.25;184 д;;;3;Тендер;464;1678;;;НД;Внутренние сети, ОВ и ВК, отопление, вентиляция, кондиционирование, АУПТ;;;4;
;0%;62 д;01.07.25;31.08.25;01.10.24;01.12.24;62 д;;;4;Тендер;465;1679;;466ОН-31 д;НД;Проверка и корректировка РД;;;5;
;0%;31 д;01.08.25;31.08.25;01.11.24;01.12.24;31 д;;;4;Тендер;466;1680;465ОН-31 д;467ОН+30 д;НД;Подготовка ВОР по готовой РД;;;5;
;0%;92 д;01.10.25;31.12.25;01.01.25;02.04.25;92 д;;;4;Тендер;467;1681;466ОН+30 д;;НД;Проведение тендеров и заключение договоров;;;5;
;0%;245 д;01.06.25;31.01.26;01.10.24;02.06.25;245 д;;;3;Тендер;468;1682;;;НД;Огнезащита;;;4;
;0%;61 д;01.06.25;31.07.25;01.10.24;30.11.24;61 д;;;4;Тендер;469;1683;;"470ОН-31 д;473ОН-61 д";НД;Проверка и корректировка РД;;;5;
;0%;31 д;01.07.25;31.07.25;31.10.24;30.11.24;31 д;;;4;Тендер;470;1684;469ОН-31 д;471ОН+92 д;НД;Подготовка ВОР по готовой РД;;;5;
;0%;92 д;01.11.25;31.01.26;03.03.25;02.06.25;92 д;;;4;Тендер;471;1685;470ОН+92 д;;НД;Проведение тендеров и заключение договоров;;;5;
;0%;365 д;01.06.25;31.05.26;01.10.24;30.09.25;365 д;;;3;Тендер;472;1686;;;НД;Прочее (реклама, граффити, видеонаблюдение, элементы декора, и т.д.);;;4;
;0%;61 д;01.06.25;31.07.25;01.10.24;30.11.24;61 д;;;4;Тендер;473;1687;469ОН-61 д;"474ОН-31 д;475ОН+92 д";НД;Проверка и корректировка РД;;;5;
;0%;31 д;01.07.25;31.07.25;31.10.24;30.11.24;31 д;;;4;Тендер;474;1688;473ОН-31 д;;НД;Подготовка ВОР по готовой РД;;;5;
;0%;212 д;01.11.25;31.05.26;03.03.25;30.09.25;212 д;;;4;Тендер;475;1689;473ОН+92 д;;НД;Проведение тендеров и заключение договоров;;;5;
;0%;0 д;НД;НД;26.05.26;11.06.26;17 д;;;3;;476;1690;;;НД;Здание ZaVoda разделы КЖ, КМ, ГП;;;4;
;0%;0 д;НД;НД;26.05.26;30.05.26;5 д;;;4;;477;1691;369;478;НД;Проверка и корректировка РД;;;5;
;0%;0 д;НД;НД;31.05.26;04.06.26;5 д;;;4;;478;1692;477;479;НД;Подготовка ВОР по готовой РД;;;5;
;0%;0 д;НД;НД;05.06.26;11.06.26;7 д;;;4;;479;1693;478;"1018ОН+20 д;1116ОН+1 д";НД;Проведение тендеров и заключение договоров;;;5;
;66%;608 д;НД;НД;01.10.24;15.07.26;653 д;;;1;Тендер;480;267;;;НД;ПОСТАВКА;;;2;
;0%;122 д;НД;НД;01.10.24;30.09.25;365 д;;;2;Тендер;481;273;;;НД;Конструктивные решения нулевого цикла и каркас;;;4;
;0%;61 д;НД;НД;01.10.24;01.10.24;0 д;;;3;Тендер;482;274;;;НД;Сваи;;;5;
;0%;61 д;НД;НД;30.09.25;30.09.25;0 д;;;3;Тендер;483;275;439;;НД;Фундаменты;;;5;
;0%;0 д;НД;НД;01.10.24;01.10.24;0 д;;;3;;484;1441;;;НД;Металлоконструкции;;;5;
;0%;61 д;НД;НД;01.10.24;01.10.24;0 д;;;3;Тендер;485;278;;;НД;Кровля;;;5;
;0%;31 д;НД;НД;01.10.24;01.10.24;0 д;;;2;Тендер;486;279;;;НД;Ограждающие конструкции и заполнение проемов;;;5;
;0%;61 д;НД;НД;01.10.24;01.10.24;0 д;;;3;Тендер;487;280;;;НД;Сэндвич-панели стеновые;;;5;
;0%;214 д;НД;НД;01.10.24;01.10.24;0 д;;;3;Тендер;488;281;;;НД;Цокольные панели;;;4;
;0%;61 д;НД;НД;01.10.24;01.10.24;0 д;;;3;Тендер;489;282;;;НД;Профлист (стеновой);;;5;
;0%;30 д;НД;НД;01.10.24;01.10.24;0 д;;;3;Тендер;490;283;;;НД;Ворота / Доки;;;5;
;0%;153 д;НД;НД;01.10.24;01.10.24;0 д;;;3;Тендер;491;284;;;НД;Витражи;;;5;
;0%;122 д;НД;НД;01.10.24;01.10.24;0 д;;;3;Тендер;492;285;;;НД;Окна;;;4;
;0%;61 д;НД;НД;01.10.24;01.10.24;0 д;;;3;Тендер;493;286;;;НД;Двери;;;5;
;0%;31 д;НД;НД;01.10.24;01.10.24;0 д;;;3;Тендер;494;287;;;НД;Огнезащита металлоконструкций;;;5;
;0%;61 д;НД;НД;01.10.24;01.10.24;0 д;;;2;Тендер;495;288;;;НД;Полы и основания;;;5;
;0%;153 д;НД;НД;01.10.24;01.10.24;0 д;;;3;Тендер;496;289;;;НД;Основание (щебень) (блоки);;;4;
;0%;61 д;НД;НД;01.10.24;01.10.24;0 д;;;3;Тендер;497;290;;;НД;Стабилизация (блоки);;;5;
;0%;61 д;НД;НД;01.10.24;01.10.24;0 д;;;3;Тендер;498;291;;;НД;Промышленные полы (блоки);;;5;
;0%;92 д;НД;НД;01.10.24;01.10.24;0 д;;;3;Тендер;499;292;;;НД;Основание (АБК);;;5;
;0%;153 д;НД;НД;01.10.24;01.10.24;0 д;;;3;Тендер;500;293;;;НД;Стабилизация (АБК);;;4;
;0%;61 д;НД;НД;01.10.24;01.10.24;0 д;;;3;Тендер;501;294;;;НД;Полы (АБК);;;5;
;0%;61 д;НД;НД;01.10.24;01.10.24;0 д;;;2;Тендер;502;295;;;НД;Инженерные системы (наружные и внутренние сети);;;5;
;0%;92 д;НД;НД;01.10.24;01.10.24;0 д;;;3;Тендер;503;296;;;НД;КТП / РТП;;;5;
;0%;274 д;НД;НД;01.10.24;01.10.24;0 д;;;3;Тендер;504;297;;;НД;ДГУ;;;4;
;0%;62 д;НД;НД;01.10.24;01.10.24;0 д;;;3;Тендер;505;298;;;НД;Кабель силовой 10 кВ;;;5;
;0%;31 д;НД;НД;01.10.24;01.10.24;0 д;;;3;Тендер;506;299;;;НД;Шинопровод;;;5;
;0%;90 д;НД;НД;01.10.24;01.10.24;0 д;;;3;Тендер;507;300;;;НД;Ячейки КРУ / КРМО;;;5;
;0%;245 д;НД;НД;01.10.24;01.10.24;0 д;;;3;Тендер;508;301;;;НД;Котельная (блочно-модульная);;;4;
;0%;60 д;НД;НД;01.10.24;01.10.24;0 д;;;3;Тендер;509;302;;;НД;ГРП;;;5;
;0%;31 д;НД;НД;01.10.24;01.10.24;0 д;;;3;Тендер;510;303;;;НД;Противопожарные резервуары;;;5;
;0%;184 д;НД;НД;01.10.24;01.10.24;0 д;;;3;Тендер;511;304;;;НД;Насосная станция пожаротушения;;;5;
;0%;184 д;НД;НД;01.10.24;01.10.24;0 д;;;3;Тендер;512;305;;;НД;Приточно-вытяжные установки;;;4;
;0%;62 д;НД;НД;01.10.24;01.10.24;0 д;;;3;Тендер;513;306;;;НД;Автономная котельная (для АБК);;;5;
;66%;61 д;НД;НД;01.10.24;15.07.26;653 д;;;2;Тендер;514;1961;;;НД;Инженерные системы (наружные и внутренние сети);;;5;
;0%;92 д;НД;НД;01.10.24;01.10.24;0 д;;;3;Тендер;515;1962;;;НД;КТП / РТП блок А;;;5;
;0%;0 д;НД;НД;01.10.24;01.10.24;1 д;;;3;;516;1963;;;НД;КТП / РТП блок B;;;;
;0%;0 д;НД;НД;01.10.24;01.10.24;1 д;;;3;;517;1964;;;НД;КТП / РТП блок C;;;;
;0%;0 д;НД;НД;01.10.24;01.10.24;1 д;;;3;;518;1965;;;НД;КТП / РТП блок D;;;;
;0%;0 д;НД;НД;01.10.24;01.10.24;1 д;;;3;;519;1966;;;НД;КТП / РТП блок U1U2;;;;
;0%;0 д;НД;НД;01.10.24;01.10.24;1 д;;;3;;520;1967;;;НД;КТП / РТП блок U3U4;;;;
;0%;274 д;НД;НД;01.10.24;01.10.24;0 д;;;3;Тендер;521;1968;;;НД;ДГУ Блок А (отдельно-стоящее);;;4;
;0%;0 д;НД;НД;01.10.24;01.10.24;1 д;;;3;;522;1969;;;НД;ДГУ Блок B (отдельно-стоящее);;;;
;0%;0 д;НД;НД;01.10.24;01.10.24;1 д;;;3;;523;1970;;;НД;ДГУ Блок C (отдельно-стоящее);;;;
;0%;0 д;НД;НД;01.10.24;01.10.24;1 д;;;3;;524;1971;;;НД;ДГУ Блок D (отдельно-стоящее);;;;
;0%;0 д;НД;НД;01.10.24;01.10.24;1 д;;;3;;525;1972;;;НД;ДГУ Блок U1U2 (отдельно-стоящее);;;;
;0%;0 д;НД;НД;01.10.24;01.10.24;1 д;;;3;;526;1973;;;НД;ДГУ Блок U3U4  (отдельно-стоящее);;;;
;0%;0 д;НД;НД;01.10.24;01.10.24;1 д;;;3;;527;1974;;;НД;ТП Блок А;;;;
;0%;0 д;НД;НД;01.10.24;01.10.24;1 д;;;3;;528;1975;;;НД;ТП Блок B;;;;
;0%;0 д;НД;НД;01.10.24;01.10.24;1 д;;;3;;529;1976;;;НД;ТП Блок C;;;;
;0%;0 д;НД;НД;01.10.24;01.10.24;1 д;;;3;;530;1977;;;НД;ТП Блок D;;;;
;0%;0 д;НД;НД;01.10.24;01.10.24;1 д;;;3;;531;1978;;;НД;ТП Блок U1U2;;;;
;0%;0 д;НД;НД;01.10.24;01.10.24;1 д;;;3;;532;1979;;;НД;ТП Блок U3U4;;;;
;0%;62 д;НД;НД;01.10.24;01.10.24;0 д;;;3;Тендер;533;1980;;;НД;Кабель силовой 10 кВ;;;5;
;0%;31 д;НД;НД;01.10.24;01.10.24;0 д;;;3;Тендер;534;1981;;;НД;Шинопровод;;;5;
;0%;90 д;НД;НД;01.10.24;01.10.24;0 д;;;3;Тендер;535;1982;;;НД;Ячейки КРУ / КРМО;;;5;
;5%;245 д;НД;НД;03.04.26;07.04.26;5 д;;;3;Тендер;536;1983;;;НД;Котельная (блочно-модульная) Блок А;;;4;
;0%;0 д;НД;НД;01.10.24;01.10.24;1 д;;;3;;537;1984;;;НД;Котельная (блочно-модульная) Блок B;;;;
;0%;0 д;НД;НД;01.10.24;01.10.24;1 д;;;3;;538;1985;;;НД;Котельная (блочно-модульная) Блок C;;;;
;0%;0 д;НД;НД;01.10.24;01.10.24;1 д;;;3;;539;1986;;;НД;Котельная (блочно-модульная) Блок D;;;;
;0%;0 д;НД;НД;01.10.24;01.10.24;1 д;;;3;;540;1987;;;НД;Котельная (блочно-модульная) Блок U1U2;;;;
;0%;0 д;НД;НД;01.10.24;01.10.24;1 д;;;3;;541;1988;;;НД;Котельная (блочно-модульная) Блок U3U4;;;;
;0%;60 д;НД;НД;01.10.24;01.10.24;0 д;;;3;Тендер;542;1989;;;НД;ГРЩ блок А;;;5;
;0%;0 д;НД;НД;01.10.24;01.10.24;1 д;;;3;;543;1990;;;НД;ГРЩ блок B;;;;
;0%;0 д;НД;НД;01.10.24;01.10.24;1 д;;;3;;544;1991;;;НД;ГРЩ блок C;;;;
;0%;0 д;НД;НД;01.10.24;01.10.24;1 д;;;3;;545;1992;;;НД;ГРЩ блок D;;;;
;0%;0 д;НД;НД;01.10.24;01.10.24;1 д;;;3;;546;1993;;;НД;ГРЩ блок U1U2;;;;
;0%;0 д;НД;НД;01.10.24;01.10.24;1 д;;;3;;547;1994;;;НД;ГРЩ блок U3U4;;;;
;0%;0 д;НД;НД;01.10.24;01.10.24;1 д;;;3;;548;1995;;;НД;Распределительный пункт;;;;
;90%;31 д;НД;НД;11.01.26;29.04.26;64 д;;;3;Тендер;549;1996;;;НД;Противопожарные резервуары Блок А;;;5;
;90%;184 д;НД;НД;11.01.26;30.04.26;110 д;;;3;Тендер;550;1997;;;НД;Насосная станция пожаротушения блок А;;;5;
;0%;184 д;НД;НД;01.10.24;01.10.24;0 д;;;3;Тендер;551;1998;;;НД;Приточно-вытяжные установки;;;4;
;50%;0 д;НД;НД;01.03.26;15.07.26;137 д;;;3;;552;1999;;;НД;Лифт АСЦ;;;;
;0%;31 д;НД;НД;16.02.26;16.02.26;0 д;;;2;Тендер;553;307;;;НД;Благоустройство территории;;;5;
;0%;92 д;НД;НД;16.02.26;16.02.26;0 д;;;3;Тендер;554;308;435ОН+200 д;;НД;Покрытия;;;5;
;0%;184 д;НД;НД;16.02.26;16.02.26;0 д;;;3;Тендер;555;309;435ОН+200 д;;НД;МАФ;;;4;
;0%;62 д;НД;НД;16.02.26;16.02.26;0 д;;;3;Тендер;556;310;435ОН+200 д;;НД;Ландшафтное озеленение;;;5;
;14%;913 д?;01.10.24;01.04.27;01.10.24;09.02.27;862 д;;;1;СМР;557;523;;;НД;СМР;;;2;
338ad810-5751-11f0-a555-005056026d24;0%;548 д;01.06.25;30.11.26;01.04.25;30.09.26;548 д;;;2;СМР;558;524;220ОН+31 д;1280НН;НД;СОПРОВОЖДЕНИЕ СМР СО СТОРОНЫ ТЕХ.ЗАКАЗЧИКА;Лот №58 СОПРОВОЖДЕНИЕ СМР СО СТОРОНЫ ТЕХ.ЗАКАЗЧИКА;;5;
;0%;61 д;01.06.25;31.07.25;01.04.25;31.05.25;61 д;;;2;СМР;559;525;;;НД;Этап. СТРОИТЕЛЬНО-МОНТАЖНЫЕ РАБОТЫ;;;4;
;0%;31 д;01.07.25;31.07.25;01.05.25;31.05.25;31 д;;;3;СМР;560;526;567;;НД;"Акт разбивки осей, вынос границ з/у ""в натуру""";;;5;
;0%;31 д;01.07.25;31.07.25;01.05.25;31.05.25;31 д;;;3;СМР;561;527;567;;НД;Акт передачи реперов;;;5;
;0%;31 д;01.07.25;31.07.25;01.05.25;31.05.25;31 д;;;3;СМР;562;528;567;;НД;Акты освидетельствования грунтов (по заявкам);;;5;
;0%;31 д;01.07.25;31.07.25;01.05.25;31.05.25;31 д;;;3;СМР;563;529;567;;НД;Обеспечение точки временного подключения строительной площадки: эл-во, хвс;;;5;
;0%;31 д;01.07.25;31.07.25;01.05.25;31.05.25;31 д;;;3;СМР;564;530;567;;НД;АКТ ПРИЕМА-ПЕРЕДАЧИ СТРОИТЕЛЬНОЙ ПЛОЩАДКИ;;;5;
;0%;31 д;01.07.25;31.07.25;01.05.25;31.05.25;31 д;;;3;СМР;565;531;567;;НД;Извещение ГАСН о начале работ;;;5;
;0%;31 д;01.07.25;31.07.25;01.05.25;31.05.25;31 д;;;3;СМР;566;532;567;;НД;Регистрация ГАСН Общего журнала работ;;;5;
;0%;30 д;01.06.25;30.06.25;01.04.25;30.04.25;30 д;;;3;СМР;567;533;222;"560;561;562;563;564;565;566";НД;Сводный сметный расчет по стадии Р;;;5;
;23%;549 д?;01.06.25;01.12.26;01.10.24;31.10.26;761 д;;;2;СМР;568;534;;;НД;Общие работы;;;3;
641583d7-4daa-11f0-a555-005056026d24;72%;184 д;01.08.25;31.01.26;01.10.24;31.01.26;488 д;;;3;СМР;569;535;;;НД;ПОДГОТОВИТЕЛЬНЫЕ РАБОТЫ ;Лот №01. Подготовительные работы;;4;
;95%;184 д;01.08.25;31.01.26;01.08.25;31.01.26;184 д;;;4;СМР;570;536;;;НД;Устройство временных дорог, площадок (срезка ПРС, песок 100 мм, дорожные плиты);;;5;
;100%;184 д;01.08.25;31.01.26;01.08.25;31.01.26;184 д;;;4;СМР;571;537;;;НД;Устройство площадки для хранения материалов (срезка ПРС, уплотнение, георешетка, щебень 200 мм);;;5;
;0%;184 д;01.08.25;31.01.26;01.10.24;02.04.25;184 д;;;4;СМР;572;538;;;НД;Устройство пешеходных дорог шириной 1м;;;5;
;100%;61 д;01.08.25;30.09.25;01.08.25;30.09.25;61 д;;;4;СМР;573;539;;;НД;Временное ограждение территории забором (профлист) с воротами;;;5;
;0%;61 д;01.08.25;30.09.25;01.10.24;30.11.24;61 д;;;4;СМР;574;540;;;НД;Устройство временных коммуникаций на стр. площадке (водопровод);;;5;
;50%;61 д;01.08.25;30.09.25;01.08.25;30.09.25;61 д;;;4;СМР;575;541;;;НД;Устройство временных коммуникаций на стр. площадке (техническая скважина 50м с оборудованием);;;5;
;100%;61 д;01.08.25;30.09.25;01.08.25;30.09.25;61 д;;;4;СМР;576;542;;;НД;Устройство временного электроснабжения (бытового городка, устройство щитов в зоне монтажа);;;5;
;0%;61 д;01.08.25;30.09.25;01.10.24;30.11.24;61 д;;;4;СМР;577;543;;;НД;Устройство временного освещения периметра;;;5;
;100%;61 д;01.08.25;30.09.25;01.08.25;30.09.25;61 д;;;4;СМР;578;544;;;НД;Обеспечение точки подключения к временному электроснабжению (трансформатор);;;5;
;100%;61 д;01.08.25;30.09.25;01.08.25;30.09.25;61 д;;;4;СМР;579;545;;;НД;Устройство временного видеонаблюдения строительной площадки, СКУД;;;5;
;100%;61 д;01.08.25;30.09.25;01.08.25;30.09.25;61 д;;;4;СМР;580;546;;;НД;Монтаж пожарного щита;;;5;
;100%;61 д;01.08.25;30.09.25;01.08.25;30.09.25;61 д;;;4;СМР;581;547;;;НД;Монтаж места для курения;;;5;
;100%;61 д;01.08.25;30.09.25;01.08.25;30.09.25;61 д;;;4;СМР;582;548;;;НД;Монтаж урны для мусора;;;5;
;100%;61 д;01.08.25;30.09.25;01.08.25;30.09.25;61 д;;;4;СМР;583;549;;;НД;Монтаж места для отчистки обуви;;;5;
;100%;61 д;01.08.25;30.09.25;01.08.25;30.09.25;61 д;;;4;СМР;584;550;;;НД;Производство и монтаж бытового городка;;;5;
;50%;61 д;01.08.25;30.09.25;01.08.25;30.09.25;61 д;;;4;СМР;585;551;;;НД;Устройство помывочного пункта для колесной техники с подключением;;;5;
d1ee21a0-4daa-11f0-a555-005056026d24;50%;457 д;01.08.25;31.10.26;01.10.24;31.10.26;761 д;;;3;СМР;586;552;;;НД;СОДЕРЖАНИЕ СТРОИТЕЛЬНОЙ ПЛОЩАДКИ;Лот №02. Содержание строительной площадки;;4;
b0f9f4eb-4daa-11f0-a555-005056026d24;50%;457 д;01.08.25;31.10.26;01.10.24;31.10.26;761 д;;;4;СМР;587;553;;;НД;Обслуживание строительной площадки;2.1. Обслуживание строительной площадки;;4;
;100%;457 д;01.08.25;31.10.26;01.08.25;31.10.26;457 д;;;5;СМР;588;554;;;НД;Возмещаемое электроснабжение на период строительства;;;5;
;100%;457 д;01.08.25;31.10.26;01.08.25;31.10.26;457 д;;;5;СМР;589;555;;;НД;Обслуживание стройплощадки ( в т.ч. туалеты, помывочные пункты для колесной техники, уборка территории);;;5;
;0%;457 д;01.08.25;31.10.26;01.10.24;31.12.25;457 д;;;5;СМР;590;556;;;НД;Оплата интернета для штаба строительства;;;5;
;0%;457 д;01.08.25;31.10.26;01.10.24;31.12.25;457 д;;;5;СМР;591;557;;;НД;Демобилизация (демонтаж ограждения);;;5;
fe36581d-4daa-11f0-a555-005056026d24;50%;457 д;01.08.25;31.10.26;01.10.24;31.10.26;761 д;;;4;СМР;592;558;;;НД;Должная осмотрительность;2.2. Должная осмотрительность;;4;
;100%;457 д;01.08.25;31.10.26;01.08.25;31.10.26;457 д;;;5;СМР;593;559;;;НД;Монтаж временного КПП;;;5;
;100%;457 д;01.08.25;31.10.26;01.08.25;31.10.26;457 д;;;5;СМР;594;560;;;НД;СКУД, видеонаблюдение;;;5;
;0%;457 д;01.08.25;31.10.26;01.10.24;31.12.25;457 д;;;5;СМР;595;561;;;НД;Охрана объекта 2 пост/ 3 чел.;;;5;
;0%;457 д;01.08.25;31.10.26;01.10.24;31.12.25;457 д;;;5;СМР;596;562;;;НД;Должная осмотрительность;;;5;
203c68fb-4dab-11f0-a555-005056026d24;100%;214 д;01.06.25;31.12.25;01.06.25;31.12.25;214 д;;;3;СМР;597;563;;;НД;Земляные работы;Лот №03. Земляные работы;;4;
;100%;92 д;01.06.25;31.08.25;01.06.25;31.08.25;92 д;;;4;СМР;598;564;"222ОН-30 д;431ОН-30 д";722НН;НД;Срезка растительного слоя с перемещением по строительной площадке h=300мм.;;;5;
;100%;153 д;01.08.25;31.12.25;01.08.25;31.12.25;153 д;;;4;СМР;599;565;"222ОН+61 д;431";;НД;Утилизация растительного грунта;;;5;
;100%;153 д;01.08.25;31.12.25;01.08.25;31.12.25;153 д;;;4;СМР;600;566;"222ОН+61 д;431";;НД;Складирование/окучивание растительного грунта;;;5;
;100%;153 д;01.08.25;31.12.25;01.08.25;31.12.25;153 д;;;4;СМР;601;567;"222ОН+61 д;431";;НД;Разработка грунта с погрузкой на самосвалы;;;5;
;100%;153 д;01.08.25;31.12.25;01.08.25;31.12.25;153 д;;;4;СМР;602;568;"222ОН+61 д;431";;НД;Перемещение грунта по строительной площадке;;;5;
;100%;153 д;01.08.25;31.12.25;01.08.25;31.12.25;153 д;;;4;СМР;603;569;"222ОН+61 д;431";"724ОН-120 д;823ОН-40 д;922ОН+25 д;924ОН+27 д;928ОН+26 д;829ОН-21 д";НД;Устройство насыпи из грунта с послойным уплотнением до требуемого коэфициэнта, в соответствии с требованиями проектной документации;;;5;
;100%;153 д;01.08.25;31.12.25;01.08.25;31.12.25;153 д;;;4;СМР;604;570;"222ОН+61 д;431";;НД;Планировка участка до проектной отметки;;;5;
188d1757-4dac-11f0-a555-005056026d24;0%;183 д;01.04.26;30.09.26;18.02.26;31.07.26;164 д;;;3;СМР;605;571;;;НД;Благоустройство;Лот №04. Благоустройство;;4;
;0%;183 д;01.04.26;30.09.26;18.02.26;31.07.26;164 д;;;4;СМР;606;572;435ОН+201 д;;НД;Основание под асфальтирование: стабилизация (лето 2025);;;5;
;0%;183 д;01.04.26;30.09.26;18.02.26;31.07.26;164 д;;;4;СМР;607;573;435ОН+201 д;;НД;Основание под асфальтирование: песок 200 мм, щебень 200 мм, георешетка (лето 2025);;;5;
;0%;183 д;01.04.26;30.09.26;18.02.26;31.07.26;164 д;;;4;СМР;608;574;435ОН+201 д;;НД;"Асфальтирование горячий пористый асфальтобетон марки II из крупнозернистой щебеночной (гравийной) смеси, марка битума БНД-60/90 -60мм.; горячий плотный асфальтобетон марки II из мелкозернистой щебеночной 50 мм (гравийной) смеси типа Б, марка битума БНД/БН";;;5;
;0%;183 д;01.04.26;30.09.26;18.02.26;31.07.26;164 д;;;4;СМР;609;575;435ОН+201 д;"610ОН-92 д;611ОН-92 д;612ОН-92 д;613ОН-92 д;614ОН-92 д;615ОН-92 д;616ОН-92 д;617ОН-92 д;618ОН-92 д;619ОН-92 д;620ОН-92 д;621ОН-92 д;622ОН-92 д;623ОН-92 д;624ОН-92 д;625ОН-92 д;626ОН-92 д;627ОН-92 д;628ОН-92 д;629ОН-92 д;630ОН-92 д;631ОН-92 д;632ОН-92 д...";НД;Асфальтирование горячий пористый асфальтобетон марки II из крупнозернистой щебеночной (гравийной) смеси, марка битума БНД-60/90 -60мм. (с бордюром и разметкой термопастиком);;;5;
;0%;92 д;01.07.26;30.09.26;01.05.26;31.07.26;92 д;;;4;СМР;610;576;609ОН-92 д;;НД;Радиусный бордюр (лето 2025);;;5;
;0%;92 д;01.07.26;30.09.26;01.05.26;31.07.26;92 д;;;4;СМР;611;577;609ОН-92 д;"648НН+31 д;649НН+31 д;650НН+31 д;651НН+31 д;652НН+31 д;653НН+31 д;654НН+31 д;655НН+31 д;656НН+31 д;657НН+31 д;658НН+31 д;659НН+31 д;660НН+31 д;661НН+31 д;662НН+31 д;663НН+31 д";НД;Покрытие тротуаров, отмостки из асфальтобетона -50мм с основанием;;;5;
;0%;92 д;01.07.26;30.09.26;01.05.26;31.07.26;92 д;;;4;СМР;612;578;609ОН-92 д;;НД;Покрытие тротуаров, отмостки из тротуарных плит, с основанием;;;5;
;0%;92 д;01.07.26;30.09.26;01.05.26;31.07.26;92 д;;;4;СМР;613;579;609ОН-92 д;;НД;Устройство примыканий с водопропускными трубами не менее 40м;;;5;
;0%;92 д;01.07.26;30.09.26;01.05.26;31.07.26;92 д;;;4;СМР;614;580;609ОН-92 д;;НД;Покрытие площадок из резиновой крошки с основанием;;;5;
;0%;92 д;01.07.26;30.09.26;01.05.26;31.07.26;92 д;;;4;СМР;615;581;609ОН-92 д;;НД;Подпорные стены (в тч земляные работы, основание, бетонная подготовка);;;5;
;0%;92 д;01.07.26;30.09.26;01.05.26;31.07.26;92 д;;;4;СМР;616;582;609ОН-92 д;;НД;Покрытие дорожки из асфальтобетонной крошки/щебня (парк);;;5;
;0%;92 д;01.07.26;30.09.26;01.05.26;31.07.26;92 д;;;4;СМР;617;583;609ОН-92 д;;НД;Основание под настил из террасной доски;;;5;
;0%;92 д;01.07.26;30.09.26;01.05.26;31.07.26;92 д;;;4;СМР;618;584;609ОН-92 д;;НД;Настил из террасной доски (лиственница);;;5;
;0%;92 д;01.07.26;30.09.26;01.05.26;31.07.26;92 д;;;4;СМР;619;585;609ОН-92 д;;НД;Газон;;;5;
;0%;92 д;01.07.26;30.09.26;01.05.26;31.07.26;92 д;;;4;СМР;620;586;609ОН-92 д;;НД;Устройство ограждения земельного участка h=2,0м (фасад);;;5;
;0%;92 д;01.07.26;30.09.26;01.05.26;31.07.26;92 д;;;4;СМР;621;587;609ОН-92 д;;НД;Устройство ограждения земельного участка h=2,0м (FENSYS или аналог);;;5;
;0%;92 д;01.07.26;30.09.26;01.05.26;31.07.26;92 д;;;4;СМР;622;588;609ОН-92 д;;НД;Устройство ограждения контейнерной площадки (профлист на металлическом каркасе, цвет RAL 7024);;;5;
;0%;92 д;01.07.26;30.09.26;01.05.26;31.07.26;92 д;;;4;СМР;623;589;609ОН-92 д;;НД;Устройство ограждения земельного участка h=2,5м (FENSYS или аналог);;;5;
;0%;92 д;01.07.26;30.09.26;01.05.26;31.07.26;92 д;;;4;СМР;624;590;609ОН-92 д;;НД;Устройство откатных ворот для проема шириной 8.0 м, h=2.0 м;;;5;
;0%;92 д;01.07.26;30.09.26;01.05.26;31.07.26;92 д;;;4;СМР;625;591;609ОН-92 д;;НД;Устройство распашных ворот (2 створки) для проема шириной 6м, h=2.0 м (FENSYS или аналог);;;5;
;0%;92 д;01.07.26;30.09.26;01.05.26;31.07.26;92 д;;;4;СМР;626;592;609ОН-92 д;;НД;Устройство распашных ворот (2 створки) для проема шириной 4.5 м, h=2.0 м (FENSYS или аналог);;;5;
;0%;92 д;01.07.26;30.09.26;01.05.26;31.07.26;92 д;;;4;СМР;627;593;609ОН-92 д;;НД;Устройство распашных ворот (2 створки) для проема шириной 3.5 м, h=2.0 м (FENSYS или аналог);;;5;
;0%;92 д;01.07.26;30.09.26;01.05.26;31.07.26;92 д;;;4;СМР;628;594;609ОН-92 д;;НД;Устройство калитки в ограждении b=1,2м (FENSYS или аналог);;;5;
;0%;92 д;01.07.26;30.09.26;01.05.26;31.07.26;92 д;;;4;СМР;629;595;609ОН-92 д;;НД;Устройство фундаментов для колесных напраляющих;;;5;
;0%;92 д;01.07.26;30.09.26;01.05.26;31.07.26;92 д;;;4;СМР;630;596;609ОН-92 д;;НД;Площадка под мусорные конейнеры на 8м3;;;5;
;0%;92 д;01.07.26;30.09.26;01.05.26;31.07.26;92 д;;;4;СМР;631;597;609ОН-92 д;;НД;Площадка под мусорные конейнеры на 1,1м3;;;5;
;0%;92 д;01.07.26;30.09.26;01.05.26;31.07.26;92 д;;;4;СМР;632;598;609ОН-92 д;;НД;Опора освещения с фонарем;;;5;
;0%;92 д;01.07.26;30.09.26;01.05.26;31.07.26;92 д;;;4;СМР;633;599;609ОН-92 д;;НД;Навес для техники;;;5;
;0%;92 д;01.07.26;30.09.26;01.05.26;31.07.26;92 д;;;4;СМР;634;600;609ОН-92 д;;НД;Бытовой городок (РММ, хранение инструментов);;;5;
;0%;92 д;01.07.26;30.09.26;01.05.26;31.07.26;92 д;;;4;СМР;635;601;609ОН-92 д;;НД;Капельный полив;;;5;
61f1bd60-4dac-11f0-a555-005056026d24;0%;92 д;01.08.26;31.10.26;01.06.26;31.08.26;92 д;;;3;СМР;636;602;;;НД;Ландшафтное озеленение. МАФ;Лот №05. Ландшафтное озеленение. МАФ;;4;
;0%;92 д;01.08.26;31.10.26;01.06.26;31.08.26;92 д;;;4;СМР;637;603;609ОН-61 д;;НД;Ландшафтное озелениение - многолетние травы, кустарники, деревья (в т.ч.аллея);;;5;
;0%;92 д;01.08.26;31.10.26;01.06.26;31.08.26;92 д;;;4;СМР;638;604;609ОН-61 д;;НД;Ландшафтное озелениение у АБК Base;;;5;
;0%;92 д;01.08.26;31.10.26;01.06.26;31.08.26;92 д;;;4;СМР;639;605;609ОН-61 д;;НД;Ландшафтное озелениение у АБК Point;;;5;
;0%;92 д;01.08.26;31.10.26;01.06.26;31.08.26;92 д;;;4;СМР;640;606;609ОН-61 д;;НД;Ландшафтное озелениение у АБК Studio;;;5;
;0%;92 д;01.08.26;31.10.26;01.06.26;31.08.26;92 д;;;4;СМР;641;607;609ОН-61 д;;НД;Ландшафтное озелениение у АБК Urban;;;5;
;0%;92 д;01.08.26;31.10.26;01.06.26;31.08.26;92 д;;;4;СМР;642;608;609ОН-61 д;;НД;Ландшафтное озелениение у АБК Urban (большая зона);;;5;
;0%;92 д;01.08.26;31.10.26;01.06.26;31.08.26;92 д;;;4;СМР;643;609;609ОН-61 д;;НД;Дорожные знаки;;;5;
;0%;92 д;01.08.26;31.10.26;01.06.26;31.08.26;92 д;;;4;СМР;644;610;609ОН-61 д;;НД;МАФ (скамейки);;;5;
;0%;92 д;01.08.26;31.10.26;01.06.26;31.08.26;92 д;;;4;СМР;645;611;609ОН-61 д;;НД;МАФ (урны);;;5;
;0%;92 д;01.08.26;31.10.26;01.06.26;31.08.26;92 д;;;4;СМР;646;612;609ОН-61 д;;НД;МАФ (велопарковка на 5 мест);;;5;
6d492670-4dc8-11f0-a555-005056026d24;0%;123 д;01.08.26;01.12.26;01.06.26;31.08.26;92 д;;;3;СМР;647;613;;;НД;Объекты благоустройства;Лот №06. Объекты благоустройства;;4;
;0%;92 д;01.08.26;31.10.26;01.06.26;31.08.26;92 д;;;4;СМР;648;614;611НН+31 д;;НД;КПП отдельностоящее, заводского изготовления 2,4*6,4м с отделкой;;;5;
;0%;92 д;01.09.26;01.12.26;01.06.26;31.08.26;92 д;;;4;СМР;649;615;611НН+31 д;;НД;Шлагбаум 4м (одна стрела);;;5;
;0%;92 д;01.09.26;01.12.26;01.06.26;31.08.26;92 д;;;4;СМР;650;616;611НН+31 д;;НД;Шлагбаум 5м (одна стрела);;;5;
;0%;92 д;01.09.26;01.12.26;01.06.26;31.08.26;92 д;;;4;СМР;651;617;611НН+31 д;;НД;Шлагбаум 5,5м (одна стрела);;;5;
;0%;92 д;01.09.26;01.12.26;01.06.26;31.08.26;92 д;;;4;СМР;652;618;611НН+31 д;;НД;Шлагбаум 6м (одна стрела);;;5;
;0%;92 д;01.09.26;01.12.26;01.06.26;31.08.26;92 д;;;4;СМР;653;619;611НН+31 д;;НД;Стол для настольного тенниса;;;5;
;0%;92 д;01.09.26;01.12.26;01.06.26;31.08.26;92 д;;;4;СМР;654;620;611НН+31 д;;НД;Workout без теннисного стола с покрытием из резиновой крошки;;;5;
;0%;92 д;01.09.26;01.12.26;01.06.26;31.08.26;92 д;;;4;СМР;655;621;611НН+31 д;;НД;Павильон для курения;;;5;
;0%;92 д;01.09.26;01.12.26;01.06.26;31.08.26;92 д;;;4;СМР;656;622;611НН+31 д;;НД;Стойка баскетбольная;;;5;
;0%;92 д;01.09.26;01.12.26;01.06.26;31.08.26;92 д;;;4;СМР;657;623;611НН+31 д;;НД;Зарядная станция для электрокаров, мощностью 44кВт на 2 поста;;;5;
;0%;92 д;01.09.26;01.12.26;01.06.26;31.08.26;92 д;;;4;СМР;658;624;611НН+31 д;;НД;Пергола;;;5;
;0%;92 д;01.09.26;01.12.26;01.06.26;31.08.26;92 д;;;4;СМР;659;625;611НН+31 д;;НД;Мойка-робот на 1 пост с помещением;;;5;
;0%;92 д;01.09.26;01.12.26;01.06.26;31.08.26;92 д;;;4;СМР;660;626;611НН+31 д;;НД;Мойка-робот на 2 пост с помещением;;;5;
;0%;92 д;01.09.26;01.12.26;01.06.26;31.08.26;92 д;;;4;СМР;661;627;611НН+31 д;;НД;Уличное радиовещание (в т.ч.оборудование с кабельными линиями);;;5;
;0%;92 д;01.09.26;01.12.26;01.06.26;31.08.26;92 д;;;4;СМР;662;628;611НН+31 д;;НД;Спортивный шатер;;;5;
;0%;92 д;01.09.26;01.12.26;01.06.26;31.08.26;92 д;;;4;СМР;663;629;611НН+31 д;;НД;Искусственное покрытие;;;5;
b1a20f9a-4de8-11f0-a555-005056026d24;0%;273 д;01.08.25;30.04.26;01.06.25;28.02.26;273 д;;;3;СМР;664;630;;;НД;ИНЖЕНЕРНЫЕ СЕТИ: ВОДОСНАБЖЕНИЕ, ВОДОТВЕДЕНИЕ;Лот №21. Инженерные сети: водоснабжение, водоотведение;;4;
931f03d3-4de8-11f0-a555-005056026d24;0%;273 д;01.08.25;30.04.26;01.06.25;28.02.26;273 д;;;4;СМР;665;631;;;НД;ВНУТРИПЛОЩАДОЧНЫЕ ИНЖЕНЕРНЫЕ СЕТИ: ВОДОСНАБЖЕНИЕ, ВОДОТВЕДЕНИЕ;21.1. Внутриплощадочные инженерные сети;;4;
;0%;273 д;01.08.25;30.04.26;01.06.25;28.02.26;273 д;;;5;СМР;666;632;"222ОН+61 д;442";1268;НД;Водоснабжение В0;;;5;
;0%;273 д;01.08.25;30.04.26;01.06.25;28.02.26;273 д;;;5;СМР;667;633;"222ОН+61 д;442";1268;НД;Водоснабжение В1, В2;;;5;
;0%;273 д;01.08.25;30.04.26;01.06.25;28.02.26;273 д;;;5;СМР;668;634;"222ОН+61 д;442";1268;НД;Капельный полив В3;;;5;
;0%;273 д;01.08.25;30.04.26;01.06.25;28.02.26;273 д;;;5;СМР;669;635;"222ОН+61 д;442";1268;НД;Канализация хозяйственно-бытовых стоков К1;;;5;
;0%;273 д;01.08.25;30.04.26;01.06.25;28.02.26;273 д;;;5;СМР;670;636;"222ОН+61 д;442";1268;НД;Канализация хозяйственно-бытовых стоков К1н;;;5;
;0%;273 д;01.08.25;30.04.26;01.06.25;28.02.26;273 д;;;5;СМР;671;637;"222ОН+61 д;442";1268;НД;Канализация ливневых стоков К2, производственная К3;;;5;
;0%;273 д;01.08.25;30.04.26;01.06.25;28.02.26;273 д;;;5;СМР;672;638;"222ОН+61 д;442";1268;НД;Канализация ливневых стоков К2н;;;5;
;0%;273 д;01.08.25;30.04.26;01.06.25;28.02.26;273 д;;;5;СМР;673;639;"222ОН+61 д;442";1268;НД;Канализация ливневых стоков К2 + монтаж ЛОС, КНС;;;5;
;0%;273 д;01.08.25;30.04.26;01.06.25;28.02.26;273 д;;;5;СМР;674;640;"222ОН+61 д;442";1268;НД;Накопительные канализационные насосные станции с регулирующими резервуарами (КНС, емкости с КНС 120м3, емкости 120м3);;;5;
;0%;273 д;01.08.25;30.04.26;01.06.25;28.02.26;273 д;;;5;СМР;675;641;"222ОН+61 д;442";1268;НД;КНС с оборудованием (d=2500 мм и h=6000 мм);;;5;
;0%;273 д;01.08.25;30.04.26;01.06.25;28.02.26;273 д;;;5;СМР;676;642;"222ОН+61 д;442";1268;НД;КНС хозяйственно-бытовых стоков в собственном корпусе из стеклопластика Q макс. = 42 л/с;;;5;
;0%;273 д;01.08.25;30.04.26;01.06.25;28.02.26;273 д;;;5;СМР;677;643;"222ОН+61 д;442";1268;НД;КНС ливневых стоков предусматриваемая к монтажу в корпус заказчика Q макс. = 2*360 л/с;;;5;
;0%;273 д;01.08.25;30.04.26;01.06.25;28.02.26;273 д;;;5;СМР;678;644;"222ОН+61 д;442";1268;НД;Противопожарные резервуары 2*250 м3 с насосной станцией;;;5;
db945750-4de8-11f0-a555-005056026d24;0%;273 д;01.08.25;30.04.26;01.06.25;28.02.26;273 д;;;4;СМР;679;645;"222ОН+61 д;442";1268;НД;ИНЖЕНЕРНЫЕ СЕТИ: ОБОРУДОВАНИЕ КАНАЛИЗАЦИОННОЕ;Лот №22. Инженерные сети: оборудование канализационное;;5;
7dca5bf0-570f-11f0-a555-005056026d24;0%;273 д;01.08.25;30.04.26;01.06.25;28.02.26;273 д;;;4;СМР;680;646;"222ОН+61 д;442";1268;НД;ИНЖЕНЕРНЫЕ СЕТИ: ОБОРУДОВАНИЕ ПРОТИВОПОЖАРНОЕ;Лот №23. Инженерные сети: оборудование противопожарное;;5;
bdb93637-4de8-11f0-a555-005056026d24;0%;1 д;01.08.25;01.08.25;01.06.25;01.06.25;1 д;;;4;СМР;681;647;;;НД;ВНЕПЛОЩАДОЧНЫЕ ИНЖЕНЕРНЫЕ СЕТИ;21.2. Внеплощадочные инженерные сети;;4;
;0%;1 д;01.08.25;01.08.25;01.06.25;01.06.25;1 д;;;5;СМР;682;648;"222ОН+61 д;442ОН+31 д";"683НН;684НН;685НН";НД;Водоснабжение В0;;;5;
;0%;1 д;01.08.25;01.08.25;01.06.25;01.06.25;1 д;;;5;СМР;683;649;"222;682НН";;НД;Водоснабжение В1, В2;;;5;
;0%;1 д;01.08.25;01.08.25;01.06.25;01.06.25;1 д;;;5;СМР;684;650;"222;682НН";;НД;Канализация хозяйственно-бытовых стоков К1;;;5;
;0%;1 д;01.08.25;01.08.25;01.06.25;01.06.25;1 д;;;5;СМР;685;651;"222;682НН";;НД;Канализация ливневых стоков К2, производственная К3;;;5;
0bc893ae-4de9-11f0-a555-005056026d24;0%;244 д;30.08.25;30.04.26;09.05.26;23.09.26;138 д;;;3;СМР;686;2002;;;НД;ИНЖЕНЕРНЫЕ СЕТИ: ЭЛЕКТРОСНАБЖЕНИЕ;Лот №24. Инженерные сети: электроснабжение;;4;
f79e74a6-4de8-11f0-a555-005056026d24;0%;242 д;01.09.25;30.04.26;09.05.26;23.09.26;138 д;;;4;СМР;687;2003;;;НД;ВНУТРИПЛОЩАДОЧНЫЕ ИНЖЕНЕРНЫЕ СЕТИ: ЭЛЕКТРОСНАБЖЕНИЕ;24.1. Внутриплощадочные инженерные сети;;4;
;0%;242 д;01.09.25;30.04.26;09.05.26;07.06.26;30 д;Не передан фронт работ;;5;СМР;688;2004;724;"1266;1268ОН+90 д";НД;ТП Блок А;;;5;
;0%;0 д;НД;НД;18.05.26;16.06.26;30 д;;;5;;689;2005;825;1266;НД;ТП Блок U1U2;;;;
;0%;0 д;НД;НД;31.05.26;29.06.26;30 д;;;5;;690;2006;924;1266;НД;ТП  Блок U3U4;;;;
;0%;0 д;НД;НД;25.08.26;23.09.26;30 д;;;5;;691;2007;1020;1266;НД;ТП Завод;;;;
;0%;0 д;НД;НД;09.05.26;07.06.26;30 д;;;5;;692;2011;724;1266;НД;ГРЩ Блок А;;;;
;0%;0 д;НД;НД;18.05.26;16.06.26;30 д;;;5;;693;2012;825;1266;НД;ГРЩ Блок U1 U2;;;;
;0%;0 д;НД;НД;31.05.26;29.06.26;30 д;;;5;;694;2013;924;1266;НД;ГРЩ Блок U3 U4;;;;
;0%;0 д;НД;НД;25.08.26;23.09.26;30 д;;;5;;695;2014;1020;1266;НД;ГРЩ  Блок Завод;;;;
;0%;242 д;01.09.25;30.04.26;09.05.26;23.05.26;15 д;Не передан фронт работ;;5;СМР;696;2018;724;1266;НД;ДГУ Блок А ;;;5;
;0%;242 д;01.09.25;30.04.26;18.05.26;01.06.26;15 д;Не передан фронт работ;;5;СМР;697;2019;825;1266;НД;ДГУ Блок U1U2;;;5;
;0%;0 д;НД;НД;31.05.26;14.06.26;15 д;;;5;;698;2020;924;1266;НД;ДГУ   Блок U3U4 ;;;;
;0%;0 д;НД;НД;25.08.26;08.09.26;15 д;;;5;;699;2021;1020;1266;НД;ДГУ   Блок Завод;;;;
91c01e1f-4de9-11f0-a555-005056026d24;0%;546 д;01.11.24;30.04.26;12.01.26;23.09.26;255 д;;;3;СМР;700;2025;;;НД;ИНЖЕНЕРНЫЕ СЕТИ: ГАЗОСНАБЖЕНИЯ;Лот №25. Инженерные сети: газоснабжение;;4;
47e2d1c2-4de9-11f0-a555-005056026d24;0%;242 д;01.09.25;30.04.26;12.01.26;23.09.26;255 д;;;4;СМР;701;2026;;;НД;ВНУТРИПЛОЩАДОЧНЫЕ ИНЖЕНЕРНЫЕ СЕТИ ГАЗОСНАБЖЕНИЯ;25.1. Внутриплощадочные инженерные сети;;4;
;0%;242 д;01.09.25;30.04.26;12.01.26;20.07.26;190 д;Не передан фронт работ;;5;СМР;702;2027;;1267;12.01.26;Газопровод подземный;;;5;
a3fe9084-4de9-11f0-a555-005056026d24;0%;242 д;01.09.25;30.04.26;09.05.26;07.06.26;30 д;Не передан фронт работ;;5;СМР;703;2030;724;1267;12.01.26;Котельная Блок А;25.2. Внеплощадочные инженерные сети;;5;
a3fe9084-4de9-11f0-a555-005056026d24;0%;242 д;01.09.25;30.04.26;18.05.26;16.06.26;30 д;Не передан фронт работ;;5;СМР;704;2028;825;1267;12.01.26;Котельная Блок U1 U2;25.2. Внеплощадочные инженерные сети;;5;
a3fe9084-4de9-11f0-a555-005056026d24;0%;242 д;01.09.25;30.04.26;31.05.26;29.06.26;30 д;Не передан фронт работ;;5;СМР;705;2029;924;1267;12.01.26;Котельная Блок U3 U4;25.2. Внеплощадочные инженерные сети;;5;
a3fe9084-4de9-11f0-a555-005056026d24;0%;242 д;01.09.25;30.04.26;25.08.26;23.09.26;30 д;Не передан фронт работ;;5;СМР;706;2031;1020;1267;12.01.26;Котельная Блок Завод;25.2. Внеплощадочные инженерные сети;;5;
;0%;242 д;01.09.25;30.04.26;12.01.26;20.07.26;190 д;Не передан фронт работ;;5;СМР;707;2035;;1267;12.01.26;Газораспределительный пункт ГРП;;;5;
;0%;62 д;01.12.25;31.01.26;01.10.25;01.12.25;62 д;;;3;СМР;708;722;;;НД;ВНЕПЛОЩАДОЧНЫЕ СЕТИ;;;4;
;0%;62 д;01.12.25;31.01.26;01.10.25;01.12.25;62 д;;;4;СМР;709;723;451ОН+91 д;;НД;Защита коммуникаций в местах организации въездов (дорожные плиты);;;5;
;0%;62 д;01.12.25;31.01.26;01.10.25;01.12.25;62 д;;;4;СМР;710;724;451ОН+91 д;;НД;Прокладка футряров для перспективных коммуникаций;;;5;
;0%;62 д;01.12.25;31.01.26;01.10.25;01.12.25;62 д;;;4;СМР;711;725;451ОН+91 д;;НД;Подъездная дорога;;;5;
;0%;1 д;01.08.26;01.08.26;01.10.24;01.10.24;1 д;;;3;СМР;712;726;;;НД;РЕКЛАМА;;;4;
;0%;1 д;01.08.26;01.08.26;01.10.24;01.10.24;1 д;;;4;СМР;713;727;;;НД;Стелла;;;5;
;0%;1 д;01.08.26;01.08.26;01.10.24;01.10.24;1 д;;;4;СМР;714;728;;;НД;Стелла 4,х1,5 м К=2;;;5;
cb9ea45b-4dea-11f0-a555-005056026d24;0%;92 д;01.07.26;30.09.26;01.10.24;31.12.24;92 д;;;3;СМР;715;729;;;НД;ВИДЕОНАБЛЮДЕНИЕ, СКУД;Лот №31. Видеонаблюдение, СКУД;;4;
;0%;92 д;01.07.26;30.09.26;01.10.24;31.12.24;92 д;;;4;СМР;716;730;;;НД;ВИДЕОНАБЛЮДЕНИЕ, СКУД;;;5;
;0%;548 д;01.06.25;30.11.26;01.04.25;30.09.26;548 д;;;2;СМР;717;852;;;НД;Этап . СОПРОВОЖДЕНИЕ СТРОИТЕЛЬНО-МОНТАЖНЫХ РАБОТ;;;3;
;0%;548 д;01.06.25;30.11.26;01.04.25;30.09.26;548 д;;;3;СМР;718;853;222;;НД;Авторское сопровождение проекта;;;5;
;0%;548 д;01.06.25;30.11.26;01.04.25;30.09.26;548 д;;;3;СМР;719;854;222;;НД;Строительный контроль;;;5;
;11%;761 д;01.10.24;31.10.26;15.10.25;09.02.27;483 д;;Люди(план=82) факт=24.04-40 чел, 27.04-28.04 - 16 чел., 28.04 - 5 чел;2;СМР;720;735;;;НД;Блок А (29 000 м2);;;3;
81e66355-570e-11f0-a555-005056026d24;35%;761 д;01.10.24;31.10.26;08.11.25;09.09.26;306 д;;;3;СМР;721;737;;;НД;КОРОБКА, КРОВЛЯ, СТЕНЫ;Лот №08. Коробка, кровля, стены;;4;
4345e571-4dc9-11f0-a555-005056026d24;100%;304 д;01.10.25;31.07.26;20.11.25;28.02.26;101 д;;;4;СМР;722;738;598НН;1259;28.02.26;Фундаменты сборные;8.1. Фундаменты сборные;;4;
57d09122-4dc9-11f0-a555-005056026d24;23%;304 д;01.10.25;31.07.26;08.11.25;08.05.26;182 д;;;4;СМР;723;739;;;НД;Фундаменты монолитные;8.2. Фундаменты монолитные;;4;
;23%;304 д;01.10.25;31.07.26;08.11.25;08.05.26;182 д;;;5;СМР;724;740;603ОН-120 д;"800ОН+53 д;801ОН+53 д;802ОН+53 д;803ОН+53 д;804ОН+53 д;806НН+123 д;807НН+123 д;808НН+123 д;728ОН-121 д;1259;688;703;692;696";08.05.26;Устройство монолитной железобетонной плиты под КПП и технические помещения (в тч земляные работы, основание песок, щебень, гидроизоляция);;;5;
;60%;304 д;01.10.25;31.07.26;31.03.26;08.05.26;39 д;;;4;СМР;725;741;;;НД;Цокольные панели;;;4;
6a3775f7-4dc9-11f0-a555-005056026d24;60%;304 д;01.10.25;31.07.26;31.03.26;08.05.26;39 д;;;5;СМР;726;742;728ОН+2 д;"731НН+10 д;1259;733";НД;Укладка цокольных панелей (в тч земляные работы, устройство стеновых стыков, монолитные участки, гидроизоляция);8.3. Цокольные панели;;5;
;100%;304 д;01.10.25;31.07.26;08.01.26;28.03.26;80 д;;;4;СМР;727;743;;;НД;Железобетонные колонны;;;4;
7dc91ec3-4dc9-11f0-a555-005056026d24;100%;304 д;01.10.25;31.07.26;08.01.26;28.03.26;80 д;;;5;СМР;728;744;724ОН-121 д;"726ОН+2 д;730ОН-92 д;732ОН-92 д;1259;792;793;794;795;796;797;798";26.11.25;Установка колонн (в тч земляные работы , замоноличивание стыков, гидроизоляция);8.4. Железобетонные колонны;;5;
89d4a1fd-4dc9-11f0-a555-005056026d24;38%;304 д;01.10.25;31.07.26;10.12.25;13.08.26;247 д;;;4;СМР;729;745;;;НД;Металлические конструкции;8.5. Металлические конструкции;;4;
;100%;304 д;01.10.25;31.07.26;10.12.25;17.02.26;70 д;;;5;СМР;730;746;728ОН-92 д;"736НН+54 д;1259;792;793;794;795;796;797;798";10.12.25;Монтаж балок перекрытий, колонн, опор под оборудование;;;5;
;20%;304 д;01.10.25;31.07.26;10.04.26;08.06.26;60 д;;;5;СМР;731;748;726НН+10 д;"738НН+15 д;1259;792;793;794;795;796;797;798;778ОН-30 д";10.12.25;Монтаж наружного фахверка;;;5;
;0%;304 д;01.10.25;31.07.26;15.07.26;13.08.26;30 д;;;5;СМР;732;749;"728ОН-92 д;783";"1259;792;739ОН-15 д;793;794;795;796;797;798";10.12.25;Монтаж внутреннего фахверк;;;5;
;0%;304 д;01.10.25;31.07.26;09.05.26;18.05.26;10 д;;;5;СМР;733;750;726;"1259;740ОН-5 д";10.12.25;Монтаж пристройки (технические помещения);;;5;
;0%;304 д;01.10.25;31.07.26;20.06.26;03.08.26;45 д;;;5;СМР;734;751;;1259;20.06.26;Монтаж лестниц;;;5;
29911e79-4dca-11f0-a555-005056026d24;80%;304 д;01.10.25;31.07.26;02.02.26;07.05.26;95 д;;;4;СМР;735;756;;;НД;Профилированный лист;8.6. Профилированный лист;;4;
;80%;304 д;01.10.25;31.07.26;02.02.26;07.05.26;95 д;;;5;СМР;736;757;730НН+54 д;"744НН+21 д;745НН+21 д;746НН+21 д;747НН+21 д;748НН+21 д;751ОН+45 д;752ОН+45 д;1259;787";07.05.26;Монтаж перекрытий из профилированного листа Н114-750-0.7, в т.ч. метизы;;;5;
1fb58214-4dc9-11f0-a555-005056026d24;2%;304 д;01.10.25;31.07.26;25.04.26;01.09.26;130 д;;;4;СМР;737;759;;;НД;Ограждающие конструкции;8.7. Ограждающие конструкции;;4;
;5%;304 д;01.10.25;31.07.26;25.04.26;03.07.26;70 д;;;5;СМР;738;760;731НН+15 д;"761;763;766;767;768;769;772;773;775;815ОН+13 д;816ОН+13 д;817ОН+13 д;818ОН+13 д;789;739НН;783НН+25 д;785НН+25 д;786НН+25 д;792;800;801;802;803;804;806;807;808;741;742;793;794;795;796;797;798;754;755;756;757;758;777;749ОН-20 д";НД;Монтаж сэндвич-панелей толщиной 120мм (наружные);;;5;
;0%;304 д;01.10.25;31.07.26;30.07.26;18.08.26;20 д;;;5;СМР;739;762;"738НН;732ОН-15 д";"1259;761;763;766;767;768;769;772;773;775";НД;Монтаж сэндвич-панелей толщиной 100мм (внутренние);;;5;
;0%;304 д;01.10.25;31.07.26;14.05.26;23.05.26;10 д;;;5;СМР;740;761;733ОН-5 д;"1259;750НН";НД;Монтаж сэндвич-панелей толщиной 120мм (наружные технические помещения);;;5;
;0%;304 д;01.10.25;31.07.26;04.07.26;01.09.26;60 д;;;5;СМР;741;765;738;1259;НД;Монтаж перфорированных стальных панелей;;;5;
;0%;304 д;01.10.25;31.07.26;04.07.26;01.09.26;60 д;;;5;СМР;742;766;738;1259;НД;Вентилируемый фасад;;;5;
d85d6bcd-4dc8-11f0-a555-005056026d24;28%;304 д;01.10.25;31.07.26;23.02.26;22.08.26;181 д;;;4;СМР;743;767;;;НД;Кровля;8.8. Кровля;;4;
;40%;304 д;01.10.25;31.07.26;23.02.26;13.05.26;80 д;;;5;СМР;744;768;736НН+21 д;1259;НД;Устройство пароизоляции;;;5;
;40%;304 д;01.10.25;31.07.26;23.02.26;13.05.26;80 д;;;5;СМР;745;769;736НН+21 д;1259;НД;Утепление покрытий PIR 60 мм;;;5;
;40%;304 д;01.10.25;31.07.26;23.02.26;13.05.26;80 д;;;5;СМР;746;770;736НН+21 д;1259;НД;Утепление покрытий плитами из минеральной ваты 50 мм;;;5;
;40%;304 д;01.10.25;31.07.26;23.02.26;13.05.26;80 д;;;5;СМР;747;771;736НН+21 д;1259;НД;Устройство плоских однослойных кровель из пвх мембран ecoplast v-rp (1,2 мм) (со сваркой полотен) с укладкой разделительного слоя по утеплителю, с устройством примыканий;;;5;
;5%;304 д;01.10.25;31.07.26;20.04.26;03.06.26;45 д;;;5;СМР;748;772;736НН+21 д;1259;НД;Система дождевой канализации (сифонно-вакуумная система внутреннего водостока) с врезкой в колодец;;;5;
;0%;0 д;НД;НД;14.06.26;22.08.26;70 д;;;5;;749;2001;738ОН-20 д;;НД;Устройство кровли АББ;;;;
;0%;0 д;НД;НД;14.05.26;12.06.26;30 д;;;5;;750;2000;740НН;1264;НД;Устройство кровли тех.помещений;;;;
54c0dc50-4dca-11f0-a555-005056026d24;0%;304 д;01.11.25;31.08.26;22.06.26;09.09.26;80 д;;;4;СМР;751;773;736ОН+45 д;1259;НД;Внутренние лестницы;Лот №09. Внутренние лестницы;;4;
7373b809-4dca-11f0-a555-005056026d24;0%;304 д;01.11.25;31.08.26;22.06.26;09.09.26;80 д;;;4;СМР;752;774;736ОН+45 д;1259;НД;Внутренний пандус;Лот №10. Внутренний пандус;;4;
4ce62cae-4dcb-11f0-a555-005056026d24;0%;153 д;01.05.26;30.09.26;04.07.26;01.09.26;60 д;;;3;СМР;753;775;;;НД;ПОДЪЕМНО-СЕКЦИОННЫЕ ВОРОТА, ДОКИ;Лот №11. Подъемно-секционные ворота, доки;;4;
;0%;123 д;01.05.26;31.08.26;04.07.26;01.09.26;60 д;;;4;СМР;754;776;738;;НД;Устройство подъемных наружных секционных ворот (шхв) 2875х3000 мм ALUTECH (ProPlus);;;5;
;0%;153 д;01.05.26;30.09.26;04.07.26;01.09.26;60 д;;;4;СМР;755;777;738;1259ОН-64 д;НД;Устройство подъемных наружных секционных ворот (шхв) 3560х4530 мм ALUTECH (ProPlus);;;5;
;0%;153 д;01.05.26;30.09.26;04.07.26;01.09.26;60 д;;;4;СМР;756;778;738;;НД;Уравнивающая перегрузочная платформа , докшелтер ALUTECH;;;5;
;0%;153 д;01.05.26;30.09.26;04.07.26;01.09.26;60 д;;;4;СМР;757;779;738;;НД;Герметизатор проема ALUTECH;;;5;
;0%;153 д;01.05.26;30.09.26;04.07.26;01.09.26;60 д;;;4;СМР;758;780;738;;НД;Направляющие для колес (колесоотбойники наружные) ALUTECH;;;5;
bc870b25-4de6-11f0-a555-005056026d24;0%;153 д;01.05.26;30.09.26;19.08.26;07.10.26;50 д;;;3;СМР;759;781;;;НД;ОКНА;Лот №12. Окна;;4;
fcc34f08-4dcb-11f0-a555-005056026d24;0%;153 д;01.05.26;30.09.26;19.08.26;07.10.26;50 д;;;4;СМР;760;782;;;НД;Наружные;12.1. Наружные оконные блоки;;4;
;0%;153 д;01.05.26;30.09.26;19.08.26;07.10.26;50 д;;;5;СМР;761;783;"738;739";1259;НД;Наружные оконные блоки с ламинацией;;;5;
11f7bcc7-4dcc-11f0-a555-005056026d24;0%;153 д;01.05.26;30.09.26;19.08.26;07.10.26;50 д;;;4;СМР;762;784;;;НД;Внутренние;12.2. Внутренние оконные блоки;;4;
;0%;153 д;01.05.26;30.09.26;19.08.26;07.10.26;50 д;;;5;СМР;763;785;"738;739";1259;17.04.26;Внутренние двери металлические размером 2080*970 мм;;;5;
4d33fc43-4dcc-11f0-a555-005056026d24;0%;153 д;01.05.26;30.09.26;19.08.26;07.10.26;50 д;;;3;СМР;764;786;;;НД;ВИТРАЖИ;Лот №13. Витражи;;4;
e7a77895-4de6-11f0-a555-005056026d24;0%;153 д;01.05.26;30.09.26;19.08.26;07.10.26;50 д;;;4;СМР;765;787;;;НД;Наружные;13.1. Наружные;;4;
;0%;153 д;01.05.26;30.09.26;19.08.26;07.10.26;50 д;;;5;СМР;766;788;"738;739";;НД;Наружные витражи;;;5;
;0%;153 д;01.05.26;30.09.26;19.08.26;07.10.26;50 д;;;5;СМР;767;789;"738;739";;17.04.26;Наружные двери алюминевые 1200*2100мм;;;5;
;0%;153 д;01.05.26;30.09.26;19.08.26;07.10.26;50 д;;;5;СМР;768;790;"738;739";;17.04.26;Наружный витраж с дверью на АБК 2100*2500мм (входные двери на Base);;;5;
661291e0-da63-11ef-a553-005056026d24;0%;153 д;01.05.26;30.09.26;19.08.26;07.10.26;50 д;;;4;СМР;769;791;"738;739";;НД;Внутренние;13.2. Внутренние;;4;
b291b2d8-5733-11f0-a555-005056026d24;0%;153 д;01.05.26;30.09.26;19.08.26;02.10.26;45 д;;;3;СМР;770;792;;;НД;ДВЕРИ, РАСПАШНЫЕ ВОРОТА;Лот № 14. Двери, распашные ворота;;4;
5eedf1b9-5733-11f0-a555-005056026d24;0%;153 д;01.05.26;30.09.26;19.08.26;02.10.26;45 д;;;4;СМР;771;793;;;НД;Наружные;14.1. Наружные;;4;
;0%;153 д;01.05.26;30.09.26;19.08.26;02.10.26;45 д;;;5;СМР;772;794;"738;739";;НД;Наружные двери металлические утепленные 2080*1670мм;;;5;
;0%;153 д;01.05.26;30.09.26;19.08.26;02.10.26;45 д;;;5;СМР;773;795;"738;739";;НД;Наружные двери металлические утепленные 2080*1260мм;;;5;
ee625ed8-5733-11f0-a555-005056026d24;0%;153 д;01.05.26;30.09.26;19.08.26;02.10.26;45 д;;;4;СМР;774;796;;;НД;Внутренние;14.2. Внутренние;;4;
;0%;153 д;01.05.26;30.09.26;19.08.26;02.10.26;45 д;;;5;СМР;775;797;"738;739";;НД;Внутренние противопожарные двери металлические 2080*970мм;;;5;
418d5553-4de7-11f0-a555-005056026d24;0%;153 д;01.05.26;30.09.26;04.07.26;04.08.26;32 д;;;3;СМР;776;798;;;НД;КОЗЫРЬКИ;Лот №15. Козырьки;;4;
;0%;153 д;01.05.26;30.09.26;04.07.26;04.08.26;32 д;;;4;СМР;777;799;738;;НД;Стеклянный козырек 2х1,2 м (две тяги, тонированное стекло триплекс 8+8);;;5;
78e47229-4de7-11f0-a555-005056026d24;5%;153 д;01.05.26;30.09.26;15.04.26;05.07.26;82 д;;;3;СМР;778;800;731ОН-30 д;;НД;ОГНЕЗАЩИТА;Лот №16. Огнезащита;;4;
a878a72a-4de7-11f0-a555-005056026d24;14%;122 д;01.06.26;30.09.26;15.10.25;14.07.26;273 д;;;3;СМР;779;801;;;НД;ПРОМЫШЛЕННЫЕ ПОЛЫ, ПОЛЫ АБК, ПЕРЕКРЫТИЯ, ПОКРЫТИЯ;Лот №17. Промышленные полы, полы АБК, перекрытия, покрытие;;4;
9499094d-4de7-11f0-a555-005056026d24;100%;122 д;01.06.26;30.09.26;15.10.25;15.11.25;32 д;;;4;СМР;780;802;;;НД;ОСНОВАНИЕ ПОД ПОЛЫ;17.1. Основание под полы;;4;
;100%;122 д;01.06.26;30.09.26;15.10.25;15.11.25;32 д;;;5;СМР;781;803;;;15.10.25;Основание под полы (стабилизация грунта + щебень 80 мм/песок 100 мм + геотекстиль);;;5;
b70e6655-4de7-11f0-a555-005056026d24;0%;122 д;01.06.26;30.09.26;20.05.26;14.07.26;56 д;;;4;СМР;782;804;;;НД;ПРОМЫШЛЕННЫЕ ПОЛЫ;17.2. Промышленные полы;;4;
;0%;122 д;01.06.26;30.09.26;20.05.26;14.07.26;56 д;;;5;СМР;783;805;738НН+25 д;732;НД;Работы по устройству монолитной железобетонной плиты пола ;;;5;
bf212447-4de7-11f0-a555-005056026d24;0%;122 д;01.06.26;30.09.26;08.05.26;08.07.26;62 д;;;4;СМР;784;806;;;НД;Полы АББ/перекрытия/покрытие;17.3. Полы АБК, перекрытия, покрытие;;4;
;0%;122 д;01.06.26;30.09.26;20.05.26;08.07.26;50 д;;;5;СМР;785;807;738НН+25 д;;НД;Основание под плиту пола в АББ;;;5;
;0%;122 д;01.06.26;30.09.26;20.05.26;08.07.26;50 д;;;5;СМР;786;808;738НН+25 д;;НД;Устройство монолитной ж/б плиты пола вАББ;;;5;
;0%;122 д;01.06.26;30.09.26;08.05.26;21.06.26;45 д;;;5;СМР;787;809;736;;НД;Устройство монолитной плиты перекрытия АББ;;;5;
e24a56ea-4de7-11f0-a555-005056026d24;0%;242 д;01.02.26;30.09.26;04.07.26;01.10.26;90 д;;;3;СМР;788;810;;;НД;ДЕКОР ФАСАДОВ;Лот №18. Декор фасадов;;4;
;0%;242 д;01.02.26;30.09.26;04.07.26;01.10.26;90 д;;;4;СМР;789;811;738;;НД;Монтаж ламелей вертикальных, горизонтальных;;;5;
0c7688b7-4de8-11f0-a555-005056026d24;2%;243 д;01.10.24;30.09.26;11.03.26;21.12.26;286 д;;;3;СМР;790;812;;;НД;ВНУТРЕННИЕ СЕТИ;Лот №19. Внутренние сети;;4;
ffa94a42-4de7-11f0-a555-005056026d24;0%;242 д;01.02.26;30.09.26;14.08.26;21.12.26;130 д;;;4;СМР;791;813;;;НД;ВНУТРЕННИЕ СЕТИ: ВОДОСНАБЖЕНИЕ, ВОДОТВЕДЕНИЕ, ОТОПЛЕНИЕ, ВЕНТИЛЯЦИЯ;19.1. Внутренние сети: Водоснабжение, водоотведение, отопление, вентиляция;;4;
;0%;242 д;01.02.26;30.09.26;14.08.26;21.12.26;130 д;;;5;СМР;792;814;"728;730;731;732;738";"810НН+90 д;811НН+90 д;812НН+90 д;813НН+90 д";НД;Хозяйственно-бытовой водопровод ;;;5;
;0%;242 д;01.02.26;30.09.26;14.08.26;21.12.26;130 д;;;5;СМР;793;815;"728;730;731;732;738";1259;НД;Хозяйственно-бытовой водопровод, включая пожарный водопровод;;;5;
;0%;242 д;01.02.26;30.09.26;14.08.26;21.12.26;130 д;;;5;СМР;794;816;"728;730;731;732;738";1259;НД;Система хоз-бытовой и фекальной канализации;;;5;
;0%;242 д;01.02.26;30.09.26;14.08.26;21.12.26;130 д;;;5;СМР;795;817;"728;730;731;732;738";1259;НД;Вентиляция;;;5;
;0%;242 д;01.02.26;30.09.26;14.08.26;21.12.26;130 д;;;5;СМР;796;818;"728;730;731;732;738";1259;НД;Отопление и теплоснабжение ;;;5;
;0%;242 д;01.02.26;30.09.26;14.08.26;21.12.26;130 д;;;5;СМР;797;819;"728;730;731;732;738";1259;НД;Отопление и теплоснабжение КПП;;;5;
;0%;242 д;01.02.26;30.09.26;14.08.26;21.12.26;130 д;;;5;СМР;798;820;"728;730;731;732;738";1259;НД;Противопожарные резервуары 2*250 м3 с насосной станцией;;;5;
22f65793-4de8-11f0-a555-005056026d24;0%;243 д;01.10.24;30.09.26;04.07.26;10.11.26;130 д;;;4;СМР;799;821;;;НД;ВНУТРЕННИЕ СЕТИ: ЭЛЕТРОСНАБЖЕНИЕ;19.2. Внутренние сети: Электроснабжение;;4;
;0%;243 д;01.01.26;30.09.26;04.07.26;10.11.26;130 д;;;5;СМР;800;822;"724ОН+53 д;738";"1259;810НН+90 д;811НН+90 д;812НН+90 д;813НН+90 д";НД;Электроснабжение (ЭОМ) ;;;5;
;0%;243 д;01.01.26;30.09.26;04.07.26;10.11.26;130 д;;;5;СМР;801;823;"724ОН+53 д;738";1259;19.05.26;Светильники ;;;5;
;0%;243 д;01.01.26;30.09.26;04.07.26;10.11.26;130 д;;;5;СМР;802;824;"724ОН+53 д;738";1259;19.05.26;Электроснабжение (ЭОМ) ;;;5;
;0%;243 д;01.01.26;30.09.26;04.07.26;10.11.26;130 д;;;5;СМР;803;825;"724ОН+53 д;738";1259;19.05.26;Светильники ;;;5;
;0%;243 д;01.01.26;30.09.26;04.07.26;10.11.26;130 д;;;5;СМР;804;826;"724ОН+53 д;738";1259;19.05.26;"Голосовой помощник Яндекс-станция ""Алиса""";;;5;
50c2d911-4de8-11f0-a555-005056026d24;10%;242 д;01.02.26;30.09.26;11.03.26;10.11.26;245 д;;;4;СМР;805;827;;;НД;ВНУТРЕННИЕ СЕТИ: ПОЖАРНЫЕ;19.3. Внутренние сети: Пожарные;;4;
;15%;242 д;01.02.26;30.09.26;11.03.26;18.07.26;130 д;;;5;СМР;806;828;"724НН+123 д;738";1259;НД;Спринклерная система пожаротушения АУПТ А+;;;5;
;0%;242 д;01.02.26;30.09.26;04.07.26;10.11.26;130 д;;;5;СМР;807;829;"724НН+123 д;738";1259;НД;Система управления оповещением и эвакуацией СОУЭ Автоматическая пожарная сигнализация АПС Комплексная автоматизация;;;5;
;15%;242 д;01.02.26;30.09.26;11.03.26;18.07.26;130 д;;;5;СМР;808;830;"724НН+123 д;738";1259;НД;Спринклерная система пожаротушения АУПТ (включая пожарный водопровод);;;5;
6bd41379-4de8-11f0-a555-005056026d24;0%;153 д;01.06.26;31.10.26;12.11.26;09.02.27;90 д;;;3;СМР;809;831;;;НД;ОТДЕЛОЧНЫЕ РАБОТЫ;Лот №20. Отделочные работы;;4;
;0%;153 д;01.06.26;31.10.26;12.11.26;09.02.27;90 д;;;4;СМР;810;832;"792НН+90 д;800НН+90 д";"1265;820ОО";НД;"Отделочные работы (потолок - окраска, сан.узел - грильято; стены - штукатурка под бетон, сан.узел - керамогранит/окраска; полы - ламинат; перегородки - ГКЛВ/ГКЛВО). Двери, окна, лестница -НЕ ВХОДЯТ В СТОИМОСТЬ.";;;5;
;0%;153 д;01.06.26;31.10.26;12.11.26;09.02.27;90 д;;;4;СМР;811;833;"792НН+90 д;800НН+90 д";1265;НД;"Отделочные работы АБК 9,3*6м-2эт. (потолок - окраска, сан.узел - грильято; стены - штукатурка под бетон, сан.узел - керамогранит/окраска; полы - ламинат/керамогранит; перегородки - ГКЛВ/ГКЛВО). Двери, окна, лестница -НЕ ВХОДЯТ В СТОИМОСТЬ.";;;5;
;0%;153 д;01.06.26;31.10.26;12.11.26;09.02.27;90 д;;;4;СМР;812;834;"792НН+90 д;800НН+90 д";1265;НД;"Отделочные работы пристройки под офис/ТЦ (потолок - окраска, сан.узел - грильято; стены - штукатурка под бетон, сан.узел - керамогранит/окраска; полы - ламинат/керамогранит; перегородки - ГКЛВ/ГКЛВО). Двери, окна, лестница -НЕ ВХОДЯТ В СТОИМОСТЬ.";;;5;
;0%;153 д;01.06.26;31.10.26;12.11.26;09.02.27;90 д;;;4;СМР;813;835;"792НН+90 д;800НН+90 д";1265;НД;Внутренние двери деревянные размером 970*2080мм;;;5;
;0%;153 д;01.06.26;31.10.26;17.07.26;20.09.26;66 д;;;3;СМР;814;836;;;НД;РЕКЛАМА;;;4;
;0%;153 д;01.06.26;31.10.26;17.07.26;20.09.26;66 д;;;4;СМР;815;837;738ОН+13 д;;НД;Номерация;;;5;
;0%;153 д;01.06.26;31.10.26;17.07.26;20.09.26;66 д;;;4;СМР;816;839;738ОН+13 д;;НД;Буквенное обозначение;;;5;
;0%;153 д;01.06.26;31.10.26;17.07.26;20.09.26;66 д;;;4;СМР;817;841;738ОН+13 д;;НД;Логотип на стене (световые буквы);;;5;
;0%;153 д;01.06.26;31.10.26;17.07.26;20.09.26;66 д;;;4;СМР;818;844;738ОН+13 д;;НД;Художественная покраска стен;;;5;
b9e45c24-4dea-11f0-a555-005056026d24;0%;153 д;01.06.26;31.10.26;06.01.27;09.02.27;35 д;;;3;СМР;819;845;;;НД;КЛИНИНГ;Лот №30. Клининг;;4;
;0%;153 д;01.06.26;31.10.26;06.01.27;09.02.27;35 д;;;4;СМР;820;846;810ОО;;НД;Клининг;;;5;
;11%;761 д;01.10.24;31.10.26;22.11.25;29.11.26;373 д;;Люди(план=40) факт=18 чел;2;СМР;821;981;;;НД;Блок U1. U2 (5 000 м2);;;3;
81e66355-570e-11f0-a555-005056026d24;48%;761 д;01.10.24;31.10.26;22.11.25;23.08.26;275 д;;;3;СМР;822;983;;;НД;КОРОБКА, КРОВЛЯ, СТЕНЫ;Лот №08. Коробка, кровля, стены;;4;
4345e571-4dc9-11f0-a555-005056026d24;100%;304 д;01.11.25;31.08.26;22.11.25;12.02.26;83 д;;;4;СМР;823;984;603ОН-40 д;;НД;Фундаменты сборные;8.1. Фундаменты сборные;;4;
57d09122-4dc9-11f0-a555-005056026d24;0%;304 д;01.11.25;31.08.26;03.05.26;17.05.26;15 д;;;4;СМР;824;985;;;НД;Фундаменты монолитные;8.2. Фундаменты монолитные;;4;
;0%;304 д;01.11.25;31.08.26;03.05.26;17.05.26;15 д;;НВК незавершены устройство вводов сетей ;5;СМР;825;986;827ОН-5 д;"833;834ОН-12 д;689;704;693;697";НД;Устройство монолитной железобетонной плиты под КПП и технические помещения;;;5;
;90%;304 д;01.11.25;31.08.26;12.02.26;07.05.26;85 д;;;4;СМР;826;987;;;НД;Цокольные панели;;;4;
6a3775f7-4dc9-11f0-a555-005056026d24;90%;304 д;01.11.25;31.08.26;12.02.26;07.05.26;85 д;;;5;СМР;827;988;;"832ОН-10 д;825ОН-5 д";НД;Укладка цокольных панелей;8.3. Цокольные панели;;5;
;100%;304 д;01.11.25;31.08.26;11.12.25;09.01.26;30 д;;;4;СМР;828;989;;;НД;Железобетонные колонны;;;4;
7dc91ec3-4dc9-11f0-a555-005056026d24;100%;304 д;01.11.25;31.08.26;11.12.25;09.01.26;30 д;;;5;СМР;829;990;603ОН-21 д;"831ОН-10 д;833";НД;Установка колонн;8.4. Железобетонные колонны;;5;
89d4a1fd-4dc9-11f0-a555-005056026d24;24%;304 д;01.11.25;31.08.26;31.12.25;23.08.26;236 д;;;4;СМР;830;991;;;НД;Металлические конструкции;8.5. Металлические конструкции;;4;
;100%;304 д;01.11.25;31.08.26;31.12.25;28.02.26;60 д;;;5;СМР;831;992;829ОН-10 д;"841;878";НД;Монтаж балок перекрытий, колонн, опор под оборудование;;;5;
;50%;304 д;01.11.25;31.08.26;23.02.26;13.05.26;20 д;;Срыв срока поставки металла;5;СМР;832;994;827ОН-10 д;"844;846;835;836;837;839";НД;Монтаж наружного фахверка;;;5;
;0%;304 д;01.11.25;31.08.26;15.06.26;14.07.26;30 д;;;5;СМР;833;995;"829;880;825";"845;875";НД;Монтаж внутреннего фахверк;;;5;
;0%;304 д;01.11.25;31.08.26;06.05.26;19.05.26;14 д;;НВК незавершены устройство вводов сетей ;5;СМР;834;996;825ОН-12 д;"842ОН-20 д;882";НД;Монтаж пристройки технические помещения;;;5;
;0%;304 д;01.11.25;31.08.26;14.05.26;22.06.26;40 д;;;5;СМР;835;997;832;"853НН;854НН";НД;Монтаж наружной металлической лестницы с покрытием из реш.настила (входные) с ограждением;;;5;
;0%;304 д;01.11.25;31.08.26;14.05.26;22.06.26;40 д;;;5;СМР;836;998;832;;НД;Монтаж м/к наружной металлической лестницы (в т. ч. пожарной);;;5;
;0%;304 д;01.11.25;31.08.26;14.05.26;12.06.26;30 д;;;5;СМР;837;999;832;;НД;Монтаж лестницы на мезонин;;;5;
;0%;304 д;01.11.25;31.08.26;25.07.26;23.08.26;30 д;;;5;СМР;838;1000;884;;НД;Монтаж ограждения мезонина;;;5;
;0%;304 д;01.11.25;31.08.26;14.05.26;12.06.26;30 д;;;5;СМР;839;1001;832;;НД;Монтаж щитов металлических;;;5;
29911e79-4dca-11f0-a555-005056026d24;54%;304 д;01.11.25;31.08.26;05.02.26;21.05.26;106 д;;;4;СМР;840;1002;;;НД;Профилированный лист;8.6. Профилированный лист;;4;
;90%;304 д;01.11.25;31.08.26;05.02.26;01.05.26;30 д;;;5;СМР;841;1003;831;"848;849;851;852;878;842";НД;Монтаж покрытия из профилированного листа;;;5;
;0%;304 д;01.11.25;31.08.26;02.05.26;21.05.26;20 д;;;5;СМР;842;1004;"834ОН-20 д;841";882;06.03.26;Монтаж покрытия из профилированного листа техпомещений;;;5;
1fb58214-4dc9-11f0-a555-005056026d24;0%;304 д;01.11.25;31.08.26;14.05.26;18.08.26;97 д;;;4;СМР;843;1005;;;НД;Ограждающие конструкции;8.7. Ограждающие конструкции;;4;
;0%;304 д;01.11.25;31.08.26;14.05.26;17.06.26;35 д;;;5;СМР;844;1006;832;"908НН+110 д;910НН+84 д;911НН+84 д;912НН+84 д;913НН+84 д;914НН+84 д;915НН+84 д;916НН+84 д;917НН+84 д;856;857;858;859;860;863;864;865;866;869;870;872;874";НД;Монтаж сэндвич-панелей толщиной 120мм (наружные);;;5;
;0%;304 д;01.11.25;31.08.26;15.07.26;18.08.26;35 д;;;5;СМР;845;1008;833;"863;864;865;866;869;870;872";НД;Монтаж сэндвич-панелей толщиной 100мм (внутренние);;;5;
;0%;304 д;01.11.25;31.08.26;14.05.26;17.06.26;35 д;;;5;СМР;846;1007;832;1264;НД;Монтаж сэндвич-панелей толщиной 120мм (наружные технических помещений);;;5;
d85d6bcd-4dc8-11f0-a555-005056026d24;70%;304 д;01.11.25;31.08.26;19.02.26;25.06.26;126,8 д;;;4;СМР;847;1013;;;НД;Кровля;8.8. Кровля;;4;
;80%;304 д;01.11.25;31.08.26;19.02.26;13.05.26;60 д;;;5;СМР;848;1014;841;;НД;Устройство пароизоляции;;;5;
;80%;304 д;01.11.25;31.08.26;19.02.26;13.05.26;60 д;;;5;СМР;849;1015;841;;НД;Утепление покрытий PIR 60 мм;;;5;
;80%;304 д;01.11.25;31.08.26;19.02.26;03.05.26;74 д;;;5;СМР;850;1016;;;03.05.26;Утепление покрытий плитами из минеральной ваты 50 мм;;;5;
;80%;304 д;01.11.25;31.08.26;19.02.26;16.05.26;74 д;;;5;СМР;851;1017;841;852;03.05.26;Устройство плоских однослойных кровель из пвх мембран ecoplast v-rp (1,2 мм) (со сваркой полотен) с укладкой разделительного слоя по утеплителю, с устройством примыканий;;;5;
;0%;304 д;01.11.25;31.08.26;16.05.26;25.06.26;40 д;;;5;СМР;852;1018;"841;851";;НД;Система дождевой канализации (сифонно-вакуумная система внутреннего водостока) с врезкой в колодец;;;5;
54c0dc50-4dca-11f0-a555-005056026d24;0%;304 д;01.11.25;31.08.26;14.05.26;22.06.26;40 д;;Срыв срока поставки металла;4;СМР;853;1019;835НН;;01.11.25;Внутренние лестницы;Лот №09. Внутренние лестницы;;4;
7373b809-4dca-11f0-a555-005056026d24;0%;304 д;01.11.25;31.08.26;14.05.26;22.06.26;40 д;;Срыв срока поставки металла;4;СМР;854;1020;835НН;;01.11.25;Внутренний пандус;Лот №10. Внутренний пандус;;4;
4ce62cae-4dcb-11f0-a555-005056026d24;0%;184 д;01.03.26;31.08.26;18.06.26;06.08.26;50 д;;;3;СМР;855;1021;;;НД;ПОДЪЕМНО-СЕКЦИОННЫЕ ВОРОТА, ДОКИ;Лот №11. Подъемно-секционные ворота, доки;;4;
;0%;122 д;01.03.26;30.06.26;18.06.26;06.08.26;50 д;;;4;СМР;856;1022;844;;НД;Устройство подъемных наружных секционных ворот (шхв) 2875х3000 мм ALUTECH (ProPlus);;;5;
;0%;122 д;01.03.26;30.06.26;18.06.26;06.08.26;50 д;;;4;СМР;857;1023;844;;НД;Устройство подъемных наружных секционных ворот (шхв) 3560х4530 мм ALUTECH (ProPlus);;;5;
;0%;184 д;01.03.26;31.08.26;18.06.26;06.08.26;50 д;;;4;СМР;858;1024;844;;НД;Уравнивающая перегрузочная платформа , докшелтер ALUTECH;;;5;
;0%;184 д;01.03.26;31.08.26;18.06.26;06.08.26;50 д;;;4;СМР;859;1025;844;;НД;Герметизатор проема ALUTECH;;;5;
;0%;184 д;01.03.26;31.08.26;18.06.26;06.08.26;50 д;;;4;СМР;860;1026;844;;НД;Направляющие для колес (колесоотбойники наружные) ALUTECH;;;5;
4d33fc43-4dcc-11f0-a555-005056026d24;0%;153 д;01.05.26;30.09.26;19.08.26;17.09.26;30 д;;;3;СМР;861;1032;;;НД;ВИТРАЖИ;Лот №13. Витражи;;4;
e7a77895-4de6-11f0-a555-005056026d24;0%;153 д;01.05.26;30.09.26;19.08.26;17.09.26;30 д;;;4;СМР;862;1033;;;НД;Наружные;13.1. Наружные;;4;
;0%;153 д;01.05.26;30.09.26;19.08.26;17.09.26;30 д;;;5;СМР;863;1034;"844;845";;НД;Наружные витражи;;;5;
;0%;153 д;01.05.26;30.09.26;19.08.26;17.09.26;30 д;;;5;СМР;864;1035;"844;845";;НД;Наружные двери алюминевые 1200*2100мм;;;5;
;0%;153 д;01.05.26;30.09.26;19.08.26;17.09.26;30 д;;;5;СМР;865;1036;"844;845";;НД;Наружный витраж с дверью на АБК 2100*2500мм (входные двери на Base);;;5;
661291e0-da63-11ef-a553-005056026d24;0%;153 д;01.05.26;30.09.26;19.08.26;17.09.26;30 д;;;4;СМР;866;1037;"844;845";;НД;Внутренние;13.2. Внутренние;;4;
b291b2d8-5733-11f0-a555-005056026d24;0%;153 д;01.05.26;30.09.26;19.08.26;17.09.26;30 д;;;3;СМР;867;1038;;;НД;ДВЕРИ, РАСПАШНЫЕ ВОРОТА;Лот № 14. Двери, распашные ворота;;4;
5eedf1b9-5733-11f0-a555-005056026d24;0%;153 д;01.05.26;30.09.26;19.08.26;17.09.26;30 д;;;4;СМР;868;1039;;;НД;Наружные;14.1. Наружные;;4;
;0%;153 д;01.05.26;30.09.26;19.08.26;17.09.26;30 д;;;5;СМР;869;1040;"844;845";;НД;Наружные двери металлические утепленные 2080*1670мм;;;5;
;0%;153 д;01.05.26;30.09.26;19.08.26;17.09.26;30 д;;;5;СМР;870;1041;"844;845";;НД;Наружные двери металлические утепленные 2080*1260мм;;;5;
ee625ed8-5733-11f0-a555-005056026d24;0%;153 д;01.05.26;30.09.26;19.08.26;17.09.26;30 д;;;4;СМР;871;1042;;;НД;Внутренние;14.2. Внутренние;;4;
;0%;153 д;01.05.26;30.09.26;19.08.26;17.09.26;30 д;;;5;СМР;872;1043;"844;845";;НД;Внутренние противопожарные двери металлические 2080*970мм;;;5;
418d5553-4de7-11f0-a555-005056026d24;0%;153 д;01.05.26;30.09.26;18.06.26;19.07.26;32 д;;;3;СМР;873;1044;;;НД;КОЗЫРЬКИ;Лот №15. Козырьки;;4;
;0%;153 д;01.05.26;30.09.26;18.06.26;19.07.26;32 д;;;4;СМР;874;1045;844;;НД;Стеклянный козырек 2х1,2 м (две тяги, тонированное стекло триплекс 8+8);;;5;
78e47229-4de7-11f0-a555-005056026d24;0%;153 д;01.05.26;30.09.26;15.07.26;12.09.26;60 д;;;3;СМР;875;1046;833;;НД;ОГНЕЗАЩИТА;Лот №16. Огнезащита;;4;
a878a72a-4de7-11f0-a555-005056026d24;0%;122 д;01.05.26;30.08.26;02.05.26;24.07.26;84 д;;;3;СМР;876;1047;;;НД;ПРОМЫШЛЕННЫЕ ПОЛЫ, ПОЛЫ АБК, ПЕРЕКРЫТИЯ, ПОКРЫТИЯ;Лот №17. Промышленные полы, полы АБК, перекрытия, покрытие;;4;
9499094d-4de7-11f0-a555-005056026d24;0%;122 д;01.05.26;30.08.26;02.05.26;15.05.26;14 д;;;4;СМР;877;1048;;;НД;ОСНОВАНИЕ ПОД ПОЛЫ;17.1. Основание под полы;;4;
;0%;122 д;01.05.26;30.08.26;02.05.26;15.05.26;14 д;;;5;СМР;878;1049;"831;841";880;НД;Основание под полы (стабилизация грунта + щебень 80 мм/песок 100 мм + геотекстиль);;;5;
b70e6655-4de7-11f0-a555-005056026d24;0%;122 д;01.05.26;30.08.26;16.05.26;14.06.26;30 д;;;4;СМР;879;1050;;;НД;ПРОМЫШЛЕННЫЕ ПОЛЫ;17.2. Промышленные полы;;4;
;0%;122 д;01.05.26;30.08.26;16.05.26;14.06.26;30 д;;;5;СМР;880;1051;878;"887;888;889;890;891;892;893;895;896;897;898;899;901;902;903;833";НД;Работы по устройству монолитной железобетонной плиты пола проектной толщиной 200мм, с армированием (нижний пояс) стержневой арматурой класса А500 O10 с ячейкой 200х200мм, из бетона класса В25, с нанесением упрочняющего покрытия, с устройством температурно;;;5;
bf212447-4de7-11f0-a555-005056026d24;0%;122 д;01.05.26;30.08.26;22.05.26;24.07.26;64 д;;;4;СМР;881;1052;;;НД;Полы АБК/перекрытия/покрытие;17.3. Полы АБК, перекрытия, покрытие;;4;
;0%;122 д;01.05.26;30.08.26;22.05.26;04.06.26;14 д;;;5;СМР;882;1053;"834;842";883;НД;Основание под плиту пола в АБК: песок 200, щебень фр.20-40 - 200, пленка (геотекстиль);;;5;
;0%;122 д;01.05.26;30.08.26;05.06.26;04.07.26;30 д;;;5;СМР;883;1054;882;884;НД;Устройство монолитной ж/б плиты пола в АБК толщ. 140мм с утеплением;;;5;
;0%;122 д;01.05.26;30.08.26;05.07.26;24.07.26;20 д;;;5;СМР;884;1055;883;838;НД;Устройство монолитной плиты перекрытия 170мм по смонтированному профлисту бетоном В25 (вкл. температурно-усадочный и деформационные швы, монолитный армированный пояс);;;5;
0c7688b7-4de8-11f0-a555-005056026d24;0%;273 д;01.01.26;30.09.26;15.06.26;22.10.26;130 д;;;3;СМР;885;1058;;;НД;ВНУТРЕННИЕ СЕТИ;Лот №19. Внутренние сети;;4;
ffa94a42-4de7-11f0-a555-005056026d24;0%;242 д;01.02.26;30.09.26;15.06.26;22.10.26;130 д;;;4;СМР;886;1059;;;НД;ВНУТРЕННИЕ СЕТИ: ВОДОСНАБЖЕНИЕ, ВОДОТВЕДЕНИЕ, ОТОПЛЕНИЕ, ВЕНТИЛЯЦИЯ;19.1. Внутренние сети: Водоснабжение, водоотведение, отопление, вентиляция;;4;
;0%;242 д;01.02.26;30.09.26;15.06.26;22.10.26;130 д;;;5;СМР;887;1060;880;"1260;905НН+30 д;906НН+30 д;907НН+30 д";НД;Хозяйственно-бытовой водопровод (холодное и горячее водоснабжение) А+;;;5;
;0%;242 д;01.02.26;30.09.26;15.06.26;22.10.26;130 д;;;5;СМР;888;1061;880;1260;НД;Хозяйственно-бытовой водопровод, включая пожарный водопровод (холодное и горячее водоснабжение) Light Industrial;;;5;
;0%;242 д;01.02.26;30.09.26;15.06.26;22.10.26;130 д;;;5;СМР;889;1062;880;1260;НД;Система хоз-бытовой и фекальной канализации Light Industrial;;;5;
;0%;242 д;01.02.26;30.09.26;15.06.26;22.10.26;130 д;;;5;СМР;890;1063;880;1260;НД;Вентиляция Light Industrial;;;5;
;0%;242 д;01.02.26;30.09.26;15.06.26;22.10.26;130 д;;;5;СМР;891;1064;880;1260;НД;Отопление и теплоснабжение Light Industrial;;;5;
;0%;242 д;01.02.26;30.09.26;15.06.26;22.10.26;130 д;;;5;СМР;892;1065;880;1260;НД;Отопление и теплоснабжение КПП;;;5;
;0%;242 д;01.02.26;30.09.26;15.06.26;22.10.26;130 д;;;5;СМР;893;1066;880;1260;НД;Противопожарные резервуары 2*250 м3 с насосной станцией;;;5;
22f65793-4de8-11f0-a555-005056026d24;0%;243 д;01.01.26;31.08.26;15.06.26;22.10.26;130 д;;;4;СМР;894;1067;;;НД;ВНУТРЕННИЕ СЕТИ: ЭЛЕТРОСНАБЖЕНИЕ;19.2. Внутренние сети: Электроснабжение;;4;
;0%;243 д;01.01.26;31.08.26;15.06.26;22.10.26;130 д;;;5;СМР;895;1068;880;"1260;905НН+30 д;906НН+30 д;907НН+30 д";НД;Электроснабжение (ЭОМ) А+;;;5;
;0%;243 д;01.01.26;31.08.26;15.06.26;22.10.26;130 д;;;5;СМР;896;1069;880;1260;НД;Светильники А+;;;5;
;0%;243 д;01.01.26;31.08.26;15.06.26;22.10.26;130 д;;;5;СМР;897;1070;880;1260;НД;Электроснабжение (ЭОМ) Light Industrial;;;5;
;0%;243 д;01.01.26;31.08.26;15.06.26;22.10.26;130 д;;;5;СМР;898;1071;880;1260;НД;Светильники Light Industrial;;;5;
;0%;243 д;01.01.26;31.08.26;15.06.26;22.10.26;130 д;;;5;СМР;899;1072;880;1260;НД;"Голосовой помощник Яндекс-станция ""Алиса""";;;5;
50c2d911-4de8-11f0-a555-005056026d24;0%;242 д;01.02.26;30.09.26;15.06.26;22.10.26;130 д;;;4;СМР;900;1073;;;НД;ВНУТРЕННИЕ СЕТИ: ПОЖАРНЫЕ;19.3. Внутренние сети: Пожарные;;4;
;0%;242 д;01.02.26;30.09.26;15.06.26;22.10.26;130 д;;;5;СМР;901;1074;880;1260;НД;Спринклерная система пожаротушения АУПТ А+;;;5;
;0%;242 д;01.02.26;30.09.26;15.06.26;22.10.26;130 д;;;5;СМР;902;1075;880;1260;НД;Система управления оповещением и эвакуацией СОУЭ Автоматическая пожарная сигнализация АПС Комплексная автоматизация;;;5;
;0%;242 д;01.02.26;30.09.26;15.06.26;22.10.26;130 д;;;5;СМР;903;1076;880;1260;НД;Спринклерная система пожаротушения АУПТ (включая пожарный водопровод);;;5;
6bd41379-4de8-11f0-a555-005056026d24;0%;153 д;01.06.26;31.10.26;15.07.26;29.11.26;138 д;;;3;СМР;904;1077;;;НД;ОТДЕЛОЧНЫЕ РАБОТЫ;Лот №20. Отделочные работы;;4;
;0%;153 д;01.06.26;31.10.26;15.07.26;12.10.26;90 д;;;4;СМР;905;1078;"887НН+30 д;895НН+30 д";1265;НД;"Отделочные работы (потолок - окраска, сан.узел - грильято; стены - штукатурка под бетон, сан.узел - керамогранит/окраска; полы - ламинат; перегородки - ГКЛВ/ГКЛВО). Двери, окна, лестница -НЕ ВХОДЯТ В СТОИМОСТЬ.";;;5;
;0%;153 д;01.06.26;31.10.26;15.07.26;12.10.26;90 д;;;4;СМР;906;1079;"887НН+30 д;895НН+30 д";1265;НД;"Отделочные работы АБК 9,3*6м-2эт. (потолок - окраска, сан.узел - грильято; стены - штукатурка под бетон, сан.узел - керамогранит/окраска; полы - ламинат/керамогранит; перегородки - ГКЛВ/ГКЛВО). Двери, окна, лестница -НЕ ВХОДЯТ В СТОИМОСТЬ.";;;5;
;0%;153 д;01.06.26;31.10.26;15.07.26;12.10.26;90 д;;;4;СМР;907;1080;"887НН+30 д;895НН+30 д";1265;НД;"Отделочные работы пристройки под офис/ТЦ (потолок - окраска, сан.узел - грильято; стены - штукатурка под бетон, сан.узел - керамогранит/окраска; полы - ламинат/керамогранит; перегородки - ГКЛВ/ГКЛВО). Двери, окна, лестница -НЕ ВХОДЯТ В СТОИМОСТЬ.";;;5;
;0%;153 д;01.06.26;31.10.26;01.09.26;29.11.26;90 д;;;4;СМР;908;1081;844НН+110 д;1265;НД;Внутренние двери деревянные размером 970*2080мм;;;5;
;0%;153 д;01.06.26;31.10.26;06.08.26;28.10.26;84 д;;;3;СМР;909;1082;;;НД;РЕКЛАМА;;;4;
;0%;153 д;01.06.26;31.10.26;06.08.26;28.10.26;84 д;;;4;СМР;910;1083;844НН+84 д;919;03.09.26;Номерация h=1,8 м (1 цифра);;;5;
;0%;153 д;01.06.26;31.10.26;06.08.26;28.10.26;84 д;;;4;СМР;911;1084;844НН+84 д;;03.09.26;Номерация h=1,8 м (1 световая цифра);;;5;
;0%;153 д;01.06.26;31.10.26;06.08.26;28.10.26;84 д;;;4;СМР;912;1085;844НН+84 д;;03.09.26;Буквенное обозначение h=1м (например, BLOCK А);;;5;
;0%;153 д;01.06.26;31.10.26;06.08.26;28.10.26;84 д;;;4;СМР;913;1086;844НН+84 д;;03.09.26;Буквенное обозначение h=1м (например, BLOCK А - световая);;;5;
;0%;153 д;01.06.26;31.10.26;06.08.26;28.10.26;84 д;;;4;СМР;914;1087;844НН+84 д;;03.09.26;Логотип на стене (световые буквы h=1 м) INDASTRIAL CITY;;;5;
;0%;153 д;01.06.26;31.10.26;06.08.26;28.10.26;84 д;;;4;СМР;915;1088;844НН+84 д;;03.09.26;Логотип на стене (световые буквы h=3 м) INDASTRIAL CITY;;;5;
;0%;153 д;01.06.26;31.10.26;06.08.26;28.10.26;84 д;;;4;СМР;916;1089;844НН+84 д;;03.09.26;Логотип на кровле 21х21 м из ПВХ мембраны INDASTRIAL CITY;;;5;
;0%;153 д;01.06.26;31.10.26;06.08.26;28.10.26;84 д;;;4;СМР;917;1090;844НН+84 д;;03.09.26;Художественная покраска стен;;;5;
b9e45c24-4dea-11f0-a555-005056026d24;0%;92 д;01.08.26;31.10.26;29.10.26;11.11.26;14 д;;;3;СМР;918;1091;;;НД;КЛИНИНГ;Лот №30. Клининг;;4;
;0%;92 д;01.08.26;31.10.26;29.10.26;11.11.26;14 д;;;4;СМР;919;1092;910;;17.09.26;Клининг;;;5;
;3%;761 д;01.10.24;31.10.26;26.01.26;03.12.26;312 д;;Люди(план=82) факт=24.04-40 чел, 27.04-28.04 - 16 чел., 28.04 - 5 чел;2;СМР;920;1099;;;НД;Блок U3. U4 (5 000 м2);;;3;
81e66355-570e-11f0-a555-005056026d24;15%;761 д;01.10.24;31.10.26;26.01.26;03.08.26;190 д;;;3;СМР;921;1101;;;НД;КОРОБКА, КРОВЛЯ, СТЕНЫ;Лот №08. Коробка, кровля, стены;;4;
4345e571-4dc9-11f0-a555-005056026d24;100%;304 д;01.11.25;31.08.26;26.01.26;27.02.26;33 д;;;4;СМР;922;1102;603ОН+25 д;926ОН-2 д;НД;Фундаменты сборные;8.1. Фундаменты сборные;;4;
57d09122-4dc9-11f0-a555-005056026d24;0%;304 д;01.11.25;31.08.26;11.05.26;30.05.26;20 д;;;4;СМР;923;1103;;;НД;Фундаменты монолитные;8.2. Фундаменты монолитные;;4;
;0%;304 д;01.11.25;31.08.26;11.05.26;30.05.26;20 д;;;5;СМР;924;1104;"603ОН+27 д;926";"1261;690;705;694;698";НД;Устройство монолитной железобетонной плиты под КПП и технические помещения ;;;5;
;50%;304 д;01.11.25;31.08.26;26.02.26;10.05.26;74 д;;;4;СМР;925;1105;;;НД;Цокольные панели;;;4;
6a3775f7-4dc9-11f0-a555-005056026d24;50%;304 д;01.11.25;31.08.26;26.02.26;10.05.26;74 д;;ООО Альфа С ;5;СМР;926;1106;922ОН-2 д;"1261;924;931;933";НД;Укладка цокольных панелей ;8.3. Цокольные панели;;5;
;100%;304 д;01.11.25;31.08.26;27.01.26;25.02.26;30 д;;;4;СМР;927;1107;;;НД;Железобетонные колонны;;;4;
7dc91ec3-4dc9-11f0-a555-005056026d24;100%;304 д;01.11.25;31.08.26;27.01.26;25.02.26;30 д;;ООО Альфа С ;5;СМР;928;1108;603ОН+26 д;"1261;930ОН+66 д";НД;Установка колонн (;8.4. Железобетонные колонны;;5;
89d4a1fd-4dc9-11f0-a555-005056026d24;0%;304 д;01.11.25;31.08.26;03.05.26;20.07.26;79 д;;;4;СМР;929;1109;;;НД;Металлические конструкции;8.5. Металлические конструкции;;4;
;0%;304 д;01.11.25;31.08.26;03.05.26;16.05.26;14 д;;Срыв срока поставки металла;5;СМР;930;1110;928ОН+66 д;"940;1261;978;982";17.03.26;Монтаж балок перекрытий, колонн, опор под оборудование;;;5;
;0%;304 д;01.11.25;31.08.26;11.05.26;31.05.26;21 д;;;5;СМР;931;1112;926;"1261;943ОН-10 д";17.03.26;Монтаж наружного фахверка;;;5;
;0%;304 д;01.11.25;31.08.26;07.07.26;20.07.26;14 д;;;5;СМР;932;1113;980;"1261;944;975";17.03.26;Монтаж внутреннего фахверк;;;5;
;0%;304 д;01.11.25;31.08.26;11.05.26;20.05.26;10 д;;;5;СМР;933;1114;926;"1261;941;945";17.03.26;Монтаж пристройки;;;5;
;0%;304 д;01.11.25;31.08.26;21.06.26;20.07.26;30 д;;;5;СМР;934;1115;943НН+30 д;1261;17.03.26;Монтаж наружной металлической лестницы с покрытием из реш.настила (входные) с ограждением;;;5;
;0%;304 д;01.11.25;31.08.26;21.06.26;20.07.26;30 д;;;5;СМР;935;1116;943НН+30 д;1261;17.03.26;Монтаж м/к наружной металлической лестницы (в т. ч. пожарной);;;5;
;0%;304 д;01.11.25;31.08.26;21.06.26;20.07.26;30 д;;;5;СМР;936;1117;943НН+30 д;1261;17.03.26;Монтаж лестницы на мезонин;;;5;
;0%;304 д;01.11.25;31.08.26;21.06.26;20.07.26;30 д;;;5;СМР;937;1118;943НН+30 д;1261;17.03.26;Монтаж ограждения мезонина;;;5;
;0%;304 д;01.11.25;31.08.26;21.06.26;20.07.26;30 д;;;5;СМР;938;1119;943НН+30 д;1261;17.03.26;Монтаж щитов металлических;;;5;
29911e79-4dca-11f0-a555-005056026d24;0%;304 д;01.11.25;31.08.26;17.05.26;25.05.26;9 д;;;4;СМР;939;1120;;;НД;Профилированный лист;8.6. Профилированный лист;;4;
;0%;304 д;01.11.25;31.08.26;17.05.26;23.05.26;7 д;;;5;СМР;940;1121;930;"949;950;951;952;953ОН-28 д;954ОН-28 д;1261;978;982;984;948";НД;Монтаж покрытия из профилированного листа ;;;5;
;0%;304 д;01.11.25;31.08.26;21.05.26;25.05.26;5 д;;;5;СМР;941;1122;933;1261;НД;Монтаж покрытия из профилированного листа  тех.помещения;;;5;
1fb58214-4dc9-11f0-a555-005056026d24;0%;304 д;01.11.25;31.08.26;21.05.26;03.08.26;75 д;;;4;СМР;942;1123;;;НД;Ограждающие конструкции;8.7. Ограждающие конструкции;;4;
;0%;304 д;01.11.25;31.08.26;22.05.26;20.06.26;30 д;;;5;СМР;943;1124;931ОН-10 д;"969;970;963;972;1010НН+77 д;1011НН+77 д;1012НН+77 д;1013НН+77 д;1261;946;956;957;958;959;960;964;965;966;974;934НН+30 д;935НН+30 д;936НН+30 д;937НН+30 д;938НН+30 д";НД;Монтаж сэндвич-панелей толщиной 120мм (наружные);;;5;
;0%;304 д;01.11.25;31.08.26;21.07.26;03.08.26;14 д;;;5;СМР;944;1126;932;"1261;963;964;965;966;969;970;972";НД;Монтаж сэндвич-панелей толщиной 100мм (внутренний);;;5;
;0%;304 д;01.11.25;31.08.26;21.05.26;04.06.26;15 д;;;5;СМР;945;1125;933;"1261;1264";НД;Монтаж сэндвич-панелей толщиной 120мм (техпомещения);;;5;
;0%;304 д;01.11.25;31.08.26;21.06.26;10.07.26;20 д;;;5;СМР;946;1129;943;1261;НД;Монтаж перфорированных стальных панелей;;;5;
d85d6bcd-4dc8-11f0-a555-005056026d24;0%;304 д;01.11.25;31.08.26;24.05.26;02.07.26;40 д;;;4;СМР;947;1131;;;НД;Кровля;8.8. Кровля;;4;
;0%;304 д;01.11.25;31.08.26;24.05.26;12.06.26;20 д;;;5;СМР;948;1132;940;1261;НД;Устройство пароизоляции;;;5;
;0%;304 д;01.11.25;31.08.26;24.05.26;12.06.26;20 д;;;5;СМР;949;1133;940;1261;НД;Утепление покрытий PIR 60 мм;;;5;
;0%;304 д;01.11.25;31.08.26;24.05.26;12.06.26;20 д;;;5;СМР;950;1134;940;1261;НД;Утепление покрытий плитами из минеральной ваты 50 мм;;;5;
;0%;304 д;01.11.25;31.08.26;24.05.26;12.06.26;20 д;;;5;СМР;951;1135;940;"1261;1001;1003";НД;Устройство плоских однослойных кровель из пвх мембран ecoplast v-rp (1,2 мм) (со сваркой полотен) с укладкой разделительного слоя по утеплителю, с устройством примыканий;;;5;
;0%;304 д;01.11.25;31.08.26;24.05.26;02.07.26;40 д;;;5;СМР;952;1136;940;1261;НД;Система дождевой канализации (сифонно-вакуумная система внутреннего водостока) с врезкой в колодец;;;5;
54c0dc50-4dca-11f0-a555-005056026d24;0%;304 д;01.11.25;31.08.26;26.04.26;07.06.26;43 д;;;4;СМР;953;1137;940ОН-28 д;1261;НД;Внутренние лестницы;Лот №09. Внутренние лестницы;;4;
7373b809-4dca-11f0-a555-005056026d24;0%;304 д;01.11.25;31.08.26;26.04.26;07.06.26;43 д;;;4;СМР;954;1138;940ОН-28 д;1261;НД;Внутренний пандус;Лот №10. Внутренний пандус;;4;
4ce62cae-4dcb-11f0-a555-005056026d24;0%;184 д;01.03.26;31.08.26;21.06.26;19.08.26;60 д;;;3;СМР;955;1139;;;НД;ПОДЪЕМНО-СЕКЦИОННЫЕ ВОРОТА, ДОКИ;Лот №11. Подъемно-секционные ворота, доки;;4;
;0%;122 д;01.03.26;30.06.26;21.06.26;19.08.26;60 д;;;4;СМР;956;1140;943;;НД;Устройство подъемных наружных секционных ворот (шхв) 2875х3000 мм ALUTECH (ProPlus);;;5;
;0%;122 д;01.03.26;30.06.26;21.06.26;19.08.26;60 д;;;4;СМР;957;1141;943;;НД;Устройство подъемных наружных секционных ворот (шхв) 3560х4530 мм ALUTECH (ProPlus);;;5;
;0%;184 д;01.03.26;31.08.26;21.06.26;19.08.26;60 д;;;4;СМР;958;1142;943;;НД;Уравнивающая перегрузочная платформа , докшелтер ALUTECH;;;5;
;0%;184 д;01.03.26;31.08.26;21.06.26;19.08.26;60 д;;;4;СМР;959;1143;943;;НД;Герметизатор проема ALUTECH;;;5;
;0%;184 д;01.03.26;31.08.26;21.06.26;19.08.26;60 д;;;4;СМР;960;1144;943;;НД;Направляющие для колес (колесоотбойники наружные) ALUTECH;;;5;
4d33fc43-4dcc-11f0-a555-005056026d24;0%;153 д;01.05.26;30.09.26;04.08.26;02.09.26;30 д;;;3;СМР;961;1145;;;НД;ВИТРАЖИ;Лот №13. Витражи;;4;
e7a77895-4de6-11f0-a555-005056026d24;0%;153 д;01.05.26;30.09.26;04.08.26;02.09.26;30 д;;;4;СМР;962;1146;;;НД;Наружные;13.1. Наружные;;4;
;0%;153 д;01.05.26;30.09.26;04.08.26;02.09.26;30 д;;;5;СМР;963;1147;"943;944";;НД;Наружные витражи;;;5;
;0%;153 д;01.05.26;30.09.26;04.08.26;02.09.26;30 д;;;5;СМР;964;1148;"943;944";;НД;Наружные двери алюминевые 1200*2100мм;;;5;
;0%;153 д;01.05.26;30.09.26;04.08.26;02.09.26;30 д;;;5;СМР;965;1149;"943;944";;НД;Наружный витраж с дверью на АБК 2100*2500мм (входные двери на Base);;;5;
661291e0-da63-11ef-a553-005056026d24;0%;153 д;01.05.26;30.09.26;04.08.26;02.09.26;30 д;;;4;СМР;966;1150;"943;944";;НД;Внутренние;13.2. Внутренние;;4;
b291b2d8-5733-11f0-a555-005056026d24;0%;153 д;01.05.26;30.09.26;04.08.26;02.09.26;30 д;;;3;СМР;967;1151;;;НД;ДВЕРИ, РАСПАШНЫЕ ВОРОТА;Лот № 14. Двери, распашные ворота;;4;
5eedf1b9-5733-11f0-a555-005056026d24;0%;153 д;01.05.26;30.09.26;04.08.26;02.09.26;30 д;;;4;СМР;968;1152;;;НД;Наружные;14.1. Наружные;;4;
;0%;153 д;01.05.26;30.09.26;04.08.26;02.09.26;30 д;;;5;СМР;969;1153;"943;944";;НД;Наружные двери металлические утепленные 2080*1670мм;;;5;
;0%;153 д;01.05.26;30.09.26;04.08.26;02.09.26;30 д;;;5;СМР;970;1154;"943;944";;НД;Наружные двери металлические утепленные 2080*1260мм;;;5;
ee625ed8-5733-11f0-a555-005056026d24;0%;153 д;01.05.26;30.09.26;04.08.26;02.09.26;30 д;;;4;СМР;971;1155;;;НД;Внутренние;14.2. Внутренние;;4;
;0%;153 д;01.05.26;30.09.26;04.08.26;02.09.26;30 д;;;5;СМР;972;1156;"943;944";;НД;Внутренние противопожарные двери металлические 2080*970мм;;;5;
418d5553-4de7-11f0-a555-005056026d24;0%;153 д;01.05.26;30.09.26;21.06.26;20.07.26;30 д;;;3;СМР;973;1157;;;НД;КОЗЫРЬКИ;Лот №15. Козырьки;;4;
;0%;153 д;01.05.26;30.09.26;21.06.26;20.07.26;30 д;;;4;СМР;974;1158;943;1261;НД;Стеклянный козырек 2х1,2 м (две тяги, тонированное стекло триплекс 8+8);;;5;
78e47229-4de7-11f0-a555-005056026d24;0%;153 д;01.05.26;30.09.26;21.07.26;09.08.26;20 д;;;3;СМР;975;1159;932;;НД;ОГНЕЗАЩИТА;Лот №16. Огнезащита;;4;
a878a72a-4de7-11f0-a555-005056026d24;0%;122 д;01.05.26;30.08.26;24.05.26;26.07.26;64 д;;;3;СМР;976;1160;;;НД;ПРОМЫШЛЕННЫЕ ПОЛЫ, ПОЛЫ АБК, ПЕРЕКРЫТИЯ, ПОКРЫТИЯ;Лот №17. Промышленные полы, полы АБК, перекрытия, покрытие;;4;
9499094d-4de7-11f0-a555-005056026d24;0%;122 д;01.05.26;30.08.26;24.05.26;06.06.26;14 д;;;4;СМР;977;1161;;;НД;ОСНОВАНИЕ ПОД ПОЛЫ;17.1. Основание под полы;;4;
;0%;122 д;01.05.26;30.08.26;24.05.26;06.06.26;14 д;;;5;СМР;978;1162;"930;940";"1261;980;983";НД;Основание под полы;;;5;
b70e6655-4de7-11f0-a555-005056026d24;0%;122 д;01.05.26;30.08.26;07.06.26;06.07.26;30 д;;;4;СМР;979;1163;;;НД;ПРОМЫШЛЕННЫЕ ПОЛЫ;17.2. Промышленные полы;;4;
;0%;122 д;01.05.26;30.08.26;07.06.26;06.07.26;30 д;;;5;СМР;980;1164;978;"932;987;988;989;990;991;992;993;995;996;997;998;999;1002";НД;Работы по устройству монолитной железобетонной плиты пола;;;5;
bf212447-4de7-11f0-a555-005056026d24;0%;122 д;01.05.26;30.08.26;24.05.26;26.07.26;64 д;;;4;СМР;981;1165;;;НД;Полы АББ/перекрытия/покрытие;17.3. Полы АБК, перекрытия, покрытие;;4;
;0%;122 д;01.05.26;30.08.26;24.05.26;06.06.26;14 д;;;5;СМР;982;1166;"930;940";1261;НД;Основание под плиту пола в АББ;;;5;
;0%;122 д;01.05.26;30.08.26;07.06.26;06.07.26;30 д;;;5;СМР;983;1167;978;"1261;984";НД;Устройство монолитной ж/б плиты пола в АББ;;;5;
;0%;122 д;01.05.26;30.08.26;07.07.26;26.07.26;20 д;;;5;СМР;984;1168;"940;983";1261;НД;Устройство монолитной плиты перекрытия АББ;;;5;
0c7688b7-4de8-11f0-a555-005056026d24;0%;273 д;01.01.26;30.09.26;13.06.26;13.11.26;154 д;;;3;СМР;985;1169;;;НД;ВНУТРЕННИЕ СЕТИ;Лот №19. Внутренние сети;;4;
ffa94a42-4de7-11f0-a555-005056026d24;0%;242 д;01.02.26;30.09.26;07.07.26;13.11.26;130 д;;;4;СМР;986;1170;;;НД;ВНУТРЕННИЕ СЕТИ: ВОДОСНАБЖЕНИЕ, ВОДОТВЕДЕНИЕ, ОТОПЛЕНИЕ, ВЕНТИЛЯЦИЯ;19.1. Внутренние сети: Водоснабжение, водоотведение, отопление, вентиляция;;4;
;0%;242 д;01.02.26;30.09.26;07.07.26;13.11.26;130 д;;;5;СМР;987;1171;980;"1261;1005НН+60 д;1006НН+60 д;1007НН+60 д;1008НН+60 д";НД;Хозяйственно-бытовой водопровод;;;5;
;0%;242 д;01.02.26;30.09.26;07.07.26;13.11.26;130 д;;;5;СМР;988;1172;980;1261;НД;Хозяйственно-бытовой водопровод;;;5;
;0%;242 д;01.02.26;30.09.26;07.07.26;13.11.26;130 д;;;5;СМР;989;1173;980;1261;НД;Система хоз-бытовой и фекальной канализации ;;;5;
;0%;242 д;01.02.26;30.09.26;07.07.26;13.11.26;130 д;;;5;СМР;990;1174;980;1261;НД;Вентиляция ;;;5;
;0%;242 д;01.02.26;30.09.26;07.07.26;13.11.26;130 д;;;5;СМР;991;1175;980;1261;НД;Отопление и теплоснабжение ;;;5;
;0%;242 д;01.02.26;30.09.26;07.07.26;13.11.26;130 д;;;5;СМР;992;1176;980;1261;НД;Отопление и теплоснабжение КПП;;;5;
;0%;242 д;01.02.26;30.09.26;07.07.26;13.11.26;130 д;;;5;СМР;993;1177;980;1261;НД;Противопожарные резервуары;;;5;
22f65793-4de8-11f0-a555-005056026d24;0%;243 д;01.01.26;31.08.26;07.07.26;13.11.26;130 д;;;4;СМР;994;1178;;;НД;ВНУТРЕННИЕ СЕТИ: ЭЛЕТРОСНАБЖЕНИЕ;19.2. Внутренние сети: Электроснабжение;;4;
;0%;243 д;01.01.26;31.08.26;07.07.26;13.11.26;130 д;;;5;СМР;995;1179;980;"1261;1005НН+60 д;1006НН+60 д;1007НН+60 д;1008НН+60 д";НД;Электроснабжение (ЭОМ);;;5;
;0%;243 д;01.01.26;31.08.26;07.07.26;13.11.26;130 д;;;5;СМР;996;1180;980;1261;НД;Светильники;;;5;
;0%;243 д;01.01.26;31.08.26;07.07.26;13.11.26;130 д;;;5;СМР;997;1181;980;1261;НД;Электроснабжение (ЭОМ) ;;;5;
;0%;243 д;01.01.26;31.08.26;07.07.26;13.11.26;130 д;;;5;СМР;998;1182;980;1261;НД;Светильники ;;;5;
;0%;243 д;01.01.26;31.08.26;07.07.26;13.11.26;130 д;;;5;СМР;999;1183;980;1261;НД;"Голосовой помощник Яндекс-станция ""Алиса""";;;5;
50c2d911-4de8-11f0-a555-005056026d24;0%;242 д;01.02.26;30.09.26;13.06.26;13.11.26;154 д;;;4;СМР;1000;1184;;;НД;ВНУТРЕННИЕ СЕТИ: ПОЖАРНЫЕ;19.3. Внутренние сети: Пожарные;;4;
;0%;242 д;01.02.26;30.09.26;13.06.26;20.10.26;130 д;;;5;СМР;1001;1185;951;1261;НД;Спринклерная система пожаротушения АУПТ А+;;;5;
;0%;242 д;01.02.26;30.09.26;07.07.26;13.11.26;130 д;;;5;СМР;1002;1186;980;1261;НД;Система управления оповещением и эвакуацией СОУЭ Автоматическая пожарная сигнализация АПС Комплексная автоматизация;;;5;
;0%;242 д;01.02.26;30.09.26;13.06.26;20.10.26;130 д;;;5;СМР;1003;1187;951;1261;НД;Спринклерная система пожаротушения АУПТ (включая пожарный водопровод);;;5;
6bd41379-4de8-11f0-a555-005056026d24;0%;153 д;01.06.26;31.10.26;05.09.26;03.12.26;90 д;;;3;СМР;1004;1188;;;НД;ОТДЕЛОЧНЫЕ РАБОТЫ;Лот №20. Отделочные работы;;4;
;0%;153 д;01.06.26;31.10.26;05.09.26;03.12.26;90 д;;;4;СМР;1005;1189;"987НН+60 д;995НН+60 д";"225ОН-153 д;226ОН-153 д;1265;1015ОО";НД;"Отделочные работы (потолок - окраска, сан.узел - грильято; стены - штукатурка под бетон, сан.узел - керамогранит/окраска; полы - ламинат; перегородки - ГКЛВ/ГКЛВО). Двери, окна, лестница -НЕ ВХОДЯТ В СТОИМОСТЬ.";;;5;
;0%;153 д;01.06.26;31.10.26;05.09.26;03.12.26;90 д;;;4;СМР;1006;1190;"987НН+60 д;995НН+60 д";1265;НД;"Отделочные работы АБК 9,3*6м-2эт. (потолок - окраска, сан.узел - грильято; стены - штукатурка под бетон, сан.узел - керамогранит/окраска; полы - ламинат/керамогранит; перегородки - ГКЛВ/ГКЛВО). Двери, окна, лестница -НЕ ВХОДЯТ В СТОИМОСТЬ.";;;5;
;0%;153 д;01.06.26;31.10.26;05.09.26;03.12.26;90 д;;;4;СМР;1007;1191;"987НН+60 д;995НН+60 д";1265;НД;"Отделочные работы пристройки под офис/ТЦ (потолок - окраска, сан.узел - грильято; стены - штукатурка под бетон, сан.узел - керамогранит/окраска; полы - ламинат/керамогранит; перегородки - ГКЛВ/ГКЛВО). Двери, окна, лестница -НЕ ВХОДЯТ В СТОИМОСТЬ.";;;5;
;0%;153 д;01.06.26;31.10.26;05.09.26;03.12.26;90 д;;;4;СМР;1008;1192;"987НН+60 д;995НН+60 д";1265;НД;Внутренние двери деревянные размером 970*2080мм;;;5;
;0%;153 д;01.06.26;31.10.26;07.08.26;30.08.26;24 д;;;3;СМР;1009;1193;;;НД;РЕКЛАМА;;;4;
;0%;153 д;01.06.26;31.10.26;07.08.26;30.08.26;24 д;;;4;СМР;1010;1194;943НН+77 д;;НД;Номерация ;;;5;
;0%;153 д;01.06.26;31.10.26;07.08.26;30.08.26;24 д;;;4;СМР;1011;1196;943НН+77 д;;НД;Буквенное обозначение;;;5;
;0%;153 д;01.06.26;31.10.26;07.08.26;30.08.26;24 д;;;4;СМР;1012;1198;943НН+77 д;;НД;Логотип на стене (световые буквы);;;5;
;0%;153 д;01.06.26;31.10.26;07.08.26;30.08.26;24 д;;;4;СМР;1013;1201;943НН+77 д;;НД;Художественная покраска стен;;;5;
b9e45c24-4dea-11f0-a555-005056026d24;0%;92 д;01.08.26;31.10.26;25.10.26;03.12.26;40 д;;;3;СМР;1014;1202;;;НД;КЛИНИНГ;Лот №30. Клининг;;4;
;0%;92 д;01.08.26;31.10.26;25.10.26;03.12.26;40 д;;;4;СМР;1015;1203;1005ОО;;НД;Клининг;;;5;
;0%;822 д;01.10.24;31.10.26;01.10.24;19.01.27;841 д;;;2;СМР;1016;1210;;;НД;ЗАВОД (2000 м2);;;3;
81e66355-570e-11f0-a555-005056026d24;0%;822 д;01.10.24;30.09.26;02.07.26;19.11.26;141 д;;;3;СМР;1017;1212;;;НД;КОРОБКА, КРОВЛЯ, СТЕНЫ;Лот №08. Коробка, кровля, стены;;4;
4345e571-4dc9-11f0-a555-005056026d24;0%;304 д;01.10.25;31.07.26;02.07.26;20.08.26;50 д;;;4;СМР;1018;1213;479ОН+20 д;"1022НН+10 д;1024НН+10 д";НД;Фундаменты сборные;8.1. Фундаменты сборные;;5;
57d09122-4dc9-11f0-a555-005056026d24;0%;304 д;01.11.25;31.08.26;26.07.26;24.08.26;30 д;;;4;СМР;1019;1214;;;НД;Фундаменты монолитные;8.2. Фундаменты монолитные;;4;
;0%;304 д;01.11.25;31.08.26;26.07.26;24.08.26;30 д;;;5;СМР;1020;1215;1022НН+14 д;"1029;691;706;695;699";НД;Устройство монолитной железобетонной плиты под КПП и технические помещения (в тч земляные работы, основание песок, щебень, гидроизоляция);;;5;
;0%;304 д;01.11.25;31.08.26;12.07.26;30.08.26;50 д;;;4;СМР;1021;1216;;;НД;Цокольные панели;;;4;
6a3775f7-4dc9-11f0-a555-005056026d24;0%;304 д;01.11.25;31.08.26;12.07.26;30.08.26;50 д;;;5;СМР;1022;1217;1018НН+10 д;"1020НН+14 д;1027НН+20 д";НД;Укладка цокольных панелей (в тч земляные работы, устройство стеновых стыков, монолитные участки, гидроизоляция);8.3. Цокольные панели;;5;
;0%;304 д;01.11.25;31.08.26;12.07.26;10.08.26;30 д;;;4;СМР;1023;1218;;;НД;Железобетонные колонны;;;4;
7dc91ec3-4dc9-11f0-a555-005056026d24;0%;304 д;01.11.25;31.08.26;12.07.26;10.08.26;30 д;;;5;СМР;1024;1219;1018НН+10 д;1026НН+10 д;НД;Установка колонн (в тч земляные работы , замоноличивание стыков, гидроизоляция);8.4. Железобетонные колонны;;5;
89d4a1fd-4dc9-11f0-a555-005056026d24;0%;304 д;01.11.25;31.08.26;22.07.26;19.10.26;90 д;;;4;СМР;1025;1220;;;НД;Металлические конструкции;8.5. Металлические конструкции;;4;
;0%;304 д;01.11.25;31.08.26;22.07.26;30.08.26;40 д;;;5;СМР;1026;1222;1024НН+10 д;"1036НН+15 д;1037НН+15 д;1096НН+15 д";НД;Монтаж балок перекрытий, колонн, опор под оборудование, покрытия;;;5;
;0%;304 д;01.11.25;31.08.26;01.08.26;30.08.26;30 д;;;5;СМР;1027;1223;1022НН+20 д;"1039НН+15 д;1040НН+15 д;1042НН+15 д;1044НН+15 д;1045НН+15 д;1046НН+15 д";НД;Монтаж наружного фахверка;;;5;
;0%;304 д;01.11.25;31.08.26;20.09.26;19.10.26;30 д;;;5;СМР;1028;1224;1077НН+15 д;"1041НН+15 д;1072НН+15 д";НД;Монтаж внутреннего фахверк;;;5;
;0%;304 д;01.11.25;31.08.26;25.08.26;23.09.26;30 д;;;5;СМР;1029;1225;1020;"1043ОН+1 д;1264";НД;Монтаж пристройки;;;5;
;0%;304 д;01.11.25;31.08.26;15.09.26;04.10.26;20 д;;;5;СМР;1030;1226;1039НН+30 д;1269;НД;Монтаж наружной металлической лестницы с покрытием из реш.настила (входные) с ограждением;;;5;
;0%;304 д;01.11.25;31.08.26;15.09.26;04.10.26;20 д;;;5;СМР;1031;1227;1039НН+30 д;1269;НД;Монтаж м/к наружной металлической лестницы (в т. ч. пожарной);;;5;
;0%;304 д;01.11.25;31.08.26;15.09.26;04.10.26;20 д;;;5;СМР;1032;1228;1039НН+30 д;1269;НД;Монтаж лестницы на мезонин;;;5;
;0%;304 д;01.11.25;31.08.26;15.09.26;04.10.26;20 д;;;5;СМР;1033;1229;1039НН+30 д;1269;НД;Монтаж ограждения мезонина;;;5;
;0%;304 д;01.11.25;31.08.26;15.09.26;04.10.26;20 д;;;5;СМР;1034;1230;1039НН+30 д;1269;НД;Монтаж щитов металлических;;;5;
29911e79-4dca-11f0-a555-005056026d24;0%;304 д;01.11.25;31.08.26;06.08.26;09.09.26;35 д;;;4;СМР;1035;1231;;;НД;Профилированный лист;8.6. Профилированный лист;;4;
;0%;304 д;01.11.25;31.08.26;06.08.26;09.09.26;35 д;;;5;СМР;1036;1232;1026НН+15 д;"1075НН+15 д;1048НН+15 д;1079НН+15 д";НД;Монтаж перекрытий из профилированного листа Н114-750-0.7, в т.ч. метизы;;;5;
;0%;304 д;01.11.25;31.08.26;06.08.26;09.09.26;35 д;;;5;СМР;1037;1233;1026НН+15 д;;НД;Монтаж покрытия из профилированного листа Н114-750-1.0, в т.ч. метизы;;;5;
1fb58214-4dc9-11f0-a555-005056026d24;0%;304 д;01.11.25;31.08.26;16.08.26;19.10.26;65 д;;;4;СМР;1038;1234;;;НД;Ограждающие конструкции;8.7. Ограждающие конструкции;;4;
;0%;304 д;01.11.25;31.08.26;16.08.26;29.09.26;45 д;;;5;СМР;1039;1235;1027НН+15 д;"1030НН+30 д;1031НН+30 д;1032НН+30 д;1033НН+30 д;1034НН+30 д;1057ОН+1 д;1060ОН+1 д;1061ОН+1 д;1062ОН+1 д;1066ОН+1 д;1067ОН+1 д;1071ОН+1 д;1103ОН+40 д;1104ОН+40 д;1105ОН+40 д;1106ОН+40 д;1107ОН+40 д;1108ОН+40 д;1109ОН+40 д;1110ОН+40 д";НД;Монтаж сэндвич-панелей толщиной 120мм;;;5;
;0%;304 д;01.11.25;31.08.26;16.08.26;29.09.26;45 д;;;5;СМР;1040;1236;1027НН+15 д;;НД;Монтаж сэндвич-панелей толщиной 120мм (UNIQUE);;;5;
;0%;304 д;01.11.25;31.08.26;05.10.26;19.10.26;15 д;;;5;СМР;1041;1237;1028НН+15 д;"1063ОН+1 д;1053ОН+1 д;1054ОН+1 д;1069ОН+1 д";НД;Монтаж сэндвич-панелей толщиной 100мм;;;5;
;0%;304 д;01.11.25;31.08.26;16.08.26;29.09.26;45 д;;;5;СМР;1042;1238;1027НН+15 д;;НД;Монтаж сэндвич-панелей кровельных толщиной 120мм;;;5;
;0%;0 д;01.11.25;31.08.26;25.09.26;09.10.26;15 д;;;5;;1043;1451;1029ОН+1 д;;НД;Монтаж сэдвич-панелей пристройки;;;5;
;0%;304 д;01.11.25;31.08.26;16.08.26;29.09.26;45 д;;;5;СМР;1044;1239;1027НН+15 д;;НД;Монтаж профилированного листа Н114-750-0.7, в т.ч. метизы (волна МП18);;;5;
;0%;304 д;01.11.25;31.08.26;16.08.26;29.09.26;45 д;;;5;СМР;1045;1240;1027НН+15 д;;НД;Монтаж перфорированных стальных панелей;;;5;
;0%;304 д;01.11.25;31.08.26;16.08.26;29.09.26;45 д;;;5;СМР;1046;1241;1027НН+15 д;;НД;Вентилируемый фасад;;;5;
d85d6bcd-4dc8-11f0-a555-005056026d24;0%;304 д;01.11.25;31.08.26;21.08.26;19.10.26;60 д;;;4;СМР;1047;1242;;;НД;Кровля;8.8. Кровля;;4;
;0%;304 д;01.11.25;31.08.26;21.08.26;04.09.26;15 д;;;5;СМР;1048;1243;1036НН+15 д;1049НН+5 д;НД;Устройство пароизоляции;;;5;
;0%;304 д;01.11.25;31.08.26;26.08.26;14.09.26;20 д;;;5;СМР;1049;1244;1048НН+5 д;1050НН+5 д;НД;Утепление покрытий PIR 60 мм;;;5;
;0%;304 д;01.11.25;31.08.26;31.08.26;19.09.26;20 д;;;5;СМР;1050;1245;1049НН+5 д;1051НН+10 д;НД;Утепление покрытий плитами из минеральной ваты 50 мм;;;5;
;0%;304 д;01.11.25;31.08.26;10.09.26;04.10.26;25 д;;;5;СМР;1051;1246;1050НН+10 д;1052НН+10 д;НД;Устройство плоских однослойных кровель из пвх мембран ecoplast v-rp (1,2 мм) (со сваркой полотен) с укладкой разделительного слоя по утеплителю, с устройством примыканий;;;5;
;0%;304 д;01.11.25;31.08.26;20.09.26;19.10.26;30 д;;;5;СМР;1052;1247;1051НН+10 д;;НД;Система дождевой канализации (сифонно-вакуумная система внутреннего водостока) с врезкой в колодец;;;5;
54c0dc50-4dca-11f0-a555-005056026d24;0%;304 д;01.11.25;31.08.26;21.10.26;19.11.26;30 д;;;4;СМР;1053;1248;1041ОН+1 д;1269;НД;Внутренние лестницы;Лот №09. Внутренние лестницы;;4;
7373b809-4dca-11f0-a555-005056026d24;0%;304 д;01.11.25;31.08.26;21.10.26;19.11.26;30 д;;;4;СМР;1054;1249;1041ОН+1 д;1269;НД;Внутренний пандус;Лот №10. Внутренний пандус;;4;
bc870b25-4de6-11f0-a555-005056026d24;0%;153 д;01.05.26;30.09.26;01.10.26;10.10.26;10 д;;;3;СМР;1055;1256;;;НД;ОКНА;Лот №12. Окна;;4;
fcc34f08-4dcb-11f0-a555-005056026d24;0%;153 д;01.05.26;30.09.26;01.10.26;10.10.26;10 д;;;4;СМР;1056;1257;;;НД;Наружные;12.1. Наружные оконные блоки;;4;
;0%;153 д;01.05.26;30.09.26;01.10.26;10.10.26;10 д;;;5;СМР;1057;1258;1039ОН+1 д;;НД;Наружные оконные блоки с ламинацией;;;5;
4d33fc43-4dcc-11f0-a555-005056026d24;0%;153 д;01.05.26;30.09.26;01.10.26;30.10.26;30 д;;;3;СМР;1058;1261;;;НД;ВИТРАЖИ;Лот №13. Витражи;;4;
e7a77895-4de6-11f0-a555-005056026d24;0%;153 д;01.05.26;30.09.26;01.10.26;20.10.26;20 д;;;4;СМР;1059;1262;;;НД;Наружные;13.1. Наружные;;4;
;0%;153 д;01.05.26;30.09.26;01.10.26;20.10.26;20 д;;;5;СМР;1060;1263;1039ОН+1 д;1083ОН+1 д;НД;Наружные витражи;;;5;
;0%;153 д;01.05.26;30.09.26;01.10.26;20.10.26;20 д;;;5;СМР;1061;1264;1039ОН+1 д;;НД;Наружные двери алюминевые 1200*2100мм;;;5;
;0%;153 д;01.05.26;30.09.26;01.10.26;20.10.26;20 д;;;5;СМР;1062;1265;1039ОН+1 д;;НД;Наружный витраж с дверью на АБК 2100*2500мм (входные двери на Base);;;5;
661291e0-da63-11ef-a553-005056026d24;0%;153 д;01.05.26;30.09.26;21.10.26;30.10.26;10 д;;;4;СМР;1063;1266;1041ОН+1 д;;НД;Внутренние;13.2. Внутренние;;4;
b291b2d8-5733-11f0-a555-005056026d24;0%;153 д;01.05.26;30.09.26;01.10.26;30.10.26;30 д;;;3;СМР;1064;1267;;;НД;ДВЕРИ, РАСПАШНЫЕ ВОРОТА;Лот № 14. Двери, распашные ворота;;4;
5eedf1b9-5733-11f0-a555-005056026d24;0%;153 д;01.05.26;30.09.26;01.10.26;15.10.26;15 д;;;4;СМР;1065;1268;;;НД;Наружные;14.1. Наружные;;4;
;0%;153 д;01.05.26;30.09.26;01.10.26;15.10.26;15 д;;;5;СМР;1066;1269;1039ОН+1 д;;НД;Наружные двери металлические утепленные 2080*1670мм;;;5;
;0%;153 д;01.05.26;30.09.26;01.10.26;15.10.26;15 д;;;5;СМР;1067;1270;1039ОН+1 д;;НД;Наружные двери металлические утепленные 2080*1260мм;;;5;
ee625ed8-5733-11f0-a555-005056026d24;0%;153 д;01.05.26;30.09.26;21.10.26;30.10.26;10 д;;;4;СМР;1068;1271;;;НД;Внутренние;14.2. Внутренние;;4;
;0%;153 д;01.05.26;30.09.26;21.10.26;30.10.26;10 д;;;5;СМР;1069;1272;1041ОН+1 д;;НД;Внутренние противопожарные двери металлические 2080*970мм;;;5;
418d5553-4de7-11f0-a555-005056026d24;0%;153 д;01.05.26;30.09.26;01.10.26;15.10.26;15 д;;;3;СМР;1070;1273;;;НД;КОЗЫРЬКИ;Лот №15. Козырьки;;4;
;0%;153 д;01.05.26;30.09.26;01.10.26;15.10.26;15 д;;;4;СМР;1071;1274;1039ОН+1 д;;НД;Стеклянный козырек 2х1,2 м (две тяги, тонированное стекло триплекс 8+8);;;5;
78e47229-4de7-11f0-a555-005056026d24;0%;153 д;01.05.26;30.09.26;05.10.26;03.11.26;30 д;;;3;СМР;1072;1275;1028НН+15 д;;НД;ОГНЕЗАЩИТА;Лот №16. Огнезащита;;4;
a878a72a-4de7-11f0-a555-005056026d24;0%;122 д;01.05.26;30.08.26;21.08.26;30.10.26;71 д;;;3;СМР;1073;1276;;;НД;ПРОМЫШЛЕННЫЕ ПОЛЫ, ПОЛЫ АБК, ПЕРЕКРЫТИЯ, ПОКРЫТИЯ;Лот №17. Промышленные полы, полы АБК, перекрытия, покрытие;;4;
9499094d-4de7-11f0-a555-005056026d24;0%;122 д;01.05.26;30.08.26;21.08.26;09.09.26;20 д;;;4;СМР;1074;1277;;;НД;ОСНОВАНИЕ ПОД ПОЛЫ;17.1. Основание под полы;;4;
;0%;122 д;01.05.26;30.08.26;21.08.26;09.09.26;20 д;;;5;СМР;1075;1278;1036НН+15 д;1077НН+15 д;НД;Основание под полы (стабилизация грунта + щебень 80 мм/песок 100 мм + геотекстиль);;;5;
b70e6655-4de7-11f0-a555-005056026d24;0%;122 д;01.05.26;30.08.26;05.09.26;04.10.26;30 д;;;4;СМР;1076;1279;;;НД;ПРОМЫШЛЕННЫЕ ПОЛЫ;17.2. Промышленные полы;;4;
;0%;122 д;01.05.26;30.08.26;05.09.26;04.10.26;30 д;;;5;СМР;1077;1280;"1075НН+15 д;1079НН+15 д";"1028НН+15 д;1086ОН+5 д;1087ОН+5 д;1088ОН+5 д;1089ОН+5 д;1091ОН+5 д;1092ОН+5 д;1093ОН+5 д;1095ОН+5 д";НД;Работы по устройству монолитной железобетонной плиты пола проектной толщиной 200мм, с армированием (нижний пояс) стержневой арматурой класса А500 O10 с ячейкой 200х200мм, из бетона класса В25, с нанесением упрочняющего покрытия, с устройством температурно;;;5;
bf212447-4de7-11f0-a555-005056026d24;0%;122 д;01.05.26;30.08.26;21.08.26;30.10.26;71 д;;;4;СМР;1078;1281;;;НД;Полы АБК/перекрытия/покрытие;17.3. Полы АБК, перекрытия, покрытие;;4;
;0%;122 д;01.05.26;30.08.26;21.08.26;09.09.26;20 д;;;5;СМР;1079;1282;1036НН+15 д;"1077НН+15 д;1080ОН+1 д";НД;Основание под плиту пола в АБК: песок 200, щебень фр.20-40 - 200, пленка (геотекстиль);;;5;
;0%;122 д;01.05.26;30.08.26;11.09.26;30.09.26;20 д;;;5;СМР;1080;1283;1079ОН+1 д;1081ОН+5 д;НД;Устройство монолитной ж/б плиты пола в АБК толщ. 140мм с утеплением;;;5;
;0%;122 д;01.05.26;30.08.26;06.10.26;30.10.26;25 д;;;5;СМР;1081;1284;1080ОН+5 д;"1098ОН+1 д;1099ОН+1 д;1100ОН+1 д;1101ОН+1 д";НД;Устройство монолитной плиты перекрытия 170мм по смонтированному профлисту бетоном В25 (вкл. температурно-усадочный и деформационные швы, монолитный армированный пояс);;;5;
e24a56ea-4de7-11f0-a555-005056026d24;0%;153 д;01.05.26;30.09.26;22.10.26;05.11.26;15 д;;;3;СМР;1082;1285;;;НД;ДЕКОР ФАСАДОВ;Лот №18. Декор фасадов;;4;
;0%;153 д;01.05.26;30.09.26;22.10.26;05.11.26;15 д;;;4;СМР;1083;1286;1060ОН+1 д;;НД;Монтаж ламелей вертикальных, горизонтальных;;;5;
0c7688b7-4de8-11f0-a555-005056026d24;0%;273 д;01.01.26;30.09.26;06.08.26;08.12.26;125 д;;;3;СМР;1084;1287;;;НД;ВНУТРЕННИЕ СЕТИ;Лот №19. Внутренние сети;;4;
ffa94a42-4de7-11f0-a555-005056026d24;0%;242 д;01.02.26;30.09.26;10.10.26;08.12.26;60 д;;;4;СМР;1085;1288;;;НД;ВНУТРЕННИЕ СЕТИ: ВОДОСНАБЖЕНИЕ, ВОДОТВЕДЕНИЕ, ОТОПЛЕНИЕ, ВЕНТИЛЯЦИЯ;19.1. Внутренние сети: Водоснабжение, водоотведение, отопление, вентиляция;;4;
;0%;242 д;01.02.26;30.09.26;10.10.26;08.12.26;60 д;;;5;СМР;1086;1290;1077ОН+5 д;1269;НД;Хозяйственно-бытовой водопровод, включая пожарный водопровод (холодное и горячее водоснабжение) Light Industrial;;;5;
;0%;242 д;01.02.26;30.09.26;10.10.26;08.12.26;60 д;;;5;СМР;1087;1291;1077ОН+5 д;1269;НД;Система хоз-бытовой и фекальной канализации Light Industrial;;;5;
;0%;242 д;01.02.26;30.09.26;10.10.26;08.12.26;60 д;;;5;СМР;1088;1292;1077ОН+5 д;1269;НД;Вентиляция Light Industrial;;;5;
;0%;242 д;01.02.26;30.09.26;10.10.26;08.12.26;60 д;;;5;СМР;1089;1293;1077ОН+5 д;1269;НД;Отопление и теплоснабжение Light Industrial;;;5;
22f65793-4de8-11f0-a555-005056026d24;0%;243 д;01.01.26;31.08.26;10.10.26;08.12.26;60 д;;;4;СМР;1090;1296;;;НД;ВНУТРЕННИЕ СЕТИ: ЭЛЕТРОСНАБЖЕНИЕ;19.2. Внутренние сети: Электроснабжение;;4;
;0%;243 д;01.01.26;31.08.26;10.10.26;08.12.26;60 д;;;5;СМР;1091;1297;1077ОН+5 д;1269;НД;Электроснабжение (ЭОМ) А+;;;5;
;0%;243 д;01.01.26;31.08.26;10.10.26;08.12.26;60 д;;;5;СМР;1092;1298;1077ОН+5 д;1269;НД;Светильники А+;;;5;
;0%;243 д;01.01.26;31.08.26;10.10.26;08.12.26;60 д;;;5;СМР;1093;1301;1077ОН+5 д;1269;НД;"Голосовой помощник Яндекс-станция ""Алиса""";;;5;
50c2d911-4de8-11f0-a555-005056026d24;0%;242 д;01.02.26;30.09.26;06.08.26;08.12.26;125 д;;;4;СМР;1094;1302;;;НД;ВНУТРЕННИЕ СЕТИ: ПОЖАРНЫЕ;19.3. Внутренние сети: Пожарные;;4;
;0%;242 д;01.02.26;30.09.26;10.10.26;08.12.26;60 д;;;5;СМР;1095;1304;1077ОН+5 д;;НД;Система управления оповещением и эвакуацией СОУЭ Автоматическая пожарная сигнализация АПС Комплексная автоматизация;;;5;
;0%;242 д;01.02.26;30.09.26;06.08.26;13.11.26;100 д;;;5;СМР;1096;1305;1026НН+15 д;1269;НД;Спринклерная система пожаротушения АУПТ (включая пожарный водопровод);;;5;
6bd41379-4de8-11f0-a555-005056026d24;0%;153 д;01.06.26;31.10.26;01.11.26;19.01.27;80 д;;;3;СМР;1097;1306;;;НД;ОТДЕЛОЧНЫЕ РАБОТЫ;Лот №20. Отделочные работы;;4;
;0%;153 д;01.06.26;31.10.26;01.11.26;19.01.27;80 д;;;4;СМР;1098;1307;1081ОН+1 д;;НД;"Отделочные работы (потолок - окраска, сан.узел - грильято; стены - штукатурка под бетон, сан.узел - керамогранит/окраска; полы - ламинат; перегородки - ГКЛВ/ГКЛВО). Двери, окна, лестница -НЕ ВХОДЯТ В СТОИМОСТЬ.";;;5;
;0%;153 д;01.06.26;31.10.26;01.11.26;19.01.27;80 д;;;4;СМР;1099;1308;1081ОН+1 д;;НД;"Отделочные работы АБК 9,3*6м-2эт. (потолок - окраска, сан.узел - грильято; стены - штукатурка под бетон, сан.узел - керамогранит/окраска; полы - ламинат/керамогранит; перегородки - ГКЛВ/ГКЛВО). Двери, окна, лестница -НЕ ВХОДЯТ В СТОИМОСТЬ.";;;5;
;0%;153 д;01.06.26;31.10.26;01.11.26;19.01.27;80 д;;;4;СМР;1100;1309;1081ОН+1 д;;НД;"Отделочные работы пристройки под офис/ТЦ (потолок - окраска, сан.узел - грильято; стены - штукатурка под бетон, сан.узел - керамогранит/окраска; полы - ламинат/керамогранит; перегородки - ГКЛВ/ГКЛВО). Двери, окна, лестница -НЕ ВХОДЯТ В СТОИМОСТЬ.";;;5;
;0%;153 д;01.06.26;31.10.26;01.11.26;19.01.27;80 д;;;4;СМР;1101;1310;1081ОН+1 д;;НД;Внутренние двери деревянные размером 970*2080мм;;;5;
;0%;153 д;01.07.26;30.11.26;09.11.26;28.12.26;50 д;;;3;СМР;1102;1311;;;НД;РЕКЛАМА;;;4;
;0%;153 д;01.07.26;30.11.26;09.11.26;28.12.26;50 д;;;4;СМР;1103;1312;1039ОН+40 д;;НД;Номерация h=1,8 м (1 цифра);;;5;
;0%;153 д;01.07.26;30.11.26;09.11.26;28.12.26;50 д;;;4;СМР;1104;1313;1039ОН+40 д;;НД;Номерация h=1,8 м (1 световая цифра);;;5;
;0%;153 д;01.07.26;30.11.26;09.11.26;28.12.26;50 д;;;4;СМР;1105;1314;1039ОН+40 д;;НД;Буквенное обозначение h=1м (например, BLOCK А);;;5;
;0%;153 д;01.07.26;30.11.26;09.11.26;28.12.26;50 д;;;4;СМР;1106;1315;1039ОН+40 д;;НД;Буквенное обозначение h=1м (например, BLOCK А - световая);;;5;
;0%;153 д;01.07.26;30.11.26;09.11.26;28.12.26;50 д;;;4;СМР;1107;1316;1039ОН+40 д;;НД;Логотип на стене (световые буквы h=1 м) INDASTRIAL CITY;;;5;
;0%;153 д;01.07.26;30.11.26;09.11.26;28.12.26;50 д;;;4;СМР;1108;1317;1039ОН+40 д;;НД;Логотип на стене (световые буквы h=3 м) INDASTRIAL CITY;;;5;
;0%;153 д;01.07.26;30.11.26;09.11.26;28.12.26;50 д;;;4;СМР;1109;1318;1039ОН+40 д;;НД;Логотип на кровле 21х21 м из ПВХ мембраны INDASTRIAL CITY;;;5;
;0%;153 д;01.07.26;30.11.26;09.11.26;28.12.26;50 д;;;4;СМР;1110;1319;1039ОН+40 д;;НД;Художественная покраска стен;;;5;
b9e45c24-4dea-11f0-a555-005056026d24;0%;153 д;01.08.26;31.12.26;01.10.24;30.10.24;30 д;;;3;СМР;1111;1320;;;НД;КЛИНИНГ;Лот №30. Клининг;;4;
;0%;153 д;01.08.26;31.12.26;01.10.24;30.10.24;30 д;;;4;СМР;1112;1321;;;НД;Клининг;;;5;
;0%;760 д;01.10.24;30.10.26;13.06.26;16.10.26;126 д;;;2;СМР;1113;1328;;;НД;Блок КПП;;;3;
81e66355-570e-11f0-a555-005056026d24;0%;760 д;01.10.24;30.10.26;13.06.26;26.09.26;106 д;;;3;СМР;1114;1329;;;НД;КОРОБКА, КРОВЛЯ, СТЕНЫ;Лот №08. Коробка, кровля, стены;;4;
57d09122-4dc9-11f0-a555-005056026d24;0%;62 д;01.07.26;31.08.26;13.06.26;22.07.26;40 д;;;4;СМР;1115;1331;;;НД;Фундаменты монолитные;8.2. Фундаменты монолитные;;4;
;0%;62 д;01.07.26;31.08.26;13.06.26;22.07.26;40 д;;;5;СМР;1116;1332;479ОН+1 д;"1118ОН+1 д;1262";НД;Устройство монолитной железобетонной плиты под КПП и технические помещения (в тч земляные работы, основание песок, щебень, гидроизоляция);;;5;
89d4a1fd-4dc9-11f0-a555-005056026d24;0%;62 д;01.07.26;31.08.26;24.07.26;17.08.26;25 д;;;4;СМР;1117;1337;;;НД;Металлические конструкции;8.5. Металлические конструкции;;4;
;0%;62 д;01.07.26;31.08.26;24.07.26;17.08.26;25 д;;;5;СМР;1118;1338;1116ОН+1 д;"1120;1122ОН+1 д;1140;1262";НД;Монтаж балок перекрытий, колонн, опор под оборудование;;;5;
29911e79-4dca-11f0-a555-005056026d24;0%;62 д;01.07.26;31.08.26;18.08.26;22.08.26;5 д;;;4;СМР;1119;1348;;;НД;Профилированный лист;8.6. Профилированный лист;;4;
;0%;62 д;01.07.26;31.08.26;18.08.26;22.08.26;5 д;;;5;СМР;1120;1349;1118;"1124;1262";НД;Монтаж перекрытий из профилированного листа Н114-750-0.7, в т.ч. метизы;;;5;
1fb58214-4dc9-11f0-a555-005056026d24;0%;62 д;01.07.26;31.08.26;19.08.26;07.09.26;20 д;;;4;СМР;1121;1351;;;НД;Ограждающие конструкции;8.7. Ограждающие конструкции;;4;
;0%;62 д;01.07.26;31.08.26;19.08.26;07.09.26;20 д;;;5;СМР;1122;1352;1118ОН+1 д;"1131;1134;1135;1137;1139;1142;1158;1159;1160;1161;1162;1163;1164;1165;1262";НД;Монтаж сэндвич-панелей толщиной 120мм;;;5;
d85d6bcd-4dc8-11f0-a555-005056026d24;0%;62 д;01.07.26;31.08.26;23.08.26;26.09.26;35 д;;;4;СМР;1123;1359;;;НД;Кровля;8.8. Кровля;;4;
;0%;62 д;01.07.26;31.08.26;23.08.26;27.08.26;5 д;;;5;СМР;1124;1360;1120;"1125;1262";НД;Устройство пароизоляции;;;5;
;0%;62 д;01.07.26;31.08.26;28.08.26;01.09.26;5 д;;;5;СМР;1125;1361;1124;"1126;1262";НД;Утепление покрытий PIR 60 мм;;;5;
;0%;62 д;01.07.26;31.08.26;02.09.26;06.09.26;5 д;;;5;СМР;1126;1362;1125;"1127;1262";НД;Утепление покрытий плитами из минеральной ваты 50 мм;;;5;
;0%;62 д;01.07.26;31.08.26;07.09.26;16.09.26;10 д;;;5;СМР;1127;1363;1126;"1128НН+5 д;1145НН+5 д;1146НН+5 д;1147НН+5 д;1148НН+5 д;1149НН+5 д;1150НН+5 д;1152НН+5 д;1153НН+5 д;1262";НД;Устройство плоских однослойных кровель из пвх мембран ecoplast v-rp (1,2 мм) (со сваркой полотен) с укладкой разделительного слоя по утеплителю, с устройством примыканий;;;5;
;0%;62 д;01.07.26;31.08.26;12.09.26;26.09.26;15 д;;;5;СМР;1128;1364;1127НН+5 д;1262;НД;Система дождевой канализации (сифонно-вакуумная система внутреннего водостока) с врезкой в колодец;;;5;
bc870b25-4de6-11f0-a555-005056026d24;0%;92 д;01.07.26;30.09.26;08.09.26;17.09.26;10 д;;;3;СМР;1129;1367;;;НД;ОКНА;Лот №12. Окна;;4;
fcc34f08-4dcb-11f0-a555-005056026d24;0%;92 д;01.07.26;30.09.26;08.09.26;17.09.26;10 д;;;4;СМР;1130;1368;;;НД;Наружные;12.1. Наружные оконные блоки;;4;
;0%;92 д;01.07.26;30.09.26;08.09.26;17.09.26;10 д;;;5;СМР;1131;1369;1122;;НД;Наружные оконные блоки с ламинацией;;;5;
b291b2d8-5733-11f0-a555-005056026d24;0%;92 д;01.07.26;30.09.26;08.09.26;17.09.26;10 д;;;3;СМР;1132;1376;;;НД;ДВЕРИ, РАСПАШНЫЕ ВОРОТА;Лот № 14. Двери, распашные ворота;;4;
5eedf1b9-5733-11f0-a555-005056026d24;0%;92 д;01.07.26;30.09.26;08.09.26;17.09.26;10 д;;;4;СМР;1133;1377;;;НД;Наружные;14.1. Наружные;;4;
;0%;92 д;01.07.26;30.09.26;08.09.26;17.09.26;10 д;;;5;СМР;1134;1378;1122;;НД;Наружные двери металлические утепленные 2080*1670мм;;;5;
;0%;92 д;01.07.26;30.09.26;08.09.26;17.09.26;10 д;;;5;СМР;1135;1379;1122;;НД;Наружные двери металлические утепленные 2080*1260мм;;;5;
ee625ed8-5733-11f0-a555-005056026d24;0%;92 д;01.07.26;30.09.26;08.09.26;17.09.26;10 д;;;4;СМР;1136;1380;;;НД;Внутренние;14.2. Внутренние;;4;
;0%;92 д;01.07.26;30.09.26;08.09.26;17.09.26;10 д;;;5;СМР;1137;1381;1122;;НД;Внутренние противопожарные двери металлические 2080*970мм;;;5;
418d5553-4de7-11f0-a555-005056026d24;0%;92 д;01.07.26;30.09.26;08.09.26;17.09.26;10 д;;;3;СМР;1138;1382;;;НД;КОЗЫРЬКИ;Лот №15. Козырьки;;4;
;0%;92 д;01.07.26;30.09.26;08.09.26;17.09.26;10 д;;;4;СМР;1139;1383;1122;1262;НД;Стеклянный козырек 2х1,2 м (две тяги, тонированное стекло триплекс 8+8);;;5;
78e47229-4de7-11f0-a555-005056026d24;0%;92 д;01.07.26;30.09.26;18.08.26;27.08.26;10 д;;;3;СМР;1140;1384;1118;;НД;ОГНЕЗАЩИТА;Лот №16. Огнезащита;;4;
e24a56ea-4de7-11f0-a555-005056026d24;0%;92 д;01.07.26;30.09.26;08.09.26;17.09.26;10 д;;;3;СМР;1141;1394;;;НД;ДЕКОР ФАСАДОВ;Лот №18. Декор фасадов;;4;
;0%;92 д;01.07.26;30.09.26;08.09.26;17.09.26;10 д;;;4;СМР;1142;1395;1122;"225ОН-153 д;226ОН-153 д";НД;Монтаж ламелей вертикальных, горизонтальных;;;5;
0c7688b7-4de8-11f0-a555-005056026d24;0%;243 д;01.01.26;31.08.26;12.09.26;26.09.26;15 д;;;3;СМР;1143;1396;;;НД;ВНУТРЕННИЕ СЕТИ;Лот №19. Внутренние сети;;4;
ffa94a42-4de7-11f0-a555-005056026d24;0%;243 д;01.01.26;31.08.26;12.09.26;26.09.26;15 д;;;4;СМР;1144;1397;;;НД;ВНУТРЕННИЕ СЕТИ: ВОДОСНАБЖЕНИЕ, ВОДОТВЕДЕНИЕ, ОТОПЛЕНИЕ, ВЕНТИЛЯЦИЯ;19.1. Внутренние сети: Водоснабжение, водоотведение, отопление, вентиляция;;4;
;0%;243 д;01.01.26;31.08.26;12.09.26;26.09.26;15 д;;;5;СМР;1145;1398;1127НН+5 д;"1155НН+10 д;1156НН+10 д;1262";НД;Хозяйственно-бытовой водопровод (холодное и горячее водоснабжение) А+;;;5;
;0%;243 д;01.01.26;31.08.26;12.09.26;26.09.26;15 д;;;5;СМР;1146;1399;1127НН+5 д;1262;НД;Хозяйственно-бытовой водопровод, включая пожарный водопровод (холодное и горячее водоснабжение) Light Industrial;;;5;
;0%;243 д;01.01.26;31.08.26;12.09.26;26.09.26;15 д;;;5;СМР;1147;1400;1127НН+5 д;1262;НД;Система хоз-бытовой и фекальной канализации Light Industrial;;;5;
;0%;243 д;01.01.26;31.08.26;12.09.26;26.09.26;15 д;;;5;СМР;1148;1401;1127НН+5 д;1262;НД;Вентиляция Light Industrial;;;5;
;0%;243 д;01.01.26;31.08.26;12.09.26;26.09.26;15 д;;;5;СМР;1149;1402;1127НН+5 д;1262;НД;Отопление и теплоснабжение Light Industrial;;;5;
;0%;243 д;01.01.26;31.08.26;12.09.26;26.09.26;15 д;;;5;СМР;1150;1403;1127НН+5 д;1262;НД;Отопление и теплоснабжение КПП;;;5;
22f65793-4de8-11f0-a555-005056026d24;0%;243 д;01.01.26;31.08.26;12.09.26;26.09.26;15 д;;;4;СМР;1151;1405;;;НД;ВНУТРЕННИЕ СЕТИ: ЭЛЕТРОСНАБЖЕНИЕ;19.2. Внутренние сети: Электроснабжение;;4;
;0%;243 д;01.01.26;31.08.26;12.09.26;26.09.26;15 д;;;5;СМР;1152;1406;1127НН+5 д;1262;НД;Электроснабжение (ЭОМ) А+;;;5;
;0%;243 д;01.01.26;31.08.26;12.09.26;26.09.26;15 д;;;5;СМР;1153;1407;1127НН+5 д;1262;НД;Светильники А+;;;5;
6bd41379-4de8-11f0-a555-005056026d24;0%;91 д;01.08.26;30.10.26;22.09.26;06.10.26;15 д;;;3;СМР;1154;1415;;;НД;ОТДЕЛОЧНЫЕ РАБОТЫ;Лот №20. Отделочные работы;;4;
;0%;91 д;01.08.26;30.10.26;22.09.26;06.10.26;15 д;;;4;СМР;1155;1416;1145НН+10 д;"225ОН-153 д;226ОН-153 д;1167;1265";НД;"Отделочные работы (потолок - окраска, сан.узел - грильято; стены - штукатурка под бетон, сан.узел - керамогранит/окраска; полы - ламинат; перегородки - ГКЛВ/ГКЛВО). Двери, окна, лестница -НЕ ВХОДЯТ В СТОИМОСТЬ.";;;5;
;0%;91 д;01.08.26;30.10.26;22.09.26;06.10.26;15 д;;;4;СМР;1156;1419;1145НН+10 д;1265;НД;Внутренние двери деревянные размером 970*2080мм;;;5;
;0%;91 д;01.08.26;30.10.26;08.09.26;17.09.26;10 д;;;3;СМР;1157;1420;;;НД;РЕКЛАМА;;;4;
;0%;91 д;01.08.26;30.10.26;08.09.26;17.09.26;10 д;;;4;СМР;1158;1421;1122;;НД;Номерация h=1,8 м (1 цифра);;;5;
;0%;91 д;01.08.26;30.10.26;08.09.26;17.09.26;10 д;;;4;СМР;1159;1422;1122;;НД;Номерация h=1,8 м (1 световая цифра);;;5;
;0%;91 д;01.08.26;30.10.26;08.09.26;17.09.26;10 д;;;4;СМР;1160;1423;1122;;НД;Буквенное обозначение h=1м (например, BLOCK А);;;5;
;0%;91 д;01.08.26;30.10.26;08.09.26;17.09.26;10 д;;;4;СМР;1161;1424;1122;;НД;Буквенное обозначение h=1м (например, BLOCK А - световая);;;5;
;0%;91 д;01.08.26;30.10.26;08.09.26;17.09.26;10 д;;;4;СМР;1162;1425;1122;;НД;Логотип на стене (световые буквы h=1 м) INDASTRIAL CITY;;;5;
;0%;91 д;01.08.26;30.10.26;08.09.26;17.09.26;10 д;;;4;СМР;1163;1426;1122;;НД;Логотип на стене (световые буквы h=3 м) INDASTRIAL CITY;;;5;
;0%;91 д;01.08.26;30.10.26;08.09.26;17.09.26;10 д;;;4;СМР;1164;1427;1122;;НД;Логотип на кровле 21х21 м из ПВХ мембраны INDASTRIAL CITY;;;5;
;0%;91 д;01.08.26;30.10.26;08.09.26;17.09.26;10 д;;;4;СМР;1165;1428;1122;;НД;Художественная покраска стен;;;5;
b9e45c24-4dea-11f0-a555-005056026d24;0%;91 д;01.07.26;29.09.26;07.10.26;16.10.26;10 д;;;3;СМР;1166;1429;;;НД;КЛИНИНГ;Лот №30. Клининг;;4;
;0%;91 д;01.07.26;29.09.26;07.10.26;16.10.26;10 д;;;4;СМР;1167;1430;1155;;НД;Клининг;;;5;
35f260ea-5751-11f0-a555-005056026d24;0%;518 д;30.09.26;30.09.26;01.10.24;10.04.27;922 д;;;1;СМР;1168;1489;;;НД;ВНУТРЕННЯЯ ПРИЕМКА ОБЪЕКТА УК;55.11. Разрешение на ввод бъекта в эксплуатацию;;2;
;0%;30 д;30.09.26;30.09.26;22.12.26;31.12.26;10 д;;;2;СМР;1169;1490;"1266;1267;1268;1263;1264";;НД;Приказ о внутренней приемке объекта . Состав участников: Строит. Управление, Сл Тех Надзора, Сл. Экспл, Сл. Заказчика, УК, представитель ЧОО;;;5;
;0%;60 д;30.09.26;30.09.26;22.12.26;20.01.27;30 д;;;2;СМР;1170;1491;"1266;1267;1268;1263;1264";;НД;Проверка документации на соответствие построенному объекту: ИРД, ПД, РД, ИД, Справки о выполнении ТУ (журналы, паспорта, сертификаты и т.д.);;;5;
;0%;60 д;30.09.26;30.09.26;22.12.26;20.01.27;30 д;;;2;СМР;1171;1492;"1266;1267;1268;1263;1264";1172;НД;Локальные проведения испытаний по каждой системе;;;5;
;0%;60 д;30.09.26;30.09.26;21.01.27;25.01.27;5 д;;;2;СМР;1172;1493;1171;1173;НД;Акт о проведении локальных испытаний по каждой системе в отдельности;;;5;
;0%;60 д;30.09.26;30.09.26;26.01.27;04.02.27;10 д;;;2;СМР;1173;1494;1172;;НД;Программа проведения комплексных испытаний, согласованная всеми участниками;;;5;
;0%;60 д;30.09.26;30.09.26;01.10.24;30.10.24;30 д;;;2;СМР;1174;1495;;"1225;1175";НД;Проведение комплексных испытаний (НВК, ВК, ЭОМ, ЭС, Газ и т. Д.);;;5;
;0%;60 д;30.09.26;30.09.26;31.10.24;04.11.24;5 д;;;2;СМР;1175;1496;1174;;НД;Акт о проведении комплексных испытаний;;;5;
;0%;60 д;30.09.26;30.09.26;10.02.27;11.03.27;30 д;;;2;СМР;1176;1497;"1266;1267;1268;1263;1264;1265";;НД;Проверка журналов по должной осмотрительности;;;5;
;0%;60 д;30.09.26;30.09.26;10.02.27;11.03.27;30 д;;;2;СМР;1177;1498;"1266;1267;1268;1263;1264;1265";;НД;Подготовка актов//протоколов// дефектовочной ведомости по результатам проведения работ графика;;;5;
;0%;60 д;30.09.26;30.09.26;10.02.27;11.03.27;30 д;;;2;СМР;1178;1499;"1266;1267;1268;1263;1264;1265";1179;НД;акт о приемке в гарантийную эксплуатацию сроком 2 года на смр и 1 год на инженерное оборудование с ДАТЫ получения Разрешения на ВВОД и даты устранения последнего замечания по дефектовочной ведомости;;;5;
;0%;91 д;30.09.26;30.09.26;12.03.27;10.04.27;30 д;;;2;СМР;1179;1500;1178;;НД;Сформированная документация для передачи Резиденту : ИРД, ПД, РД, ИД . ПРИМЕЧАНИЕ: (в случае не единого складского комплекса, а разделенного по боксам), ВСЯ ДОКУМЕНТАЦИЯ формируется на каждый бокс, в части инженерных сетей, систем, оборудования, вкл. все ;;;5;
;0%;91 д;30.09.26;30.09.26;07.12.26;05.01.27;30 д;;;2;СМР;1180;1501;"1266ОН-15 д;1267ОН-15 д;1268ОН-15 д;1263ОН-15 д;1264ОН-15 д";;НД;* Исполнительная съемка с фактическим метражом по каждой сети, с учетом балансового разграничения между балансом Резидента и УК;;;5;
;0%;61 д;30.09.26;30.09.26;10.02.27;14.02.27;5 д;;;2;СМР;1181;1502;"1266;1267;1268;1263;1264;1265";;НД;* Акт показаний приборов учета после выхода СУ с объекта;;;5;
;0%;0 д;НД;НД;25.08.26;06.03.27;194 д;;;1;;1182;1960;;;НД;ПУСК ГАЗА И ЭЛЕКТРИЧЕСТВА;;;2;
35f260ea-5751-11f0-a555-005056026d24;0%;306 д;30.09.26;30.09.26;06.09.26;05.10.26;30 д;;;2;СМР;1183;1503;;;НД;Сдача сети НВК:;55.11. Разрешение на ввод бъекта в эксплуатацию;;4;
;0%;242 д;30.09.26;30.09.26;06.09.26;05.10.26;30 д;;;3;СМР;1184;1504;1268;1225;НД;Получение от сетевой организацией  Акта ТП и заключение единого договора водоснабжения и водоотведения;;;5;
35f260ea-5751-11f0-a555-005056026d24;0%;59 д;30.09.26;30.09.26;24.09.26;12.12.26;80 д;;;2;СМР;1185;1505;;;НД;Сдача сети электроснабжения:;55.11. Разрешение на ввод бъекта в эксплуатацию;;4;
;0%;59 д;30.09.26;30.09.26;24.09.26;03.10.26;10 д;;;3;СМР;1186;1506;1266;1187;НД;Проведение РЭС проверки о выполнении ТУ;;;5;
;0%;59 д;30.09.26;30.09.26;04.10.26;08.10.26;5 д;;;3;СМР;1187;1507;1186;1188ОН-10 д;НД;Получение в РЭС акта осмотра электроустановки;;;5;
;0%;59 д;30.09.26;30.09.26;29.09.26;18.10.26;20 д;;;3;СМР;1188;1508;1187ОН-10 д;1189;НД;Формирование и подача пакета документов в Ростехнадзор для сдачи ТП в эксплуатацию;;;5;
;0%;59 д;30.09.26;30.09.26;19.10.26;02.11.26;15 д;;;3;СМР;1189;1509;1188;"1190;1191";НД;Получение Акта осмотра ТП и разрешения на допуск в эксплуатацию электроустановки в Ростехнадзоре;;;5;
;0%;59 д;30.09.26;30.09.26;03.11.26;12.11.26;10 д;;;3;СМР;1190;1510;1189;1225;НД;Получение  акта о выполнении ТУ и акта ТП от сетевой организации;;;5;
;0%;59 д;30.09.26;30.09.26;03.11.26;12.11.26;10 д;;;3;СМР;1191;1511;1189;1192;НД;Получение  актов о допуске в эксплуатацию приборов учета ;;;5;
;0%;59 д;30.09.26;30.09.26;13.11.26;12.12.26;30 д;;;3;СМР;1192;1512;1191;1282;НД;Заключение со сбытовой организаций йдоговора энергоснабжения объекта. Пуск по постоянной схеме;;;5;
35f260ea-5751-11f0-a555-005056026d24;0%;306 д;30.09.26;30.09.26;25.08.26;26.12.26;124 д;;90 дней;2;СМР;1193;1513;;;НД;Сдача сети газоснабжения:;55.11. Разрешение на ввод бъекта в эксплуатацию;;4;
;0%;242 д;30.09.26;30.09.26;01.10.24;01.10.24;0 д;;Привязать к началу СМР сети по газу;3;СМР;1194;1514;;;НД;Заключение Договора на осуществление строительного контроля, либо Приказ на строительный контроль  (тех.надзор РЭС);;;5;
;0%;30 д;30.09.26;30.09.26;24.09.26;03.10.26;10 д;;;3;СМР;1195;1515;1267;1196;НД;Заключение договора на выполнение работ по монтажу, прохождению метрологической экспертизы УУГ и сдаче в эксплуатацию коммерческого узла учета газа, включая разработку технического решения, в т.ч.:;;;5;
;0%;31 д;30.09.26;30.09.26;04.10.26;23.10.26;20 д;;;3;СМР;1196;1516;1195;1205;НД;"Вызов представителя Службы режимов газоснабжения филиала ГУП МО ""Мособлгаз"" на приемку УУГ в эксплуатацию. Приемка УУГ в экспл.";;;5;
;0%;62 д;30.09.26;30.09.26;25.08.26;03.10.26;40 д;;;3;СМР;1197;1517;1267ОН-30 д;"1208;1203ОН-20 д";НД;Подготовка и формирование исполнительно-технической документации по газоснабжению объекта (ГСВ, ГСН, УУГ);;;5;
;0%;62 д;30.09.26;30.09.26;24.09.26;03.10.26;10 д;;;3;СМР;1198;1518;1267;;НД;"Проведение замеров сигнализатора загазованности филиалом ГУП МО ""Мособлгаз"" , получение Акта проверки работы сигнализатора загазованности";;;5;
;0%;62 д;30.09.26;30.09.26;24.09.26;03.10.26;10 д;;;3;СМР;1199;1519;1267;;НД;"Проверка филиалом ГУП МО ""Мособлгаз"" изолир. Фланца , Получение справки о проверке изолирующих соединений";;;5;
;0%;62 д;30.09.26;30.09.26;24.09.26;03.10.26;10 д;;;3;СМР;1200;1520;1267;;НД;Акт ВДПО (акт осмотра дымовых каналов);;;5;
;0%;62 д;30.09.26;30.09.26;24.09.26;03.10.26;10 д;;;3;СМР;1201;1521;1267;;НД;Акт/Протокол на Заземление газоиспользующего оборудования;;;5;
;0%;62 д;30.09.26;30.09.26;24.09.26;03.10.26;10 д;;;3;СМР;1202;1522;1267;;НД;Получение справки о принадлежности ГРС;;;5;
;0%;61 д;30.09.26;30.09.26;14.09.26;03.10.26;20 д;;;3;СМР;1203;1523;1197ОН-20 д;;НД;План ликвидаций аварийных ситуаций ПЛАС;;;5;
;0%;31 д;30.09.26;30.09.26;24.09.26;03.10.26;10 д;;;3;СМР;1204;1524;1267;;НД;"Заключение Договора на ТО шкафа Аксон с филиалом ГУП МО ""Мособлгаз""";;;5;
;0%;31 д;30.09.26;30.09.26;24.10.26;02.11.26;10 д;;;3;СМР;1205;1525;1196;1208;НД;Заключение Договора на техническое (сервисное) обслуживание газового оборудования, узла учета газа при приемке узла учета газа;;;5;
;0%;31 д;30.09.26;30.09.26;24.09.26;03.10.26;10 д;;;3;СМР;1206;1526;1267;1208;НД;Заключение Договора на техническое обслуживание построенного газопровода;;;5;
;0%;31 д;30.09.26;30.09.26;24.09.26;03.10.26;10 д;;;3;СМР;1207;1527;1267;1208;НД;Заключение Договора на эксплуатацию котельных;;;5;
;0%;31 д;30.09.26;30.09.26;03.11.26;12.11.26;10 д;;;3;СМР;1208;1528;"1197;1205;1206;1207";"1209;1210";НД;"Согласование исполнительно-технической документации в филиале ГУП МО ""Мособлгаз"" (ГСВ, ГСН, УУГ)";;;5;
;0%;62 д;30.09.26;30.09.26;13.11.26;19.11.26;7 д;;;3;СМР;1209;1529;1208;1211;НД;Подписание Формы 13А (Акт проверки измерительного комплекса природного газа на соответствие нормативной, технической и проектной документации) и Формы 13Б (Акт приемки измерительного комплекса в качестве коммерческого узла учета газа) по результатам прием;;;5;
;0%;62 д;30.09.26;30.09.26;13.11.26;19.11.26;7 д;;;3;СМР;1210;1530;1208;1211;НД;Подписание Акта приемки законченного строительством объекта газораспределительной системы (Форма 2) по результатам выполнения СМР.;;;5;
;0%;62 д;30.09.26;30.09.26;20.11.26;26.11.26;7 д;;;3;СМР;1211;1531;"1209;1210";1212;НД;Подписание ИТД у Ростехнадзора (РТН) - Форма 2 (газопровод ТП) - Форма 2 (газопровод КЧ наружный) - Форма 6 (ГРП) - Форма 13 (котельная, газоиспользующее оборудование);;;5;
;0%;31 д;30.09.26;30.09.26;27.11.26;06.12.26;10 д;;;3;СМР;1212;1532;1211;1213;НД;"Заключение Договора на поставку газа с ООО ""Мособлгазпоставка""";;;5;
;0%;31 д;30.09.26;30.09.26;07.12.26;11.12.26;5 д;;;3;СМР;1213;1533;1212;1214;НД;"Заключение Договора на транспортировку газа (технического соглашения о порядке учета газа) с филиалом ГУП МО ""Мособлгаз""";;;5;
;0%;274 д;30.09.26;30.09.26;12.12.26;16.12.26;5 д;;;3;СМР;1214;1534;1213;"1215;1283;1225";НД;Пуск газа;;;4;
;0%;32 д;30.09.26;30.09.26;17.12.26;26.12.26;10 д;;;3;СМР;1215;1535;1214;1217;НД;"Подготовка филиалом ГУП МО ""Мособлгаз"" и подписание Акта ТП и  разграничения балансовой принадлежности на построенный газопровод";;;5;
;0%;0 д;30.09.26;30.09.26;27.12.26;06.03.27;70 д;;;2;;1216;1536;;;НД;ПНР газового оборудования;;;;
;0%;61 д;30.09.26;30.09.26;27.12.26;24.02.27;60 д;;;3;СМР;1217;1537;1215;1218;НД;Пуско-наладочные работы (по газу);;;5;
;0%;61 д;30.09.26;30.09.26;25.02.27;06.03.27;10 д;;;3;СМР;1218;1538;1217;;НД;Подписание Акта сдачи-приемки пусконаладочных работ (Форма 14а) , подписание документов с Ростехнадзором;;;5;
35f260ea-5751-11f0-a555-005056026d24;0%;153 д;30.12.26;30.12.26;22.11.26;31.01.27;71 д;;;1;СМР;1219;1539;;;НД;РАБОТЫ ВЫПОЛНЯЕМЫЕ ПО ОКОНЧАНИЮ СТРОИТЕЛЬНО-МОНТАЖНЫХ РАБОТ;55.11. Разрешение на ввод бъекта в эксплуатацию;;2;
;0%;62 д;30.09.26;30.09.26;21.12.26;21.12.26;0 д;;без отдел. Финишных работ;2;СМР;1220;1540;"1263;1269";"1223НН-30 д;1224НН-30 д;1221ОН-30 д;1222НН;1225";НД;Строительная готовность объекта для ЗОС;;;5;
;0%;62 д;01.07.26;31.08.26;22.11.26;22.01.27;62 д;;;2;СМР;1221;1541;1220ОН-30 д;;НД;Лабораторные исследование (тепловизия, энергетический паспорт, радон, воздух, земля, кратность воздухообмена и т.д.) 4 строения;;;5;
;0%;62 д;01.07.26;31.08.26;22.12.26;20.01.27;30 д;;;2;СМР;1222;1542;1220НН;;НД;Проверка ИТД (договор ИВ);;;5;
;0%;92 д;15.10.26;15.10.26;22.11.26;20.01.27;60 д;;;2;СМР;1223;1543;1220НН-30 д;;НД;Подготовка технического плана ;;;5;
;0%;92 д;15.10.26;15.10.26;22.11.26;20.01.27;60 д;;;2;СМР;1224;1544;1220НН-30 д;;НД;Подготовка технического плана на вспомогательные здания (при необходимости);;;5;
;0%;62 д;15.10.26;15.10.26;22.12.26;10.01.27;20 д;;;2;СМР;1225;1545;"1174;1184;1190;1220;1214";1226;НД;Проведение итоговой проверки ГАСН;;;5;
;0%;30 д;15.10.26;15.10.26;11.01.27;15.01.27;5 д;;;2;СМР;1226;1546;1225;1227;НД;Получение акта итоговой проверки ГАСН;;;5;
;0%;30 д;15.10.26;15.10.26;16.01.27;20.01.27;5 д;;;2;СМР;1227;1547;1226;"1284;1228;1229";НД;Получение Заключения о соответствии построенного объекта капитального строительства требованиям технических регламентов и проектной документации (ЗОС);;;5;
;0%;61 д;15.11.26;15.11.26;21.01.27;25.01.27;5 д;;;2;СМР;1228;1548;1227;;НД;Присвоение адреса объектам недвижимости (Строение 4 шт, КПП 1шт);;;5;
;0%;31 д;15.11.26;15.11.26;21.01.27;25.01.27;5 д;;;2;СМР;1229;1549;1227;1230;НД;Оплата государственной пошлины;;;5;
35f260ea-5751-11f0-a555-005056026d24;0%;30 д;15.11.26;15.11.26;26.01.27;31.01.27;6 д;;;2;СМР;1230;1550;1229;"1233;1234ОН+30 д;1285";НД;РАЗРЕШЕНИЕ НА ВВОД ОБЪЕКТА В ЭКСПЛУАТАЦИЮ 1 этап;55.11. Разрешение на ввод бъекта в эксплуатацию;;5;
;0%;881 д;30.03.27;30.03.27;01.02.27;28.04.27;87 д;;;1;ЗИО;1231;1455;;;НД;ЗИО;;;2;
3706eae4-5751-11f0-a555-005056026d24;0%;120 д;15.12.26;15.12.26;01.02.27;01.04.27;60 д;;;2;ЗИО;1232;1456;;;НД;Право 1. ГКУ и ПРАВО СТРОЕНИЯ И СООРУЖЕНИЯ ;55.12. ГКУ и право;;4;
;0%;30 д;15.12.26;15.12.26;01.02.27;15.02.27;15 д;;;3;СМР;1233;1457;1230;"1236;1286";НД;Право 1. Постановка Строений на ГКУ и регистрация права собственности;;;5;
;0%;28 д;15.12.26;15.12.26;03.03.27;01.04.27;30 д;;;3;СМР;1234;1458;1230ОН+30 д;;НД;Постановка вспомогательных зданий на ГКУ и регистрация права собственности;;;5;
;0%;92 д;28.02.27;28.02.27;16.02.27;03.04.27;47 д;;;2;ЗИО;1235;1459;;;НД;Этап .  ВЫКУП ЗЕМЕЛЬНОГО УЧАСТКА;;;4;
;0%;31 д;28.02.27;28.02.27;16.02.27;07.03.27;20 д;;;3;СМР;1236;1460;1233;1237;НД;Подготовка протокола одобрения крупной сделки/Распоряжение о выкупе ЗУ;;;5;
;0%;31 д;28.02.27;28.02.27;08.03.27;14.03.27;7 д;;;3;СМР;1237;1461;1236;1238;НД;Заключение ДКП на выкуп земельного участка;;;5;
;0%;31 д;28.02.27;28.02.27;15.03.27;19.03.27;5 д;;;3;СМР;1238;1462;1237;1239;НД;Оплата по ДКП - окончательный расчет;;;5;
;0%;31 д;28.02.27;28.02.27;20.03.27;24.03.27;5 д;;;3;СМР;1239;1463;1238;1240;НД;Подписание Акта-приема-передачи З/У;;;5;
;0%;31 д;28.02.27;28.02.27;25.03.27;29.03.27;5 д;;;3;СМР;1240;1464;1239;1241;НД;Оплата государственной пошлины;;;5;
;0%;31 д;28.02.27;28.02.27;30.03.27;03.04.27;5 д;;;3;СМР;1241;1465;1240;"1250;1255ОН-15 д;1244;1246ОН-15 д;1287";НД;Регистрация ДКП (совместно с КРМО, собственником ЗУ);;;5;
;0%;0 д;30.03.27;30.03.27;20.03.27;28.04.27;40 д;;;2;;1242;1466;;;НД;Право 2 . ЗУ И ПОМЕЩЕНИЯ;;;4;
;0%;120 д;30.03.27;30.03.27;20.03.27;28.04.27;40 д;;;3;ЗИО;1243;1467;;;НД;Этап .  ПОСТАНОВКА ПОМЕЩЕНИЙ НА КАДАСТРОВЫЙ УЧЕТ;;;4;
;0%;31 д;30.03.27;30.03.27;04.04.27;13.04.27;10 д;;;4;СМР;1244;1468;1241;1245;НД;Ходатайство в Банк о согласии на раздел зданий и получение согласия;;;5;
;0%;61 д;30.03.27;30.03.27;14.04.27;18.04.27;5 д;;;4;СМР;1245;1469;1244;;НД;Получение согласия Собственника ЗУ на раздел зданий;;;5;
;0%;31 д;30.03.27;30.03.27;20.03.27;13.04.27;25 д;;;4;СМР;1246;1470;1241ОН-15 д;1247ОН-5 д;НД;Разработка технического плана на помещения в зданиях;;;5;
;0%;31 д;30.03.27;30.03.27;09.04.27;13.04.27;5 д;;;4;СМР;1247;1471;1246ОН-5 д;1248;НД;Оплата госпошлин за регистрацию прав на помещения;;;5;
;0%;28 д;30.03.27;30.03.27;14.04.27;28.04.27;15 д;;;4;СМР;1248;1472;1247;1288;НД;Постановка на ГКУ и регистрация прав на помещения (Право2 помещения);;;5;
;0%;90 д;30.03.27;30.03.27;20.03.27;28.04.27;40 д;;;3;ЗИО;1249;1473;;;НД;Этап .  МЕЖЕВАНИЕ ЗУ ПОД ОБЪЕКТАМИ НЕДВИЖИМОСТИ;;;4;
;0%;28 д;30.03.27;30.03.27;04.04.27;13.04.27;10 д;;;4;СМР;1250;1474;1241;"1251;1252;1253;1254";НД;Ходатайство в Банк о согласии на межевание з/у и получение согласия;;;5;
;0%;59 д;30.03.27;30.03.27;14.04.27;18.04.27;5 д;;;4;СМР;1251;1475;1250;;НД;Получение согласия Собственника ЗУ на межевание земельного участка;;;5;
;0%;90 д;30.03.27;30.03.27;14.04.27;18.04.27;5 д;;;4;СМР;1252;1476;1250;;НД;Подготовка и подписание Протокола обеспечения доступа к образуемому з/у от имени КРМО, Собственника ЗУ;;;5;
;0%;31 д;30.03.27;30.03.27;14.04.27;18.04.27;5 д;;;4;СМР;1253;1477;1250;;НД;Подготовка и подписание Протокола обеспечения доступа к образуемым з/у от имени;;;5;
;0%;31 д;30.03.27;30.03.27;14.04.27;18.04.27;5 д;;;4;СМР;1254;1478;1250;;НД;Подготовка Протокола раздела земельного участками схемы раздела з/у;;;5;
;0%;31 д;30.03.27;30.03.27;20.03.27;13.04.27;25 д;;;4;СМР;1255;1479;1241ОН-15 д;1256ОН-5 д;НД;Разработка межевого плана по разделу земельного участка под объектами недвижимости;;;5;
;0%;31 д;30.03.27;30.03.27;09.04.27;13.04.27;5 д;;;4;СМР;1256;1480;1255ОН-5 д;1257;НД;Оплата госпошлин для гос. регистрации права на образованные в результате раздела з.у.;;;5;
;0%;28 д;30.03.27;30.03.27;14.04.27;28.04.27;15 д;;;4;СМР;1257;1481;1256;1288;НД;Постановка на ГКУ и регистрация права на образованные в результате раздела з.у. (Право2 ЗУ);;;5;
;0%;1277 д?;30.09.26;30.09.26;05.09.26;09.02.27;157 д;;;1;СМР;1258;1482;;;НД;ВЕХИ СМР;;;2;
;0%;0 д;30.09.26;30.09.26;21.12.26;21.12.26;0 д;;;2;Ковенанты;1259;1440;"744;745;746;755ОН-64 д;722;724;726;728;730;731;732;733;734;736;740;739;741;742;747;748;751;752;793;794;795;796;797;798;800;801;802;803;804;806;807;808;761;763";1263;НД;Завершение СМР по блоку А до ЗОС;;;5;
;0%;0 д;30.09.26;30.09.26;22.10.26;22.10.26;0 д;;;2;Ковенанты;1260;1439;"887;888;889;890;891;892;893;895;896;897;898;899;901;902;903";1263;НД;Завершение СМР по блоку  U1. U2 до ЗОС;;;5;
;0%;0 д;30.09.26;30.09.26;13.11.26;13.11.26;0 д;;;2;Ковенанты;1261;1438;"924;926;928;930;931;932;933;934;935;936;937;938;940;941;945;944;946;948;949;950;951;952;953;954;974;978;982;983;984;987;988;989;990;991;992;993;995;996;997;998;999;1001;1002;1003;943";1263;НД;Завершение СМР по блоку  U3. U4 до ЗОС;;;5;
;0%;0 д;30.09.26;30.09.26;26.09.26;26.09.26;0 д;;;2;Ковенанты;1262;1436;"1116;1118;1120;1122;1124;1125;1126;1127;1128;1139;1145;1146;1147;1148;1149;1150;1152;1153";1263;НД;Завершение СМР по КПП до ЗОС;;;5;
;0%;1 д?;30.09.26;30.09.26;21.12.26;21.12.26;0 д;;;2;СМР;1263;1486;"1259;1260;1261;1262";"1220;1171;1169;1170;1176;1177;1178;1180ОН-15 д;1181";01.06.26;Завершение СМР по блокам;;;5;
;0%;0 д;30.09.26;30.09.26;23.09.26;23.09.26;0 д;;;2;;1264;1487;"750;846;945;1029";"1171;1169;1170;1176;1177;1178;1180ОН-15 д;1181";НД;Завершение СМР по техническим помещениям;;;5;
;0%;0 д;30.10.26;30.10.26;09.02.27;09.02.27;0 д;;;2;;1265;1488;"810;811;812;813;905;906;907;908;1005;1006;1007;1008;1155;1156";"1176;1177;1178;1181";01.12.26;Завершение работ по отделке;;;5;
;0%;0 д;30.09.26;30.09.26;23.09.26;23.09.26;0 д;;;2;;1266;1483;"688;689;690;691;692;693;694;695;696;697;698;699";"1186;1171;1169;1170;1176;1177;1178;1180ОН-15 д;1181";НД;Завершение работ по эл.сетям + оборудование;;;5;
;0%;0 д;30.09.26;30.09.26;23.09.26;23.09.26;0 д;;;2;;1267;1484;"702;703;704;705;706;707";"1171;1169;1170;1176;1177;1178;1180ОН-15 д;1181;1195;1204;1207;1206;1202;1201;1200;1197ОН-30 д;1198;1199";НД;Завершение работ по газовым сетям + оборудование;;;5;
;0%;0 д;30.09.26;30.09.26;05.09.26;05.09.26;0 д;;;2;;1268;1485;"666;667;668;669;670;671;672;673;674;675;676;677;678;679;680;688ОН+90 д";"1184;1171;1169;1170;1176;1177;1178;1180ОН-15 д;1181";01.06.26;Завершение работ по НВК и оборудование;;;5;
;0%;0 д;30.09.26;30.09.26;08.12.26;08.12.26;0 д;;;2;Ковенанты;1269;1437;"1053;1054;1034;1033;1032;1031;1030;1086;1087;1088;1089;1091;1092;1093;1096";1220;НД;Завершение СМР по ЗАВОД до ЗОС;;;5;
;0%;819 д;30.03.27;30.03.27;01.10.24;28.04.27;940 д;;;1;Ковенанты;1270;1551;;;НД;КОВЕНАНТЫ;;;2;
;0%;0 д;31.12.24;31.12.24;01.10.24;01.10.24;0 д;;;2;Ковенанты;1271;962;;;НД;ГПЗУ ;;;5;
;0%;0 д;31.03.25;31.03.25;29.01.25;29.01.25;0 д;;;2;Ковенанты;1272;963;"171;172;173;174;175;176;177;178;179;180;181;182;183;184;185;186;187;188;189";;НД;Стадия П;;;5;
;0%;0 д;30.06.26;30.06.26;30.04.26;30.04.26;0 д;;;2;Ковенанты;1273;964;"191;192;193;194;195;196;197;198;199;200;201;202;203;204;205;206;207;208;209";;НД;Корректировка стадии П;;;5;
;0%;0 д;30.06.25;30.06.25;30.04.25;30.04.25;0 д;;;2;Ковенанты;1274;965;"149;150;151;152;153;154;155;407;408;409;410;411;412";;НД;стадия РД;;;5;
;0%;0 д;28.02.25;28.02.25;01.10.24;01.10.24;0 д;;;2;Ковенанты;1275;966;;;НД;СЗЗ;;;5;
;0%;0 д;30.04.25;30.04.25;28.02.25;28.02.25;0 д;;;2;Ковенанты;1276;967;220;;НД;Экспертиза;;;5;
;0%;0 д;31.07.26;31.07.26;31.05.26;31.05.26;0 д;;;2;Ковенанты;1277;968;224;;НД;Корректировка экспертизы;;;5;
;0%;0 д;31.05.25;31.05.25;31.03.25;31.03.25;0 д;;;2;Ковенанты;1278;969;222;;НД;Разрешение РС;;;5;
;0%;0 д;01.08.25;01.08.25;01.10.24;01.10.24;0 д;;;2;Ковенанты;1279;970;;;НД;КОД, ОТКР. ФИНАНС. (начало финансирования);;;5;
;0%;0 д;01.06.25;01.06.25;01.04.25;01.04.25;0 д;;;2;Ковенанты;1280;971;558НН;;НД;СМР (начало);;;5;
;0%;0 д;31.08.26;31.08.26;03.10.26;03.10.26;0 д;;;2;Ковенанты;1281;974;227;;НД;Корректировка РС;;;5;
;0%;0 д;30.09.26;30.09.26;12.12.26;12.12.26;0 д;;;2;Ковенанты;1282;1553;1192;;НД;Пуск электричества;;;5;
;0%;0 д;30.09.26;30.09.26;16.12.26;16.12.26;0 д;;;2;Ковенанты;1283;1554;1214;;НД;Пуск газа;;;5;
;0%;0 д;30.10.26;30.10.26;20.01.27;20.01.27;0 д;;;2;Ковенанты;1284;1555;1227;;НД;ЗОС;;;5;
;0%;0 д;30.11.26;30.11.26;31.01.27;31.01.27;0 д;;;2;Ковенанты;1285;1556;1230;;НД;РВ ;;;5;
;0%;0 д;30.12.26;30.12.26;15.02.27;15.02.27;0 д;;;2;Ковенанты;1286;1557;1233;;НД;Право 1;;;5;
;0%;0 д;28.02.27;28.02.27;03.04.27;03.04.27;0 д;;;2;Ковенанты;1287;1558;1241;;НД;ВЫКУП ЗУ ;;;5;
;0%;0 д;30.12.26;30.12.26;28.04.27;28.04.27;0 д;;;2;Ковенанты;1288;2036;"1248;1257";;НД;Право 2;;;5;
